id,key,db_path,db_name,label_zh,group,mode,source_category,status,note
item_2023158576,2023158576,Items.2023158576,Items.2023158576,技能点奖励 +1,skill,both,SkillPointReward,IMPLEMENTED_UNVERIFIED,
item_1329478279,1329478279,Items.1329478279,Items.1329478279,Cash_100k,xp,both,TrainerItemDB,REWARD_ITEM_CANDIDATE,single-player AddItem path; persistence unverified
item_303771026,303771026,Items.303771026,Items.303771026,Cash_10k,xp,both,TrainerItemDB,REWARD_ITEM_CANDIDATE,single-player AddItem path; persistence unverified
item_1831495566,1831495566,Items.1831495566,Items.1831495566,Cash_25k,xp,both,TrainerItemDB,REWARD_ITEM_CANDIDATE,single-player AddItem path; persistence unverified
item_353535310,353535310,Items.353535310,Items.353535310,Cash_50k,xp,both,TrainerItemDB,REWARD_ITEM_CANDIDATE,single-player AddItem path; persistence unverified
item_997982060,997982060,Items.997982060,Items.997982060,Cash_5k,xp,both,TrainerItemDB,REWARD_ITEM_CANDIDATE,single-player AddItem path; persistence unverified
item_1809950053,1809950053,Items.1809950053,Items.1809950053,Cash_75k,xp,both,TrainerItemDB,REWARD_ITEM_CANDIDATE,single-player AddItem path; persistence unverified
item_2496339441,2496339441,Items.2496339441,Items.2496339441,Code_Comp_3,xp,both,TrainerItemDB,REWARD_ITEM_CANDIDATE,single-player AddItem path; persistence unverified
item_2608161459,2608161459,Items.2608161459,Items.2608161459,Drug_Comp_3,xp,both,TrainerItemDB,REWARD_ITEM_CANDIDATE,single-player AddItem path; persistence unverified
item_3441694538,3441694538,Items.3441694538,Items.3441694538,Exp_Comp_3,xp,both,TrainerItemDB,REWARD_ITEM_CANDIDATE,single-player AddItem path; persistence unverified
item_4155199944,4155199944,Items.4155199944,Items.4155199944,经验奖励 +1000,xp,both,ProgressionBonus,IMPLEMENTED_UNVERIFIED,
item_3844013606,3844013606,Items.3844013606,Items.3844013606,经验奖励 +2000,xp,both,ProgressionBonus,IMPLEMENTED_UNVERIFIED,
item_3244641630,3244641630,Items.3244641630,Items.3244641630,经验奖励 +500,xp,both,ProgressionBonus,IMPLEMENTED_UNVERIFIED,
item_2026489503,2026489503,Items.2026489503,Items.2026489503,经验奖励 +5000,xp,both,ProgressionBonus,IMPLEMENTED_UNVERIFIED,
item_3566817738,3566817738,Items.3566817738,Items.3566817738,MainMissions,mission_xp_main,both,TrainerItemDB,REWARD_ITEM_CANDIDATE,single-player AddItem path; persistence unverified
item_3485618524,3485618524,Items.3485618524,Items.3485618524,MainMissions.Act_01,mission_xp_main,both,TrainerItemDB,REWARD_ITEM_CANDIDATE,single-player AddItem path; persistence unverified
item_1432493591,1432493591,Items.1432493591,Items.1432493591,MainMissions.Act_01.Ignore01,mission_xp_main,both,TrainerItemDB,REWARD_ITEM_CANDIDATE,single-player AddItem path; persistence unverified
item_1652375998,1652375998,Items.1652375998,Items.1652375998,MainMissions.Act_01.Ignore01.A01_M02,mission_xp_main,both,TrainerItemDB,REWARD_ITEM_CANDIDATE,single-player AddItem path; persistence unverified
item_3154230050,3154230050,Items.3154230050,Items.3154230050,MainMissions.Act_01.Ignore02,mission_xp_main,both,TrainerItemDB,REWARD_ITEM_CANDIDATE,single-player AddItem path; persistence unverified
item_291977268,291977268,Items.291977268,Items.291977268,MainMissions.Act_01.Ignore02.A01_M04,mission_xp_main,both,TrainerItemDB,REWARD_ITEM_CANDIDATE,single-player AddItem path; persistence unverified
item_3406203828,3406203828,Items.3406203828,Items.3406203828,MainMissions.Act_01.Ignore03,mission_xp_main,both,TrainerItemDB,REWARD_ITEM_CANDIDATE,single-player AddItem path; persistence unverified
item_102509687,102509687,Items.102509687,Items.102509687,MainMissions.Act_01.Ignore03.A01_M05,mission_xp_main,both,TrainerItemDB,REWARD_ITEM_CANDIDATE,single-player AddItem path; persistence unverified
item_3580919532,3580919532,Items.3580919532,Items.3580919532,MainMissions.Act_01.Ignore04,mission_xp_main,both,TrainerItemDB,REWARD_ITEM_CANDIDATE,single-player AddItem path; persistence unverified
item_3023181381,3023181381,Items.3023181381,Items.3023181381,MainMissions.Act_01.Ignore04.A01_M11,mission_xp_main,both,TrainerItemDB,REWARD_ITEM_CANDIDATE,single-player AddItem path; persistence unverified
item_3429584813,3429584813,Items.3429584813,Items.3429584813,MainMissions.Act_01.Mission_01,mission_xp_main,both,TrainerItemDB,REWARD_ITEM_CANDIDATE,single-player AddItem path; persistence unverified
item_1542487419,1542487419,Items.1542487419,Items.1542487419,MainMissions.Act_01.Mission_01.A01_M01,mission_xp_main,both,TrainerItemDB,REWARD_ITEM_CANDIDATE,single-player AddItem path; persistence unverified
item_577056385,577056385,Items.577056385,Items.577056385,MainMissions.Act_01.Mission_03,mission_xp_main,both,TrainerItemDB,REWARD_ITEM_CANDIDATE,single-player AddItem path; persistence unverified
item_1963349501,1963349501,Items.1963349501,Items.1963349501,MainMissions.Act_01.Mission_03.A01_M03,mission_xp_main,both,TrainerItemDB,REWARD_ITEM_CANDIDATE,single-player AddItem path; persistence unverified
item_1376770574,1376770574,Items.1376770574,Items.1376770574,MainMissions.Act_01.Mission_06,mission_xp_main,both,TrainerItemDB,REWARD_ITEM_CANDIDATE,single-player AddItem path; persistence unverified
item_1066471602,1066471602,Items.1066471602,Items.1066471602,MainMissions.Act_01.Mission_06.A01_M06,mission_xp_main,both,TrainerItemDB,REWARD_ITEM_CANDIDATE,single-player AddItem path; persistence unverified
item_621341336,621341336,Items.621341336,Items.621341336,MainMissions.Act_01.Mission_07,mission_xp_main,both,TrainerItemDB,REWARD_ITEM_CANDIDATE,single-player AddItem path; persistence unverified
item_686425329,686425329,Items.686425329,Items.686425329,MainMissions.Act_01.Mission_07.A01_M07,mission_xp_main,both,TrainerItemDB,REWARD_ITEM_CANDIDATE,single-player AddItem path; persistence unverified
item_3048732425,3048732425,Items.3048732425,Items.3048732425,MainMissions.Act_01.Mission_08,mission_xp_main,both,TrainerItemDB,REWARD_ITEM_CANDIDATE,single-player AddItem path; persistence unverified
item_4149463840,4149463840,Items.4149463840,Items.4149463840,MainMissions.Act_01.Mission_08.A01_M08,mission_xp_main,both,TrainerItemDB,REWARD_ITEM_CANDIDATE,single-player AddItem path; persistence unverified
item_3266365343,3266365343,Items.3266365343,Items.3266365343,MainMissions.Act_01.Mission_09,mission_xp_main,both,TrainerItemDB,REWARD_ITEM_CANDIDATE,single-player AddItem path; persistence unverified
item_3760775011,3760775011,Items.3760775011,Items.3760775011,MainMissions.Act_01.Mission_09.A01_M09,mission_xp_main,both,TrainerItemDB,REWARD_ITEM_CANDIDATE,single-player AddItem path; persistence unverified
item_2725727866,2725727866,Items.2725727866,Items.2725727866,MainMissions.Act_01.Mission_10,mission_xp_main,both,TrainerItemDB,REWARD_ITEM_CANDIDATE,single-player AddItem path; persistence unverified
item_2739470854,2739470854,Items.2739470854,Items.2739470854,MainMissions.Act_01.Mission_10.A01_M10,mission_xp_main,both,TrainerItemDB,REWARD_ITEM_CANDIDATE,single-player AddItem path; persistence unverified
item_1672352234,1672352234,Items.1672352234,Items.1672352234,MainMissions.Act_01.Mission_Drive,mission_xp_main,both,TrainerItemDB,REWARD_ITEM_CANDIDATE,single-player AddItem path; persistence unverified
item_3088098085,3088098085,Items.3088098085,Items.3088098085,MainMissions.Act_01.Mission_Drive.A01_D00,mission_xp_main,both,TrainerItemDB,REWARD_ITEM_CANDIDATE,single-player AddItem path; persistence unverified
item_1456144614,1456144614,Items.1456144614,Items.1456144614,MainMissions.Act_02,mission_xp_main,both,TrainerItemDB,REWARD_ITEM_CANDIDATE,single-player AddItem path; persistence unverified
item_3153435997,3153435997,Items.3153435997,Items.3153435997,MainMissions.Act_02.Ignore04,mission_xp_main,both,TrainerItemDB,REWARD_ITEM_CANDIDATE,single-player AddItem path; persistence unverified
item_4099485873,4099485873,Items.4099485873,Items.4099485873,MainMissions.Act_02.Ignore04.A02_M01,mission_xp_main,both,TrainerItemDB,REWARD_ITEM_CANDIDATE,single-player AddItem path; persistence unverified
item_2733550620,2733550620,Items.2733550620,Items.2733550620,MainMissions.Act_02.Ignore05,mission_xp_main,both,TrainerItemDB,REWARD_ITEM_CANDIDATE,single-player AddItem path; persistence unverified
item_41970382,41970382,Items.41970382,Items.41970382,MainMissions.Act_02.Ignore05.A02_M11,mission_xp_main,both,TrainerItemDB,REWARD_ITEM_CANDIDATE,single-player AddItem path; persistence unverified
item_586992871,586992871,Items.586992871,Items.586992871,MainMissions.Act_02.Mission_02,mission_xp_main,both,TrainerItemDB,REWARD_ITEM_CANDIDATE,single-player AddItem path; persistence unverified
item_1423793614,1423793614,Items.1423793614,Items.1423793614,MainMissions.Act_02.Mission_02.A02_M02,mission_xp_main,both,TrainerItemDB,REWARD_ITEM_CANDIDATE,single-player AddItem path; persistence unverified
item_1442577521,1442577521,Items.1442577521,Items.1442577521,MainMissions.Act_02.Mission_03,mission_xp_main,both,TrainerItemDB,REWARD_ITEM_CANDIDATE,single-player AddItem path; persistence unverified
item_882997531,882997531,Items.882997531,Items.882997531,MainMissions.Act_02.Mission_03.A02_M03,mission_xp_main,both,TrainerItemDB,REWARD_ITEM_CANDIDATE,single-player AddItem path; persistence unverified
item_3416222162,3416222162,Items.3416222162,Items.3416222162,MainMissions.Act_02.Mission_04,mission_xp_main,both,TrainerItemDB,REWARD_ITEM_CANDIDATE,single-player AddItem path; persistence unverified
item_3466887537,3466887537,Items.3466887537,Items.3466887537,MainMissions.Act_02.Mission_04.A02_M04,mission_xp_main,both,TrainerItemDB,REWARD_ITEM_CANDIDATE,single-player AddItem path; persistence unverified
item_3164100932,3164100932,Items.3164100932,Items.3164100932,MainMissions.Act_02.Mission_05,mission_xp_main,both,TrainerItemDB,REWARD_ITEM_CANDIDATE,single-player AddItem path; persistence unverified
item_2933433764,2933433764,Items.2933433764,Items.2933433764,MainMissions.Act_02.Mission_05.A02_M05,mission_xp_main,both,TrainerItemDB,REWARD_ITEM_CANDIDATE,single-player AddItem path; persistence unverified
item_630262014,630262014,Items.630262014,Items.630262014,MainMissions.Act_02.Mission_06,mission_xp_main,both,TrainerItemDB,REWARD_ITEM_CANDIDATE,single-player AddItem path; persistence unverified
item_240961755,240961755,Items.240961755,Items.240961755,MainMissions.Act_02.Mission_06.A02_M06,mission_xp_main,both,TrainerItemDB,REWARD_ITEM_CANDIDATE,single-player AddItem path; persistence unverified
item_1385576552,1385576552,Items.1385576552,Items.1385576552,MainMissions.Act_02.Mission_07,mission_xp_main,both,TrainerItemDB,REWARD_ITEM_CANDIDATE,single-player AddItem path; persistence unverified
item_1847651342,1847651342,Items.1847651342,Items.1847651342,MainMissions.Act_02.Mission_07.A02_M07,mission_xp_main,both,TrainerItemDB,REWARD_ITEM_CANDIDATE,single-player AddItem path; persistence unverified
item_3257476601,3257476601,Items.3257476601,Items.3257476601,MainMissions.Act_02.Mission_08a,mission_xp_main,both,TrainerItemDB,REWARD_ITEM_CANDIDATE,single-player AddItem path; persistence unverified
item_556154446,556154446,Items.556154446,Items.556154446,MainMissions.Act_02.Mission_08a.A02_M08a,mission_xp_main,both,TrainerItemDB,REWARD_ITEM_CANDIDATE,single-player AddItem path; persistence unverified
item_3256532210,3256532210,Items.3256532210,Items.3256532210,MainMissions.Act_02.Mission_08c,mission_xp_main,both,TrainerItemDB,REWARD_ITEM_CANDIDATE,single-player AddItem path; persistence unverified
item_2230478068,2230478068,Items.2230478068,Items.2230478068,MainMissions.Act_02.Mission_08c.A02_M08c,mission_xp_main,both,TrainerItemDB,REWARD_ITEM_CANDIDATE,single-player AddItem path; persistence unverified
item_729356743,729356743,Items.729356743,Items.729356743,MainMissions.Act_02.Mission_08e,mission_xp_main,both,TrainerItemDB,REWARD_ITEM_CANDIDATE,single-player AddItem path; persistence unverified
item_4159184254,4159184254,Items.4159184254,Items.4159184254,MainMissions.Act_02.Mission_08e.A02_M08e,mission_xp_main,both,TrainerItemDB,REWARD_ITEM_CANDIDATE,single-player AddItem path; persistence unverified
item_3039696239,3039696239,Items.3039696239,Items.3039696239,MainMissions.Act_02.Mission_09a,mission_xp_main,both,TrainerItemDB,REWARD_ITEM_CANDIDATE,single-player AddItem path; persistence unverified
item_1096424091,1096424091,Items.1096424091,Items.1096424091,MainMissions.Act_02.Mission_09a.A02_M09a,mission_xp_main,both,TrainerItemDB,REWARD_ITEM_CANDIDATE,single-player AddItem path; persistence unverified
item_2886122789,2886122789,Items.2886122789,Items.2886122789,MainMissions.Act_02.Mission_09b,mission_xp_main,both,TrainerItemDB,REWARD_ITEM_CANDIDATE,single-player AddItem path; persistence unverified
item_189541151,189541151,Items.189541151,Items.189541151,MainMissions.Act_02.Mission_09b.A02_M09b,mission_xp_main,both,TrainerItemDB,REWARD_ITEM_CANDIDATE,single-player AddItem path; persistence unverified
item_3674312115,3674312115,Items.3674312115,Items.3674312115,MainMissions.Act_02.Mission_09c,mission_xp_main,both,TrainerItemDB,REWARD_ITEM_CANDIDATE,single-player AddItem path; persistence unverified
item_473382748,473382748,Items.473382748,Items.473382748,MainMissions.Act_02.Mission_09c.A02_M09c,mission_xp_main,both,TrainerItemDB,REWARD_ITEM_CANDIDATE,single-player AddItem path; persistence unverified
item_3588856970,3588856970,Items.3588856970,Items.3588856970,MainMissions.Act_02.Mission_10,mission_xp_main,both,TrainerItemDB,REWARD_ITEM_CANDIDATE,single-player AddItem path; persistence unverified
item_1660702235,1660702235,Items.1660702235,Items.1660702235,MainMissions.Act_02.Mission_10.A02_M10,mission_xp_main,both,TrainerItemDB,REWARD_ITEM_CANDIDATE,single-player AddItem path; persistence unverified
item_1289801008,1289801008,Items.1289801008,Items.1289801008,MainMissions.Act_02.Mission_13,mission_xp_main,both,TrainerItemDB,REWARD_ITEM_CANDIDATE,single-player AddItem path; persistence unverified
item_1809201304,1809201304,Items.1809201304,Items.1809201304,MainMissions.Act_02.Mission_13.A02_M13,mission_xp_main,both,TrainerItemDB,REWARD_ITEM_CANDIDATE,single-player AddItem path; persistence unverified
item_567029872,567029872,Items.567029872,Items.567029872,MainMissions.Act_03,mission_xp_main,both,TrainerItemDB,REWARD_ITEM_CANDIDATE,single-player AddItem path; persistence unverified
item_780884224,780884224,Items.780884224,Items.780884224,MainMissions.Act_03.Ignore06,mission_xp_main,both,TrainerItemDB,REWARD_ITEM_CANDIDATE,single-player AddItem path; persistence unverified
item_607986141,607986141,Items.607986141,Items.607986141,MainMissions.Act_03.Ignore06.A03_M09,mission_xp_main,both,TrainerItemDB,REWARD_ITEM_CANDIDATE,single-player AddItem path; persistence unverified
item_961273971,961273971,Items.961273971,Items.961273971,MainMissions.Act_03.Ignore07,mission_xp_main,both,TrainerItemDB,REWARD_ITEM_CANDIDATE,single-player AddItem path; persistence unverified
item_1743212936,1743212936,Items.1743212936,Items.1743212936,MainMissions.Act_03.Ignore07.A03_M11,mission_xp_main,both,TrainerItemDB,REWARD_ITEM_CANDIDATE,single-player AddItem path; persistence unverified
item_2688725449,2688725449,Items.2688725449,Items.2688725449,MainMissions.Act_03.Ignore08,mission_xp_main,both,TrainerItemDB,REWARD_ITEM_CANDIDATE,single-player AddItem path; persistence unverified
item_615136813,615136813,Items.615136813,Items.615136813,MainMissions.Act_03.Ignore08.A03_M12,mission_xp_main,both,TrainerItemDB,REWARD_ITEM_CANDIDATE,single-player AddItem path; persistence unverified
item_658314539,658314539,Items.658314539,Items.658314539,MainMissions.Act_03.Ignore09,mission_xp_main,both,TrainerItemDB,REWARD_ITEM_CANDIDATE,single-player AddItem path; persistence unverified
item_3418332898,3418332898,Items.3418332898,Items.3418332898,MainMissions.Act_03.Ignore09.A03_M05,mission_xp_main,both,TrainerItemDB,REWARD_ITEM_CANDIDATE,single-player AddItem path; persistence unverified
item_1502374294,1502374294,Items.1502374294,Items.1502374294,MainMissions.Act_03.Ignore10,mission_xp_main,both,TrainerItemDB,REWARD_ITEM_CANDIDATE,single-player AddItem path; persistence unverified
item_1145111816,1145111816,Items.1145111816,Items.1145111816,MainMissions.Act_03.Ignore10.A03_M08,mission_xp_main,both,TrainerItemDB,REWARD_ITEM_CANDIDATE,single-player AddItem path; persistence unverified
item_542167346,542167346,Items.542167346,Items.542167346,MainMissions.Act_03.Mission_01,mission_xp_main,both,TrainerItemDB,REWARD_ITEM_CANDIDATE,single-player AddItem path; persistence unverified
item_2436762615,2436762615,Items.2436762615,Items.2436762615,MainMissions.Act_03.Mission_01.IgnoreA03_M01,mission_xp_main,both,TrainerItemDB,REWARD_ITEM_CANDIDATE,single-player AddItem path; persistence unverified
item_3109650568,3109650568,Items.3109650568,Items.3109650568,MainMissions.Act_03.Mission_02,mission_xp_main,both,TrainerItemDB,REWARD_ITEM_CANDIDATE,single-player AddItem path; persistence unverified
item_834299528,834299528,Items.834299528,Items.834299528,MainMissions.Act_03.Mission_02.A03_M02,mission_xp_main,both,TrainerItemDB,REWARD_ITEM_CANDIDATE,single-player AddItem path; persistence unverified
item_3462311966,3462311966,Items.3462311966,Items.3462311966,MainMissions.Act_03.Mission_03,mission_xp_main,both,TrainerItemDB,REWARD_ITEM_CANDIDATE,single-player AddItem path; persistence unverified
item_1371947613,1371947613,Items.1371947613,Items.1371947613,MainMissions.Act_03.Mission_03.A03_M03,mission_xp_main,both,TrainerItemDB,REWARD_ITEM_CANDIDATE,single-player AddItem path; persistence unverified
item_1345988029,1345988029,Items.1345988029,Items.1345988029,MainMissions.Act_03.Mission_04,mission_xp_main,both,TrainerItemDB,REWARD_ITEM_CANDIDATE,single-player AddItem path; persistence unverified
item_2881731127,2881731127,Items.2881731127,Items.2881731127,MainMissions.Act_03.Mission_04.A03_M04,mission_xp_main,both,TrainerItemDB,REWARD_ITEM_CANDIDATE,single-player AddItem path; persistence unverified
item_3191096465,3191096465,Items.3191096465,Items.3191096465,MainMissions.Act_03.Mission_06,mission_xp_main,both,TrainerItemDB,REWARD_ITEM_CANDIDATE,single-player AddItem path; persistence unverified
item_1799091101,1799091101,Items.1799091101,Items.1799091101,MainMissions.Act_03.Mission_06.A03_M06,mission_xp_main,both,TrainerItemDB,REWARD_ITEM_CANDIDATE,single-player AddItem path; persistence unverified
item_3375592455,3375592455,Items.3375592455,Items.3375592455,MainMissions.Act_03.Mission_07,mission_xp_main,both,TrainerItemDB,REWARD_ITEM_CANDIDATE,single-player AddItem path; persistence unverified
item_189257544,189257544,Items.189257544,Items.189257544,MainMissions.Act_03.Mission_07.A03_M07,mission_xp_main,both,TrainerItemDB,REWARD_ITEM_CANDIDATE,single-player AddItem path; persistence unverified
item_1313657061,1313657061,Items.1313657061,Items.1313657061,MainMissions.Act_03.Mission_10,mission_xp_main,both,TrainerItemDB,REWARD_ITEM_CANDIDATE,single-player AddItem path; persistence unverified
item_127628637,127628637,Items.127628637,Items.127628637,MainMissions.Act_03.Mission_10.A03_M10,mission_xp_main,both,TrainerItemDB,REWARD_ITEM_CANDIDATE,single-player AddItem path; persistence unverified
item_3215500755,3215500755,Items.3215500755,Items.3215500755,MainMissions.Act_04,mission_xp_main,both,TrainerItemDB,REWARD_ITEM_CANDIDATE,single-player AddItem path; persistence unverified
item_1422407869,1422407869,Items.1422407869,Items.1422407869,MainMissions.Act_04.Mission_01,mission_xp_main,both,TrainerItemDB,REWARD_ITEM_CANDIDATE,single-player AddItem path; persistence unverified
item_1887087972,1887087972,Items.1887087972,Items.1887087972,MainMissions.Act_04.Mission_01.A04_M01,mission_xp_main,both,TrainerItemDB,REWARD_ITEM_CANDIDATE,single-player AddItem path; persistence unverified
item_3452004615,3452004615,Items.3452004615,Items.3452004615,MainMissions.Act_04.Mission_02,mission_xp_main,both,TrainerItemDB,REWARD_ITEM_CANDIDATE,single-player AddItem path; persistence unverified
item_3506356251,3506356251,Items.3506356251,Items.3506356251,MainMissions.Act_04.Mission_02.A01_M02,mission_xp_main,both,TrainerItemDB,REWARD_ITEM_CANDIDATE,single-player AddItem path; persistence unverified
item_3133561233,3133561233,Items.3133561233,Items.3133561233,MainMissions.Act_04.Mission_03,mission_xp_main,both,TrainerItemDB,REWARD_ITEM_CANDIDATE,single-player AddItem path; persistence unverified
item_2961368270,2961368270,Items.2961368270,Items.2961368270,MainMissions.Act_04.Mission_03.A04_M03,mission_xp_main,both,TrainerItemDB,REWARD_ITEM_CANDIDATE,single-player AddItem path; persistence unverified
item_614648882,614648882,Items.614648882,Items.614648882,MainMissions.Act_04.Mission_04,mission_xp_main,both,TrainerItemDB,REWARD_ITEM_CANDIDATE,single-player AddItem path; persistence unverified
item_1250368676,1250368676,Items.1250368676,Items.1250368676,MainMissions.Act_04.Mission_04.A04_M04,mission_xp_main,both,TrainerItemDB,REWARD_ITEM_CANDIDATE,single-player AddItem path; persistence unverified
item_1403387044,1403387044,Items.1403387044,Items.1403387044,MainMissions.Act_04.Mission_05,mission_xp_main,both,TrainerItemDB,REWARD_ITEM_CANDIDATE,single-player AddItem path; persistence unverified
item_721107057,721107057,Items.721107057,Items.721107057,MainMissions.Act_04.Mission_05.A04_M05,mission_xp_main,both,TrainerItemDB,REWARD_ITEM_CANDIDATE,single-player AddItem path; persistence unverified
item_3400314142,3400314142,Items.3400314142,Items.3400314142,MainMissions.Act_04.Mission_06,mission_xp_main,both,TrainerItemDB,REWARD_ITEM_CANDIDATE,single-player AddItem path; persistence unverified
item_2323600654,2323600654,Items.2323600654,Items.2323600654,MainMissions.Act_04.Mission_06.A04_M06,mission_xp_main,both,TrainerItemDB,REWARD_ITEM_CANDIDATE,single-player AddItem path; persistence unverified
item_3182140808,3182140808,Items.3182140808,Items.3182140808,MainMissions.Act_04.Mission_07,mission_xp_main,both,TrainerItemDB,REWARD_ITEM_CANDIDATE,single-player AddItem path; persistence unverified
item_3926094299,3926094299,Items.3926094299,Items.3926094299,MainMissions.Act_04.Mission_07.A04_M07,mission_xp_main,both,TrainerItemDB,REWARD_ITEM_CANDIDATE,single-player AddItem path; persistence unverified
item_756318233,756318233,Items.756318233,Items.756318233,MainMissions.Act_04.Mission_08,mission_xp_main,both,TrainerItemDB,REWARD_ITEM_CANDIDATE,single-player AddItem path; persistence unverified
item_2768610203,2768610203,Items.2768610203,Items.2768610203,MainMissions.Act_04.Mission_08.A04_M08,mission_xp_main,both,TrainerItemDB,REWARD_ITEM_CANDIDATE,single-player AddItem path; persistence unverified
item_3366950213,3366950213,Items.3366950213,Items.3366950213,MainMissions.Act_05,mission_xp_main,both,TrainerItemDB,REWARD_ITEM_CANDIDATE,single-player AddItem path; persistence unverified
item_560141822,560141822,Items.560141822,Items.560141822,MainMissions.Act_05.Ignore09,mission_xp_main,both,TrainerItemDB,REWARD_ITEM_CANDIDATE,single-player AddItem path; persistence unverified
item_486887672,486887672,Items.486887672,Items.486887672,MainMissions.Act_05.Ignore09.A05_M03,mission_xp_main,both,TrainerItemDB,REWARD_ITEM_CANDIDATE,single-player AddItem path; persistence unverified
item_3204939869,3204939869,Items.3204939869,Items.3204939869,MainMissions.Act_05.Ignore10,mission_xp_main,both,TrainerItemDB,REWARD_ITEM_CANDIDATE,single-player AddItem path; persistence unverified
item_1141118081,1141118081,Items.1141118081,Items.1141118081,MainMissions.Act_05.Ignore10.A05_M04,mission_xp_main,both,TrainerItemDB,REWARD_ITEM_CANDIDATE,single-player AddItem path; persistence unverified
item_3480057042,3480057042,Items.3480057042,Items.3480057042,MainMissions.Act_05.Mission_01,mission_xp_main,both,TrainerItemDB,REWARD_ITEM_CANDIDATE,single-player AddItem path; persistence unverified
item_3724351826,3724351826,Items.3724351826,Items.3724351826,MainMissions.Act_05.Mission_01.A05_M01,mission_xp_main,both,TrainerItemDB,REWARD_ITEM_CANDIDATE,single-player AddItem path; persistence unverified
item_1449403752,1449403752,Items.1449403752,Items.1449403752,MainMissions.Act_05.Mission_02,mission_xp_main,both,TrainerItemDB,REWARD_ITEM_CANDIDATE,single-player AddItem path; persistence unverified
item_3046767453,3046767453,Items.3046767453,Items.3046767453,MainMissions.Act_05.Mission_02.A05_M02,mission_xp_main,both,TrainerItemDB,REWARD_ITEM_CANDIDATE,single-player AddItem path; persistence unverified
item_705646266,705646266,Items.705646266,Items.705646266,test,mission_xp_main,both,TrainerItemDB,REWARD_ITEM_CANDIDATE,single-player AddItem path; persistence unverified
item_486596791,486596791,Items.486596791,Items.486596791,Difficulty,mission_xp_side,both,TrainerItemDB,REWARD_ITEM_CANDIDATE,single-player AddItem path; persistence unverified
item_1052485308,1052485308,Items.1052485308,Items.1052485308,Difficulty.Easy,mission_xp_side,both,TrainerItemDB,REWARD_ITEM_CANDIDATE,single-player AddItem path; persistence unverified
item_3066831865,3066831865,Items.3066831865,Items.3066831865,Difficulty.Hard,mission_xp_side,both,TrainerItemDB,REWARD_ITEM_CANDIDATE,single-player AddItem path; persistence unverified
item_2674701184,2674701184,Items.2674701184,Items.2674701184,Difficulty.Medium,mission_xp_side,both,TrainerItemDB,REWARD_ITEM_CANDIDATE,single-player AddItem path; persistence unverified
item_259511390,259511390,Items.259511390,Items.259511390,DrivingJobs,mission_xp_side,both,TrainerItemDB,REWARD_ITEM_CANDIDATE,single-player AddItem path; persistence unverified
item_1207405678,1207405678,Items.1207405678,Items.1207405678,Lair,mission_xp_side,both,TrainerItemDB,REWARD_ITEM_CANDIDATE,single-player AddItem path; persistence unverified
item_478524244,478524244,Items.478524244,Items.478524244,MobTrap,mission_xp_side,both,TrainerItemDB,REWARD_ITEM_CANDIDATE,single-player AddItem path; persistence unverified
item_788167442,788167442,Items.788167442,Items.788167442,Portal,mission_xp_side,both,TrainerItemDB,REWARD_ITEM_CANDIDATE,single-player AddItem path; persistence unverified
item_1703776408,1703776408,Items.1703776408,Items.1703776408,Portal.Hacking,mission_xp_side,both,TrainerItemDB,REWARD_ITEM_CANDIDATE,single-player AddItem path; persistence unverified
item_330420899,330420899,Items.330420899,Items.330420899,Portal.Hacking.Big,mission_xp_side,both,TrainerItemDB,REWARD_ITEM_CANDIDATE,single-player AddItem path; persistence unverified
item_1298258877,1298258877,Items.1298258877,Items.1298258877,Portal.Hacking.Big.Hacker_HackSuccess,mission_xp_side,both,TrainerItemDB,REWARD_ITEM_CANDIDATE,single-player AddItem path; persistence unverified
item_760318760,760318760,Items.760318760,Items.760318760,Portal.Hacking.Med,mission_xp_side,both,TrainerItemDB,REWARD_ITEM_CANDIDATE,single-player AddItem path; persistence unverified
item_3250004572,3250004572,Items.3250004572,Items.3250004572,Portal.Hacking.Med.HackerBonus_VictimKilled,mission_xp_side,both,TrainerItemDB,REWARD_ITEM_CANDIDATE,single-player AddItem path; persistence unverified
item_2125874876,2125874876,Items.2125874876,Items.2125874876,Portal.Hacking.Med.Hacker_VictimKilled,mission_xp_side,both,TrainerItemDB,REWARD_ITEM_CANDIDATE,single-player AddItem path; persistence unverified
item_3001407019,3001407019,Items.3001407019,Items.3001407019,Portal.Hacking.Med.VictimBonus_HackerKilled,mission_xp_side,both,TrainerItemDB,REWARD_ITEM_CANDIDATE,single-player AddItem path; persistence unverified
item_1157573249,1157573249,Items.1157573249,Items.1157573249,Portal.Hacking.Med.Victim_Detected,mission_xp_side,both,TrainerItemDB,REWARD_ITEM_CANDIDATE,single-player AddItem path; persistence unverified
item_426514073,426514073,Items.426514073,Items.426514073,Portal.Hacking.Med.Victim_HackerKilled,mission_xp_side,both,TrainerItemDB,REWARD_ITEM_CANDIDATE,single-player AddItem path; persistence unverified
item_4144824723,4144824723,Items.4144824723,Items.4144824723,Portal.Hacking.Small,mission_xp_side,both,TrainerItemDB,REWARD_ITEM_CANDIDATE,single-player AddItem path; persistence unverified
item_2385440985,2385440985,Items.2385440985,Items.2385440985,Portal.Hacking.Small.HackerBonus_HackerEscape,mission_xp_side,both,TrainerItemDB,REWARD_ITEM_CANDIDATE,single-player AddItem path; persistence unverified
item_1817825260,1817825260,Items.1817825260,Items.1817825260,Portal.Hacking.Small.Victim_OutOfRange,mission_xp_side,both,TrainerItemDB,REWARD_ITEM_CANDIDATE,single-player AddItem path; persistence unverified
item_3676000853,3676000853,Items.3676000853,Items.3676000853,Portal.Hacking.Small.Victim_Timeout,mission_xp_side,both,TrainerItemDB,REWARD_ITEM_CANDIDATE,single-player AddItem path; persistence unverified
item_228177969,228177969,Items.228177969,Items.228177969,Portal.Tailing,mission_xp_side,both,TrainerItemDB,REWARD_ITEM_CANDIDATE,single-player AddItem path; persistence unverified
item_683018024,683018024,Items.683018024,Items.683018024,Portal.Tailing.Big,mission_xp_side,both,TrainerItemDB,REWARD_ITEM_CANDIDATE,single-player AddItem path; persistence unverified
item_1772858379,1772858379,Items.1772858379,Items.1772858379,Portal.Tailing.Big.Invader_ObservationSucceeded,mission_xp_side,both,TrainerItemDB,REWARD_ITEM_CANDIDATE,single-player AddItem path; persistence unverified
item_1505266682,1505266682,Items.1505266682,Items.1505266682,Portal.Tailing.Big.Victim_InvaderKilled,mission_xp_side,both,TrainerItemDB,REWARD_ITEM_CANDIDATE,single-player AddItem path; persistence unverified
item_374759075,374759075,Items.374759075,Items.374759075,Portal.Tailing.Med,mission_xp_side,both,TrainerItemDB,REWARD_ITEM_CANDIDATE,single-player AddItem path; persistence unverified
item_2049027066,2049027066,Items.2049027066,Items.2049027066,Portal.Tailing.Med.Invader_InvaderEscaped,mission_xp_side,both,TrainerItemDB,REWARD_ITEM_CANDIDATE,single-player AddItem path; persistence unverified
item_2506699534,2506699534,Items.2506699534,Items.2506699534,Portal.Tailing.Med.Invader_VictimKilled,mission_xp_side,both,TrainerItemDB,REWARD_ITEM_CANDIDATE,single-player AddItem path; persistence unverified
item_3653459279,3653459279,Items.3653459279,Items.3653459279,Portal.Tailing.Small,mission_xp_side,both,TrainerItemDB,REWARD_ITEM_CANDIDATE,single-player AddItem path; persistence unverified
item_1473423008,1473423008,Items.1473423008,Items.1473423008,Portal.Tailing.Small.Invader_ObservationFailed,mission_xp_side,both,TrainerItemDB,REWARD_ITEM_CANDIDATE,single-player AddItem path; persistence unverified
item_2723113596,2723113596,Items.2723113596,Items.2723113596,ULC,mission_xp_side,both,TrainerItemDB,REWARD_ITEM_CANDIDATE,single-player AddItem path; persistence unverified
item_3973682782,3973682782,Items.3973682782,Items.3973682782,ULC.Bronze1,mission_xp_side,both,TrainerItemDB,REWARD_ITEM_CANDIDATE,single-player AddItem path; persistence unverified
item_1976616932,1976616932,Items.1976616932,Items.1976616932,ULC.Bronze2,mission_xp_side,both,TrainerItemDB,REWARD_ITEM_CANDIDATE,single-player AddItem path; persistence unverified
item_47708018,47708018,Items.47708018,Items.47708018,ULC.Bronze3,mission_xp_side,both,TrainerItemDB,REWARD_ITEM_CANDIDATE,single-player AddItem path; persistence unverified
item_2629001937,2629001937,Items.2629001937,Items.2629001937,ULC.Bronze4,mission_xp_side,both,TrainerItemDB,REWARD_ITEM_CANDIDATE,single-player AddItem path; persistence unverified
item_3954463303,3954463303,Items.3954463303,Items.3954463303,ULC.Bronze5,mission_xp_side,both,TrainerItemDB,REWARD_ITEM_CANDIDATE,single-player AddItem path; persistence unverified
item_4047635764,4047635764,Items.4047635764,Items.4047635764,ULC.Gold,mission_xp_side,both,TrainerItemDB,REWARD_ITEM_CANDIDATE,single-player AddItem path; persistence unverified
item_2935485706,2935485706,Items.2935485706,Items.2935485706,ULC.Platinum,mission_xp_side,both,TrainerItemDB,REWARD_ITEM_CANDIDATE,single-player AddItem path; persistence unverified
item_3920529709,3920529709,Items.3920529709,Items.3920529709,ULC.SONY,mission_xp_side,both,TrainerItemDB,REWARD_ITEM_CANDIDATE,single-player AddItem path; persistence unverified
item_616409348,616409348,Items.616409348,Items.616409348,ULC.Silver,mission_xp_side,both,TrainerItemDB,REWARD_ITEM_CANDIDATE,single-player AddItem path; persistence unverified
item_2525358789,2525358789,Items.2525358789,Items.2525358789,FamilyMissions,mission_xp_family,both,TrainerItemDB,REWARD_ITEM_CANDIDATE,single-player AddItem path; persistence unverified
item_3716818998,3716818998,Items.3716818998,Items.3716818998,FamilyMissions.Act_01,mission_xp_family,both,TrainerItemDB,REWARD_ITEM_CANDIDATE,single-player AddItem path; persistence unverified
item_837546311,837546311,Items.837546311,Items.837546311,FamilyMissions.Act_01.Family_01,mission_xp_family,both,TrainerItemDB,REWARD_ITEM_CANDIDATE,single-player AddItem path; persistence unverified
item_2615877626,2615877626,Items.2615877626,Items.2615877626,FamilyMissions.Act_01.Family_01.A01_F01,mission_xp_family,both,TrainerItemDB,REWARD_ITEM_CANDIDATE,single-player AddItem path; persistence unverified
item_2833424637,2833424637,Items.2833424637,Items.2833424637,FamilyMissions.Act_01.Family_02,mission_xp_family,both,TrainerItemDB,REWARD_ITEM_CANDIDATE,single-player AddItem path; persistence unverified
item_2724602687,2724602687,Items.2724602687,Items.2724602687,FamilyMissions.Act_01.Family_02.A01_F02,mission_xp_family,both,TrainerItemDB,REWARD_ITEM_CANDIDATE,single-player AddItem path; persistence unverified
item_1149467020,1149467020,Items.1149467020,Items.1149467020,FamilyMissions.Act_02,mission_xp_family,both,TrainerItemDB,REWARD_ITEM_CANDIDATE,single-player AddItem path; persistence unverified
item_2819200838,2819200838,Items.2819200838,Items.2819200838,FamilyMissions.Act_02.Family_01,mission_xp_family,both,TrainerItemDB,REWARD_ITEM_CANDIDATE,single-player AddItem path; persistence unverified
item_951949651,951949651,Items.951949651,Items.951949651,FamilyMissions.Act_02.Family_01.A02_F01,mission_xp_family,both,TrainerItemDB,REWARD_ITEM_CANDIDATE,single-player AddItem path; persistence unverified
item_822134524,822134524,Items.822134524,Items.822134524,FamilyMissions.Act_02.Family_02,mission_xp_family,both,TrainerItemDB,REWARD_ITEM_CANDIDATE,single-player AddItem path; persistence unverified
item_2553934892,2553934892,Items.2553934892,Items.2553934892,FamilyMissions.Act_02.Family_02.A02_F02,mission_xp_family,both,TrainerItemDB,REWARD_ITEM_CANDIDATE,single-player AddItem path; persistence unverified
item_864307482,864307482,Items.864307482,Items.864307482,FamilyMissions.Act_03,mission_xp_family,both,TrainerItemDB,REWARD_ITEM_CANDIDATE,single-player AddItem path; persistence unverified
item_1770473606,1770473606,Items.1770473606,Items.1770473606,FamilyMissions.Act_03.Family_01,mission_xp_family,both,TrainerItemDB,REWARD_ITEM_CANDIDATE,single-player AddItem path; persistence unverified
item_4015986955,4015986955,Items.4015986955,Items.4015986955,FamilyMissions.Act_03.Family_01.A03_F01,mission_xp_family,both,TrainerItemDB,REWARD_ITEM_CANDIDATE,single-player AddItem path; persistence unverified
item_2917194937,2917194937,Items.2917194937,Items.2917194937,FamilyMissions.Act_04,mission_xp_family,both,TrainerItemDB,REWARD_ITEM_CANDIDATE,single-player AddItem path; persistence unverified
item_1086086405,1086086405,Items.1086086405,Items.1086086405,FamilyMissions.Act_04.Family_01,mission_xp_family,both,TrainerItemDB,REWARD_ITEM_CANDIDATE,single-player AddItem path; persistence unverified
item_2774635072,2774635072,Items.2774635072,Items.2774635072,FamilyMissions.Act_04.Family_01.A04_F01,mission_xp_family,both,TrainerItemDB,REWARD_ITEM_CANDIDATE,single-player AddItem path; persistence unverified
item_3652521151,3652521151,Items.3652521151,Items.3652521151,FamilyMissions.Act_04.Family_02,mission_xp_family,both,TrainerItemDB,REWARD_ITEM_CANDIDATE,single-player AddItem path; persistence unverified
item_98959167,98959167,Items.98959167,Items.98959167,FamilyMissions.Act_04.Family_02.A04_F02,mission_xp_family,both,TrainerItemDB,REWARD_ITEM_CANDIDATE,single-player AddItem path; persistence unverified
item_1468785740,1468785740,Items.1468785740,Items.1468785740,Agressor,notoriety,both,TrainerItemDB,REWARD_ITEM_CANDIDATE,single-player AddItem path; persistence unverified
item_2954329281,2954329281,Items.2954329281,Items.2954329281,ConversationTest,notoriety,both,TrainerItemDB,REWARD_ITEM_CANDIDATE,single-player AddItem path; persistence unverified
item_3721747857,3721747857,Items.3721747857,Items.3721747857,LethalXP,notoriety,both,TrainerItemDB,REWARD_ITEM_CANDIDATE,single-player AddItem path; persistence unverified
item_1528345674,1528345674,Items.1528345674,Items.1528345674,NonLethalXP,notoriety,both,TrainerItemDB,REWARD_ITEM_CANDIDATE,single-player AddItem path; persistence unverified
item_1678475335,1678475335,Items.1678475335,Items.1678475335,Test_Text_msg,notoriety,both,TrainerItemDB,REWARD_ITEM_CANDIDATE,single-player AddItem path; persistence unverified
item_915479676,915479676,Items.915479676,Items.915479676,VE1Robbery_V1MuggingFAttract,notoriety,both,TrainerItemDB,REWARD_ITEM_CANDIDATE,single-player AddItem path; persistence unverified
item_360846967,360846967,Items.360846967,Items.360846967,VE1Robbery_V1MuggingFAttract.2,notoriety,both,TrainerItemDB,REWARD_ITEM_CANDIDATE,single-player AddItem path; persistence unverified
item_3865641108,3865641108,Items.3865641108,Items.3865641108,VE1Robbery_V3ShopM,notoriety,both,TrainerItemDB,REWARD_ITEM_CANDIDATE,single-player AddItem path; persistence unverified
item_1536091066,1536091066,Items.1536091066,Items.1536091066,VE1Robbery_V3ShopM.2,notoriety,both,TrainerItemDB,REWARD_ITEM_CANDIDATE,single-player AddItem path; persistence unverified
item_819480636,819480636,Items.819480636,Items.819480636,VE2Assault_V4StrangulationFAttract,notoriety,both,TrainerItemDB,REWARD_ITEM_CANDIDATE,single-player AddItem path; persistence unverified
item_2424477629,2424477629,Items.2424477629,Items.2424477629,VE2Assault_V4StrangulationMAttract,notoriety,both,TrainerItemDB,REWARD_ITEM_CANDIDATE,single-player AddItem path; persistence unverified
item_3171486915,3171486915,Items.3171486915,Items.3171486915,VE2Assault_V4StrangulationMAttract.2,notoriety,both,TrainerItemDB,REWARD_ITEM_CANDIDATE,single-player AddItem path; persistence unverified
item_2196175236,2196175236,Items.2196175236,Items.2196175236,VE3AssaultWithProp_V1ViceRoyBeatUpMAttract,notoriety,both,TrainerItemDB,REWARD_ITEM_CANDIDATE,single-player AddItem path; persistence unverified
item_428334914,428334914,Items.428334914,Items.428334914,VE3AssaultWithProp_V1ViceRoyBeatUpMAttract.2,notoriety,both,TrainerItemDB,REWARD_ITEM_CANDIDATE,single-player AddItem path; persistence unverified
item_2972964494,2972964494,Items.2972964494,Items.2972964494,VE3AssaultWithProp_V2ClubBeatUpMAttract,notoriety,both,TrainerItemDB,REWARD_ITEM_CANDIDATE,single-player AddItem path; persistence unverified
item_866630567,866630567,Items.866630567,Items.866630567,VE3AssaultWithProp_V2ClubBeatUpMAttract.2,notoriety,both,TrainerItemDB,REWARD_ITEM_CANDIDATE,single-player AddItem path; persistence unverified
item_1497468220,1497468220,Items.1497468220,Items.1497468220,VE5Arson_V1PropaneMAttract,notoriety,both,TrainerItemDB,REWARD_ITEM_CANDIDATE,single-player AddItem path; persistence unverified
item_1871577168,1871577168,Items.1871577168,Items.1871577168,VE5Arson_V1PropaneMAttract,notoriety,both,TrainerItemDB,REWARD_ITEM_CANDIDATE,single-player AddItem path; persistence unverified
item_951220361,951220361,Items.951220361,Items.951220361,VE5Arson_V1PropaneMAttract.2,notoriety,both,TrainerItemDB,REWARD_ITEM_CANDIDATE,single-player AddItem path; persistence unverified
item_1251691303,1251691303,Items.1251691303,Items.1251691303,VE6Assassination_V3ViceRoyStandingFrontMAttract,notoriety,both,TrainerItemDB,REWARD_ITEM_CANDIDATE,single-player AddItem path; persistence unverified
item_3116509877,3116509877,Items.3116509877,Items.3116509877,VE6Assassination_V3ViceRoyStandingFrontMAttract.2,notoriety,both,TrainerItemDB,REWARD_ITEM_CANDIDATE,single-player AddItem path; persistence unverified
item_3570428963,3570428963,Items.3570428963,Items.3570428963,VE6Assassination_V3ViceroyStandingFrontMAttract,notoriety,both,TrainerItemDB,REWARD_ITEM_CANDIDATE,single-player AddItem path; persistence unverified
item_2164179398,2164179398,Items.2164179398,Items.2164179398,VE6Assassination_V4ClubStandingFrontMAttract,notoriety,both,TrainerItemDB,REWARD_ITEM_CANDIDATE,single-player AddItem path; persistence unverified
item_4090120259,4090120259,Items.4090120259,Items.4090120259,VE6Assassination_V4ClubStandingFrontMAttract.2,notoriety,both,TrainerItemDB,REWARD_ITEM_CANDIDATE,single-player AddItem path; persistence unverified
item_4036681231,4036681231,Items.4036681231,Items.4036681231,VE6Assassination_V5ViceRoySittingFrontMAttract,notoriety,both,TrainerItemDB,REWARD_ITEM_CANDIDATE,single-player AddItem path; persistence unverified
item_1694128597,1694128597,Items.1694128597,Items.1694128597,VE6Assassination_V5ViceRoySittingFrontMAttract.2,notoriety,both,TrainerItemDB,REWARD_ITEM_CANDIDATE,single-player AddItem path; persistence unverified
item_2325891654,2325891654,Items.2325891654,Items.2325891654,VE6Assassination_V6ClubSittingFrontMAttract,notoriety,both,TrainerItemDB,REWARD_ITEM_CANDIDATE,single-player AddItem path; persistence unverified
item_3121126893,3121126893,Items.3121126893,Items.3121126893,VE6Assassination_V6ClubSittingFrontMAttract,notoriety,both,TrainerItemDB,REWARD_ITEM_CANDIDATE,single-player AddItem path; persistence unverified
item_3882324483,3882324483,Items.3882324483,Items.3882324483,VE6Assassination_V6ClubSittingFrontMAttract.2,notoriety,both,TrainerItemDB,REWARD_ITEM_CANDIDATE,single-player AddItem path; persistence unverified
item_1455565769,1455565769,Items.1455565769,Items.1455565769,VEMissionSpecific_A01_M01b,notoriety,both,TrainerItemDB,REWARD_ITEM_CANDIDATE,single-player AddItem path; persistence unverified
item_881691094,881691094,Items.881691094,Items.881691094,VEMissionSpecific_A01_M01b.2,notoriety,both,TrainerItemDB,REWARD_ITEM_CANDIDATE,single-player AddItem path; persistence unverified
item_1224852687,1224852687,Items.1224852687,Items.1224852687,Victim,notoriety,both,TrainerItemDB,REWARD_ITEM_CANDIDATE,single-player AddItem path; persistence unverified
item_3875129109,3875129109,Items.3875129109,Items.3875129109,Notification,ctos_rewards,both,TrainerItemDB,REWARD_ITEM_CANDIDATE,single-player AddItem path; persistence unverified
item_109206230,109206230,Items.109206230,Items.109206230,Notification.AudioFiles,ctos_rewards,both,TrainerItemDB,REWARD_ITEM_CANDIDATE,single-player AddItem path; persistence unverified
item_3303095859,3303095859,Items.3303095859,Items.3303095859,Notification.Collectibles,ctos_rewards,both,TrainerItemDB,REWARD_ITEM_CANDIDATE,single-player AddItem path; persistence unverified
item_3459918244,3459918244,Items.3459918244,Items.3459918244,Notification.Hideout,ctos_rewards,both,TrainerItemDB,REWARD_ITEM_CANDIDATE,single-player AddItem path; persistence unverified
item_1732767379,1732767379,Items.1732767379,Items.1732767379,Notification.InvestigationClues,ctos_rewards,both,TrainerItemDB,REWARD_ITEM_CANDIDATE,single-player AddItem path; persistence unverified
item_2668021390,2668021390,Items.2668021390,Items.2668021390,Act1APSToken,activity_rewards,both,TrainerItemDB,REWARD_ITEM_CANDIDATE,single-player AddItem path; persistence unverified
item_2865226776,2865226776,Items.2865226776,Items.2865226776,Act2APSToken,activity_rewards,both,TrainerItemDB,REWARD_ITEM_CANDIDATE,single-player AddItem path; persistence unverified
item_3183276123,3183276123,Items.3183276123,Items.3183276123,Act3APSToken,activity_rewards,both,TrainerItemDB,REWARD_ITEM_CANDIDATE,single-player AddItem path; persistence unverified
item_3655179666,3655179666,Items.3655179666,Items.3655179666,Act4APSToken,activity_rewards,both,TrainerItemDB,REWARD_ITEM_CANDIDATE,single-player AddItem path; persistence unverified
item_3467020753,3467020753,Items.3467020753,Items.3467020753,Act5APSToken,activity_rewards,both,TrainerItemDB,REWARD_ITEM_CANDIDATE,single-player AddItem path; persistence unverified
item_2619423061,2619423061,Items.2619423061,Items.2619423061,AudioLogAPSToken,activity_rewards,both,TrainerItemDB,REWARD_ITEM_CANDIDATE,single-player AddItem path; persistence unverified
item_1019535569,1019535569,Items.1019535569,Items.1019535569,CashRunAPSToken,activity_rewards,both,TrainerItemDB,REWARD_ITEM_CANDIDATE,single-player AddItem path; persistence unverified
item_1131607427,1131607427,Items.1131607427,Items.1131607427,ChessPuzzlesAPSToken,activity_rewards,both,TrainerItemDB,REWARD_ITEM_CANDIDATE,single-player AddItem path; persistence unverified
item_2684522113,2684522113,Items.2684522113,Items.2684522113,CityHotSpotsAPSToken,activity_rewards,both,TrainerItemDB,REWARD_ITEM_CANDIDATE,single-player AddItem path; persistence unverified
item_1688706892,1688706892,Items.1688706892,Items.1688706892,CompanionChallengesAPSToken,activity_rewards,both,TrainerItemDB,REWARD_ITEM_CANDIDATE,single-player AddItem path; persistence unverified
item_1094554368,1094554368,Items.1094554368,Items.1094554368,ConvoyAPSToken,activity_rewards,both,TrainerItemDB,REWARD_ITEM_CANDIDATE,single-player AddItem path; persistence unverified
item_2607368145,2607368145,Items.2607368145,Items.2607368145,CyberCrimesAPSToken,activity_rewards,both,TrainerItemDB,REWARD_ITEM_CANDIDATE,single-player AddItem path; persistence unverified
item_3181852479,3181852479,Items.3181852479,Items.3181852479,DeadDropsAPSToken,activity_rewards,both,TrainerItemDB,REWARD_ITEM_CANDIDATE,single-player AddItem path; persistence unverified
item_2534601910,2534601910,Items.2534601910,Items.2534601910,DecryptionAPSToken,activity_rewards,both,TrainerItemDB,REWARD_ITEM_CANDIDATE,single-player AddItem path; persistence unverified
item_910112580,910112580,Items.910112580,Items.910112580,DrinkingAPSToken,activity_rewards,both,TrainerItemDB,REWARD_ITEM_CANDIDATE,single-player AddItem path; persistence unverified
item_2828631270,2828631270,Items.2828631270,Items.2828631270,DrivingAPSToken,activity_rewards,both,TrainerItemDB,REWARD_ITEM_CANDIDATE,single-player AddItem path; persistence unverified
item_187770851,187770851,Items.187770851,Items.187770851,DrugTradeAPSToken,activity_rewards,both,TrainerItemDB,REWARD_ITEM_CANDIDATE,single-player AddItem path; persistence unverified
item_398349053,398349053,Items.398349053,Items.398349053,HUBBrandonDocksAPSToken,activity_rewards,both,TrainerItemDB,REWARD_ITEM_CANDIDATE,single-player AddItem path; persistence unverified
item_3561678353,3561678353,Items.3561678353,Items.3561678353,HUBMadMileAPSToken,activity_rewards,both,TrainerItemDB,REWARD_ITEM_CANDIDATE,single-player AddItem path; persistence unverified
item_2685671358,2685671358,Items.2685671358,Items.2685671358,HUBParkerSquareAPSToken,activity_rewards,both,TrainerItemDB,REWARD_ITEM_CANDIDATE,single-player AddItem path; persistence unverified
item_329071313,329071313,Items.329071313,Items.329071313,HUBPawneeAPSToken,activity_rewards,both,TrainerItemDB,REWARD_ITEM_CANDIDATE,single-player AddItem path; persistence unverified
item_2147077705,2147077705,Items.2147077705,Items.2147077705,HUBTheLoopAPSToken,activity_rewards,both,TrainerItemDB,REWARD_ITEM_CANDIDATE,single-player AddItem path; persistence unverified
item_2571590003,2571590003,Items.2571590003,Items.2571590003,HUBTowerAPSToken,activity_rewards,both,TrainerItemDB,REWARD_ITEM_CANDIDATE,single-player AddItem path; persistence unverified
item_435372858,435372858,Items.435372858,Items.435372858,HackingInvasionAPSToken,activity_rewards,both,TrainerItemDB,REWARD_ITEM_CANDIDATE,single-player AddItem path; persistence unverified
item_1550160139,1550160139,Items.1550160139,Items.1550160139,HumanTraffickingAPSToken,activity_rewards,both,TrainerItemDB,REWARD_ITEM_CANDIDATE,single-player AddItem path; persistence unverified
item_3708006414,3708006414,Items.3708006414,Items.3708006414,LairsAPSToken,activity_rewards,both,TrainerItemDB,REWARD_ITEM_CANDIDATE,single-player AddItem path; persistence unverified
item_1824866819,1824866819,Items.1824866819,Items.1824866819,NVZNAPSToken,activity_rewards,both,TrainerItemDB,REWARD_ITEM_CANDIDATE,single-player AddItem path; persistence unverified
item_1119129651,1119129651,Items.1119129651,Items.1119129651,OnlineRacesAPSToken,activity_rewards,both,TrainerItemDB,REWARD_ITEM_CANDIDATE,single-player AddItem path; persistence unverified
item_3874566002,3874566002,Items.3874566002,Items.3874566002,PokerAPSToken,activity_rewards,both,TrainerItemDB,REWARD_ITEM_CANDIDATE,single-player AddItem path; persistence unverified
item_3329416846,3329416846,Items.3329416846,Items.3329416846,SerialKillerAPSToken,activity_rewards,both,TrainerItemDB,REWARD_ITEM_CANDIDATE,single-player AddItem path; persistence unverified
item_3351855668,3351855668,Items.3351855668,Items.3351855668,ShazamAPSToken,activity_rewards,both,TrainerItemDB,REWARD_ITEM_CANDIDATE,single-player AddItem path; persistence unverified
item_3176707986,3176707986,Items.3176707986,Items.3176707986,ShellAPSToken,activity_rewards,both,TrainerItemDB,REWARD_ITEM_CANDIDATE,single-player AddItem path; persistence unverified
item_2096871757,2096871757,Items.2096871757,Items.2096871757,TailingInvasionAPSToken,activity_rewards,both,TrainerItemDB,REWARD_ITEM_CANDIDATE,single-player AddItem path; persistence unverified
item_86386036,86386036,Items.86386036,Items.86386036,TruthAPSToken,activity_rewards,both,TrainerItemDB,REWARD_ITEM_CANDIDATE,single-player AddItem path; persistence unverified
item_1746217571,1746217571,Items.1746217571,Items.1746217571,UrbanStuntsAPSToken,activity_rewards,both,TrainerItemDB,REWARD_ITEM_CANDIDATE,single-player AddItem path; persistence unverified
item_3712594760,3712594760,Items.3712594760,Items.3712594760,VRPuzzlesIOPAPSToken,activity_rewards,both,TrainerItemDB,REWARD_ITEM_CANDIDATE,single-player AddItem path; persistence unverified
item_3756871461,3756871461,Items.3756871461,Items.3756871461,VigilanteAPSToken,activity_rewards,both,TrainerItemDB,REWARD_ITEM_CANDIDATE,single-player AddItem path; persistence unverified
item_1667042951,1667042951,Items.1667042951,Items.1667042951,WeaponsTradeAPSToken,activity_rewards,both,TrainerItemDB,REWARD_ITEM_CANDIDATE,single-player AddItem path; persistence unverified
item_4198779615,4198779615,Items.4198779615,Items.4198779615,ctOSBreachAPSToken,activity_rewards,both,TrainerItemDB,REWARD_ITEM_CANDIDATE,single-player AddItem path; persistence unverified
item_1488592980,1488592980,Items.1488592980,Items.1488592980,dlc01_Act1APSToken,activity_rewards,dlc_solo,TrainerItemDB,REWARD_ITEM_CANDIDATE,single-player AddItem path; persistence unverified
item_1631001745,1631001745,Items.1631001745,Items.1631001745,dlc01_Act2APSToken,activity_rewards,dlc_solo,TrainerItemDB,REWARD_ITEM_CANDIDATE,single-player AddItem path; persistence unverified
item_1984694482,1984694482,Items.1984694482,Items.1984694482,dlc01_Act3APSToken,activity_rewards,dlc_solo,TrainerItemDB,REWARD_ITEM_CANDIDATE,single-player AddItem path; persistence unverified
item_1346052905,1346052905,Items.1346052905,Items.1346052905,dlc01_AudioLogToken,activity_rewards,dlc_solo,TrainerItemDB,REWARD_ITEM_CANDIDATE,single-player AddItem path; persistence unverified
item_3480415549,3480415549,Items.3480415549,Items.3480415549,dlc01_ChicagoToken,activity_rewards,dlc_solo,TrainerItemDB,REWARD_ITEM_CANDIDATE,single-player AddItem path; persistence unverified
item_1432555083,1432555083,Items.1432555083,Items.1432555083,dlc01_CoopToken,activity_rewards,dlc_solo,TrainerItemDB,REWARD_ITEM_CANDIDATE,single-player AddItem path; persistence unverified
item_3734477819,3734477819,Items.3734477819,Items.3734477819,dlc01_DailyToken,activity_rewards,dlc_solo,TrainerItemDB,REWARD_ITEM_CANDIDATE,single-player AddItem path; persistence unverified
item_3150595016,3150595016,Items.3150595016,Items.3150595016,dlc01_DrivingToken,activity_rewards,dlc_solo,TrainerItemDB,REWARD_ITEM_CANDIDATE,single-player AddItem path; persistence unverified
item_362881156,362881156,Items.362881156,Items.362881156,dlc01_FixersToken,activity_rewards,dlc_solo,TrainerItemDB,REWARD_ITEM_CANDIDATE,single-player AddItem path; persistence unverified
item_3399779675,3399779675,Items.3399779675,Items.3399779675,dlc01_MilitiaToken,activity_rewards,dlc_solo,TrainerItemDB,REWARD_ITEM_CANDIDATE,single-player AddItem path; persistence unverified
item_2451827275,2451827275,Items.2451827275,Items.2451827275,dlc01_SI1Token,activity_rewards,dlc_solo,TrainerItemDB,REWARD_ITEM_CANDIDATE,single-player AddItem path; persistence unverified
item_347576549,347576549,Items.347576549,Items.347576549,dlc01_SI2Token,activity_rewards,dlc_solo,TrainerItemDB,REWARD_ITEM_CANDIDATE,single-player AddItem path; persistence unverified
item_2159827287,2159827287,Items.2159827287,Items.2159827287,Ammo1,progress_misc,both,TrainerItemDB,REWARD_ITEM_CANDIDATE,single-player AddItem path; persistence unverified
item_1222751379,1222751379,Items.1222751379,Items.1222751379,ChatMessage,progress_misc,both,TrainerItemDB,REWARD_ITEM_CANDIDATE,single-player AddItem path; persistence unverified
item_2620861859,2620861859,Items.2620861859,Items.2620861859,CreditCardMatch_step01,progress_misc,both,TrainerItemDB,REWARD_ITEM_CANDIDATE,single-player AddItem path; persistence unverified
item_87981081,87981081,Items.87981081,Items.87981081,CreditCardMatch_step02,progress_misc,both,TrainerItemDB,REWARD_ITEM_CANDIDATE,single-player AddItem path; persistence unverified
item_2766202622,2766202622,Items.2766202622,Items.2766202622,FelonyStage2,progress_misc,both,TrainerItemDB,REWARD_ITEM_CANDIDATE,single-player AddItem path; persistence unverified
item_3555186280,3555186280,Items.3555186280,Items.3555186280,FelonyStage3,progress_misc,both,TrainerItemDB,REWARD_ITEM_CANDIDATE,single-player AddItem path; persistence unverified
item_2452943761,2452943761,Items.2452943761,Items.2452943761,GameIntroVideo,progress_misc,both,TrainerItemDB,REWARD_ITEM_CANDIDATE,single-player AddItem path; persistence unverified
item_184697841,184697841,Items.184697841,Items.184697841,GenericCashBag,progress_misc,both,TrainerItemDB,REWARD_ITEM_CANDIDATE,single-player AddItem path; persistence unverified
item_3709964233,3709964233,Items.3709964233,Items.3709964233,GenericCashBag.Cash1,progress_misc,both,TrainerItemDB,REWARD_ITEM_CANDIDATE,single-player AddItem path; persistence unverified
item_1143529075,1143529075,Items.1143529075,Items.1143529075,GenericCashBag.Cash2,progress_misc,both,TrainerItemDB,REWARD_ITEM_CANDIDATE,single-player AddItem path; persistence unverified
item_858779365,858779365,Items.858779365,Items.858779365,GenericCashBag.Cash3,progress_misc,both,TrainerItemDB,REWARD_ITEM_CANDIDATE,single-player AddItem path; persistence unverified
item_2907405126,2907405126,Items.2907405126,Items.2907405126,GenericCashBag.Cash4,progress_misc,both,TrainerItemDB,REWARD_ITEM_CANDIDATE,single-player AddItem path; persistence unverified
item_3662433232,3662433232,Items.3662433232,Items.3662433232,GenericCashBag.Cash5,progress_misc,both,TrainerItemDB,REWARD_ITEM_CANDIDATE,single-player AddItem path; persistence unverified
item_445667921,445667921,Items.445667921,Items.445667921,GenericCraftingBag,progress_misc,both,TrainerItemDB,REWARD_ITEM_CANDIDATE,single-player AddItem path; persistence unverified
item_66704568,66704568,Items.66704568,Items.66704568,GenericCraftingBag.Crafting1,progress_misc,both,TrainerItemDB,REWARD_ITEM_CANDIDATE,single-player AddItem path; persistence unverified
item_2599453954,2599453954,Items.2599453954,Items.2599453954,GenericCraftingBag.Crafting2,progress_misc,both,TrainerItemDB,REWARD_ITEM_CANDIDATE,single-player AddItem path; persistence unverified
item_3992434068,3992434068,Items.3992434068,Items.3992434068,GenericCraftingBag.Crafting3,progress_misc,both,TrainerItemDB,REWARD_ITEM_CANDIDATE,single-player AddItem path; persistence unverified
item_1939021879,1939021879,Items.1939021879,Items.1939021879,GenericCraftingBag.Crafting4,progress_misc,both,TrainerItemDB,REWARD_ITEM_CANDIDATE,single-player AddItem path; persistence unverified
item_76812449,76812449,Items.76812449,Items.76812449,GenericCraftingBag.Crafting5,progress_misc,both,TrainerItemDB,REWARD_ITEM_CANDIDATE,single-player AddItem path; persistence unverified
item_4213997129,4213997129,Items.4213997129,Items.4213997129,GenericValuablesBag,progress_misc,both,TrainerItemDB,REWARD_ITEM_CANDIDATE,single-player AddItem path; persistence unverified
item_2267072827,2267072827,Items.2267072827,Items.2267072827,GenericValuablesBag.Valuables1,progress_misc,both,TrainerItemDB,REWARD_ITEM_CANDIDATE,single-player AddItem path; persistence unverified
item_506042497,506042497,Items.506042497,Items.506042497,GenericValuablesBag.Valuables2,progress_misc,both,TrainerItemDB,REWARD_ITEM_CANDIDATE,single-player AddItem path; persistence unverified
item_1764665367,1764665367,Items.1764665367,Items.1764665367,GenericValuablesBag.Valuables3,progress_misc,both,TrainerItemDB,REWARD_ITEM_CANDIDATE,single-player AddItem path; persistence unverified
item_4148837812,4148837812,Items.4148837812,Items.4148837812,GenericValuablesBag.Valuables4,progress_misc,both,TrainerItemDB,REWARD_ITEM_CANDIDATE,single-player AddItem path; persistence unverified
item_2152533282,2152533282,Items.2152533282,Items.2152533282,GenericValuablesBag.Valuables5,progress_misc,both,TrainerItemDB,REWARD_ITEM_CANDIDATE,single-player AddItem path; persistence unverified
item_2178566141,2178566141,Items.2178566141,Items.2178566141,LogoNexus,progress_misc,both,TrainerItemDB,REWARD_ITEM_CANDIDATE,single-player AddItem path; persistence unverified
item_1403528002,1403528002,Items.1403528002,Items.1403528002,MostWantedShowcase,progress_misc,both,TrainerItemDB,REWARD_ITEM_CANDIDATE,single-player AddItem path; persistence unverified
item_2493099123,2493099123,Items.2493099123,Items.2493099123,MostWantedShowcaseMission,progress_misc,both,TrainerItemDB,REWARD_ITEM_CANDIDATE,single-player AddItem path; persistence unverified
item_4226820406,4226820406,Items.4226820406,Items.4226820406,MostWanted_DowntownCarpark,progress_misc,both,TrainerItemDB,REWARD_ITEM_CANDIDATE,single-player AddItem path; persistence unverified
item_3122574419,3122574419,Items.3122574419,Items.3122574419,MostWanted_TheRidge,progress_misc,both,TrainerItemDB,REWARD_ITEM_CANDIDATE,single-player AddItem path; persistence unverified
item_1907506267,1907506267,Items.1907506267,Items.1907506267,NarrativeMoment_01,progress_misc,both,TrainerItemDB,REWARD_ITEM_CANDIDATE,single-player AddItem path; persistence unverified
item_3904597473,3904597473,Items.3904597473,Items.3904597473,NarrativeMoment_02,progress_misc,both,TrainerItemDB,REWARD_ITEM_CANDIDATE,single-player AddItem path; persistence unverified
item_298627341,298627341,Items.298627341,Items.298627341,text_msg,progress_misc,both,TrainerItemDB,REWARD_ITEM_CANDIDATE,single-player AddItem path; persistence unverified
item_1416940992,1416940992,Items.1416940992,Items.1416940992,BankAccount0,cash_items,both,TrainerItemDB,REWARD_ITEM_CANDIDATE,single-player AddItem path; persistence unverified
item_958498669,958498669,Items.958498669,Items.958498669,BankAccount0.BankAccount_BW,cash_items,both,TrainerItemDB,REWARD_ITEM_CANDIDATE,single-player AddItem path; persistence unverified
item_1781189167,1781189167,Items.1781189167,Items.1781189167,BankAccount1.relaunch,cash_items,both,TrainerItemDB,REWARD_ITEM_CANDIDATE,single-player AddItem path; persistence unverified
item_3128601836,3128601836,Items.3128601836,Items.3128601836,BankAccount2,cash_items,both,TrainerItemDB,REWARD_ITEM_CANDIDATE,single-player AddItem path; persistence unverified
item_1908908712,1908908712,Items.1908908712,Items.1908908712,BankAccountCommon,cash_items,both,TrainerItemDB,REWARD_ITEM_CANDIDATE,single-player AddItem path; persistence unverified
item_3208200988,3208200988,Items.3208200988,Items.3208200988,BankAccountRare,cash_items,both,TrainerItemDB,REWARD_ITEM_CANDIDATE,single-player AddItem path; persistence unverified
item_2744572912,2744572912,Items.2744572912,Items.2744572912,BankAccountUncommon,cash_items,both,TrainerItemDB,REWARD_ITEM_CANDIDATE,single-player AddItem path; persistence unverified
item_344689922,344689922,Items.344689922,Items.344689922,CashPile0,cash_items,both,TrainerItemDB,REWARD_ITEM_CANDIDATE,single-player AddItem path; persistence unverified
item_1670167956,1670167956,Items.1670167956,Items.1670167956,CashPile1,cash_items,both,TrainerItemDB,REWARD_ITEM_CANDIDATE,single-player AddItem path; persistence unverified
item_4203080750,4203080750,Items.4203080750,Items.4203080750,CashPile2,cash_items,both,TrainerItemDB,REWARD_ITEM_CANDIDATE,single-player AddItem path; persistence unverified
item_2374163640,2374163640,Items.2374163640,Items.2374163640,CashPile3,cash_items,both,TrainerItemDB,REWARD_ITEM_CANDIDATE,single-player AddItem path; persistence unverified
item_1668234353,1668234353,Items.1668234353,Items.1668234353,CashPileATM,cash_items,both,TrainerItemDB,REWARD_ITEM_CANDIDATE,single-player AddItem path; persistence unverified
item_3585439207,3585439207,Items.3585439207,Items.3585439207,CashPileShop,cash_items,both,TrainerItemDB,REWARD_ITEM_CANDIDATE,single-player AddItem path; persistence unverified
item_3724874818,3724874818,Items.3724874818,Items.3724874818,HardContractBronze,cash_items,both,TrainerItemDB,REWARD_ITEM_CANDIDATE,single-player AddItem path; persistence unverified
item_2217939846,2217939846,Items.2217939846,Items.2217939846,HardContractBronze.EasyBronze,cash_items,both,TrainerItemDB,REWARD_ITEM_CANDIDATE,single-player AddItem path; persistence unverified
item_4110394252,4110394252,Items.4110394252,Items.4110394252,HardContractBronze.MediumBronze,cash_items,both,TrainerItemDB,REWARD_ITEM_CANDIDATE,single-player AddItem path; persistence unverified
item_1450348807,1450348807,Items.1450348807,Items.1450348807,HardContractGold,cash_items,both,TrainerItemDB,REWARD_ITEM_CANDIDATE,single-player AddItem path; persistence unverified
item_1267158093,1267158093,Items.1267158093,Items.1267158093,HardContractGold.EasyGold,cash_items,both,TrainerItemDB,REWARD_ITEM_CANDIDATE,single-player AddItem path; persistence unverified
item_4017906557,4017906557,Items.4017906557,Items.4017906557,HardContractGold.MediumGold,cash_items,both,TrainerItemDB,REWARD_ITEM_CANDIDATE,single-player AddItem path; persistence unverified
item_809258413,809258413,Items.809258413,Items.809258413,HardContractSilver,cash_items,both,TrainerItemDB,REWARD_ITEM_CANDIDATE,single-player AddItem path; persistence unverified
item_2531969782,2531969782,Items.2531969782,Items.2531969782,HardContractSilver.EasySilver,cash_items,both,TrainerItemDB,REWARD_ITEM_CANDIDATE,single-player AddItem path; persistence unverified
item_2812520017,2812520017,Items.2812520017,Items.2812520017,HardContractSilver.MediumSilver,cash_items,both,TrainerItemDB,REWARD_ITEM_CANDIDATE,single-player AddItem path; persistence unverified
item_2532779827,2532779827,Items.2532779827,Items.2532779827,HardConvoyRewards,cash_items,both,TrainerItemDB,REWARD_ITEM_CANDIDATE,single-player AddItem path; persistence unverified
item_36690776,36690776,Items.36690776,Items.36690776,HardConvoyRewards.EasyConvoy,cash_items,both,TrainerItemDB,REWARD_ITEM_CANDIDATE,single-player AddItem path; persistence unverified
item_2273191724,2273191724,Items.2273191724,Items.2273191724,HardConvoyRewards.MediumConvoy,cash_items,both,TrainerItemDB,REWARD_ITEM_CANDIDATE,single-player AddItem path; persistence unverified
item_1678228924,1678228924,Items.1678228924,Items.1678228924,HardLairRewards,cash_items,both,TrainerItemDB,REWARD_ITEM_CANDIDATE,single-player AddItem path; persistence unverified
item_453497484,453497484,Items.453497484,Items.453497484,HardLairRewards.EasyLair,cash_items,both,TrainerItemDB,REWARD_ITEM_CANDIDATE,single-player AddItem path; persistence unverified
item_469141179,469141179,Items.469141179,Items.469141179,HardLairRewards.MediumLair,cash_items,both,TrainerItemDB,REWARD_ITEM_CANDIDATE,single-player AddItem path; persistence unverified
item_231410935,231410935,Items.231410935,Items.231410935,MainMissionRewardActI,cash_items,both,TrainerItemDB,REWARD_ITEM_CANDIDATE,single-player AddItem path; persistence unverified
item_4275485194,4275485194,Items.4275485194,Items.4275485194,MainMissionRewardActII,cash_items,both,TrainerItemDB,REWARD_ITEM_CANDIDATE,single-player AddItem path; persistence unverified
item_1026107677,1026107677,Items.1026107677,Items.1026107677,MainMissionRewardActIII,cash_items,both,TrainerItemDB,REWARD_ITEM_CANDIDATE,single-player AddItem path; persistence unverified
item_1943975935,1943975935,Items.1943975935,Items.1943975935,MainMissionRewardActIV,cash_items,both,TrainerItemDB,REWARD_ITEM_CANDIDATE,single-player AddItem path; persistence unverified
item_2160263426,2160263426,Items.2160263426,Items.2160263426,MainMissionRewardActV,cash_items,both,TrainerItemDB,REWARD_ITEM_CANDIDATE,single-player AddItem path; persistence unverified
item_3135644729,3135644729,Items.3135644729,Items.3135644729,NexusWallaCashGift,cash_items,both,TrainerItemDB,REWARD_ITEM_CANDIDATE,single-player AddItem path; persistence unverified
item_95780694,95780694,Items.95780694,Items.95780694,OnlineRaces,cash_items,both,TrainerItemDB,REWARD_ITEM_CANDIDATE,single-player AddItem path; persistence unverified
item_3391985602,3391985602,Items.3391985602,Items.3391985602,OnlineRaces.AheadOf,cash_items,both,TrainerItemDB,REWARD_ITEM_CANDIDATE,single-player AddItem path; persistence unverified
item_525078667,525078667,Items.525078667,Items.525078667,OnlineRaces.Completion,cash_items,both,TrainerItemDB,REWARD_ITEM_CANDIDATE,single-player AddItem path; persistence unverified
item_3607542769,3607542769,Items.3607542769,Items.3607542769,OnlineRaces.FastestLap,cash_items,both,TrainerItemDB,REWARD_ITEM_CANDIDATE,single-player AddItem path; persistence unverified
item_3521875897,3521875897,Items.3521875897,Items.3521875897,OnlineRaces.FirstPlace,cash_items,both,TrainerItemDB,REWARD_ITEM_CANDIDATE,single-player AddItem path; persistence unverified
item_2544113701,2544113701,Items.2544113701,Items.2544113701,OnlineRaces.SecondPlace,cash_items,both,TrainerItemDB,REWARD_ITEM_CANDIDATE,single-player AddItem path; persistence unverified
item_1639706237,1639706237,Items.1639706237,Items.1639706237,OnlineRaces.ThirdPlace,cash_items,both,TrainerItemDB,REWARD_ITEM_CANDIDATE,single-player AddItem path; persistence unverified
item_2924387015,2924387015,Items.2924387015,Items.2924387015,PersonalInfo0,cash_items,both,TrainerItemDB,REWARD_ITEM_CANDIDATE,single-player AddItem path; persistence unverified
item_3645483601,3645483601,Items.3645483601,Items.3645483601,PersonalInfo1,cash_items,both,TrainerItemDB,REWARD_ITEM_CANDIDATE,single-player AddItem path; persistence unverified
item_1078000619,1078000619,Items.1078000619,Items.1078000619,PersonalInfo2,cash_items,both,TrainerItemDB,REWARD_ITEM_CANDIDATE,single-player AddItem path; persistence unverified
item_666485274,666485274,Items.666485274,Items.666485274,SideMissionRewardEasy,cash_items,both,TrainerItemDB,REWARD_ITEM_CANDIDATE,single-player AddItem path; persistence unverified
item_2949531487,2949531487,Items.2949531487,Items.2949531487,SideMissionRewardHard,cash_items,both,TrainerItemDB,REWARD_ITEM_CANDIDATE,single-player AddItem path; persistence unverified
item_770577580,770577580,Items.770577580,Items.770577580,SideMissionRewardMedium,cash_items,both,TrainerItemDB,REWARD_ITEM_CANDIDATE,single-player AddItem path; persistence unverified
item_3016787395,3016787395,Items.3016787395,Items.3016787395,dlc01_M01_CashPile,cash_items,dlc_solo,TrainerItemDB,REWARD_ITEM_CANDIDATE,single-player AddItem path; persistence unverified
item_3048418371,3048418371,Items.3048418371,Items.3048418371,07_Alone_PistolBullet,special_perks,both,TrainerItemDB,REWARD_ITEM_CANDIDATE,single-player AddItem path; persistence unverified
item_4085693145,4085693145,Items.4085693145,Items.4085693145,Alone_EMP,special_perks,both,TrainerItemDB,REWARD_ITEM_CANDIDATE,single-player AddItem path; persistence unverified
item_4126286607,4126286607,Items.4126286607,Items.4126286607,Alone_RockV2,special_perks,both,TrainerItemDB,REWARD_ITEM_CANDIDATE,single-player AddItem path; persistence unverified
item_2001231257,2001231257,Items.2001231257,Items.2001231257,SniperRifles,special_perks,both,TrainerItemDB,REWARD_ITEM_CANDIDATE,single-player AddItem path; persistence unverified
item_2684255072,2684255072,Items.2684255072,Items.2684255072,SniperRifles.SpiderTank,special_perks,both,TrainerItemDB,REWARD_ITEM_CANDIDATE,single-player AddItem path; persistence unverified
item_1626293527,1626293527,Items.1626293527,Items.1626293527,SniperRifles.SpiderTank.V2,special_perks,both,TrainerItemDB,REWARD_ITEM_CANDIDATE,single-player AddItem path; persistence unverified
item_3181553542,3181553542,Items.3181553542,Items.3181553542,SpiderTank_AntiTank,special_perks,both,TrainerItemDB,REWARD_ITEM_CANDIDATE,single-player AddItem path; persistence unverified
item_4095636310,4095636310,Items.4095636310,Items.4095636310,SpiderTank_AntiTank.Perk,special_perks,both,TrainerItemDB,REWARD_ITEM_CANDIDATE,single-player AddItem path; persistence unverified
item_2259018790,2259018790,Items.2259018790,Items.2259018790,SpiderTank_Gatling,special_perks,both,TrainerItemDB,REWARD_ITEM_CANDIDATE,single-player AddItem path; persistence unverified
item_1690963716,1690963716,Items.1690963716,Items.1690963716,SpiderTank_Gatling.Perk,special_perks,both,TrainerItemDB,REWARD_ITEM_CANDIDATE,single-player AddItem path; persistence unverified
item_700442068,700442068,Items.700442068,Items.700442068,.357 REX,weapons,both,Weapon,IMPLEMENTED_UNVERIFIED,
item_1762050733,1762050733,Items.1762050733,Items.1762050733,07_Pills_Alone,weapons,both,TrainerItemDB,REWARD_ITEM_CANDIDATE,single-player AddItem path; persistence unverified
item_3058031154,3058031154,Items.3058031154,Items.3058031154,1911,weapons,both,Weapon,IMPLEMENTED_UNVERIFIED,
item_633170941,633170941,Items.633170941,Items.633170941,416,weapons,both,Weapon,IMPLEMENTED_UNVERIFIED,
item_3220571773,3220571773,Items.3220571773,Items.3220571773,417,weapons,both,Weapon,IMPLEMENTED_UNVERIFIED,
item_1577674927,1577674927,Items.1577674927,Items.1577674927,AC-AR,weapons,both,Weapon,IMPLEMENTED_UNVERIFIED,
item_3001183890,3001183890,Items.3001183890,Items.3001183890,ACR,weapons,both,Weapon,IMPLEMENTED_UNVERIFIED,
item_1236846365,1236846365,Items.1236846365,Items.1236846365,AK-47,weapons,both,Weapon,IMPLEMENTED_UNVERIFIED,
item_1055471211,1055471211,Items.1055471211,Items.1055471211,ARPistol,weapons,both,TrainerItemDB,REWARD_ITEM_CANDIDATE,single-player AddItem path; persistence unverified
item_1718884258,1718884258,Items.1718884258,Items.1718884258,ARPistol.DefaultPistol,weapons,both,TrainerItemDB,REWARD_ITEM_CANDIDATE,single-player AddItem path; persistence unverified
item_1671788862,1671788862,Items.1671788862,Items.1671788862,ARReplicaWeapon,weapons,both,TrainerItemDB,REWARD_ITEM_CANDIDATE,single-player AddItem path; persistence unverified
item_3647118494,3647118494,Items.3647118494,Items.3647118494,ARReplicaWeapon.DefaultPistol,weapons,both,TrainerItemDB,REWARD_ITEM_CANDIDATE,single-player AddItem path; persistence unverified
item_1832190799,1832190799,Items.1832190799,Items.1832190799,ARReplicaWeapon.DefaultPistolFemale,weapons,both,TrainerItemDB,REWARD_ITEM_CANDIDATE,single-player AddItem path; persistence unverified
item_142743013,142743013,Items.142743013,Items.142743013,AssaultRifles,weapons,both,TrainerItemDB,REWARD_ITEM_CANDIDATE,single-player AddItem path; persistence unverified
item_3692859610,3692859610,Items.3692859610,Items.3692859610,AssaultRifles.417.417_MP,weapons,both,TrainerItemDB,REWARD_ITEM_CANDIDATE,single-player AddItem path; persistence unverified
item_1579660134,1579660134,Items.1579660134,Items.1579660134,AssaultRifles.ACR.ACR_MP,weapons,both,TrainerItemDB,REWARD_ITEM_CANDIDATE,single-player AddItem path; persistence unverified
item_3727646002,3727646002,Items.3727646002,Items.3727646002,AssaultRifles.Goblin.Goblin_MP,weapons,both,TrainerItemDB,REWARD_ITEM_CANDIDATE,single-player AddItem path; persistence unverified
item_3325696338,3325696338,Items.3325696338,Items.3325696338,AssaultRifles.Goblin.dlc01_GunChicago,weapons,dlc_solo,TrainerItemDB,REWARD_ITEM_CANDIDATE,single-player AddItem path; persistence unverified
item_2251719452,2251719452,Items.2251719452,Items.2251719452,AssaultRifles.Goblin.dlc01_with_Light,weapons,dlc_solo,TrainerItemDB,REWARD_ITEM_CANDIDATE,single-player AddItem path; persistence unverified
item_472173467,472173467,Items.472173467,Items.472173467,AssaultRifles.U100.U100_MP,weapons,both,TrainerItemDB,REWARD_ITEM_CANDIDATE,single-player AddItem path; persistence unverified
item_1683351323,1683351323,Items.1683351323,Items.1683351323,Chrome,weapons,both,Weapon,IMPLEMENTED_UNVERIFIED,
item_2721974924,2721974924,Items.2721974924,Items.2721974924,D12,weapons,both,Weapon,IMPLEMENTED_UNVERIFIED,
item_1152216775,1152216775,Items.1152216775,Items.1152216775,D50,weapons,both,Weapon,IMPLEMENTED_UNVERIFIED,
item_2343466146,2343466146,Items.2343466146,Items.2343466146,Destroyer,weapons,both,Weapon,IMPLEMENTED_UNVERIFIED,
item_2234429577,2234429577,Items.2234429577,Items.2234429577,G106,weapons,both,Weapon,IMPLEMENTED_UNVERIFIED,
item_1128431973,1128431973,Items.1128431973,Items.1128431973,Gangster,weapons,both,Weapon,IMPLEMENTED_UNVERIFIED,
item_2418918813,2418918813,Items.2418918813,Items.2418918813,Goblin,weapons,both,Weapon,IMPLEMENTED_UNVERIFIED,
item_1443387862,1443387862,Items.1443387862,Items.1443387862,GrenadeLauncher,weapons,both,TrainerItemDB,REWARD_ITEM_CANDIDATE,single-player AddItem path; persistence unverified
item_3883840313,3883840313,Items.3883840313,Items.3883840313,GrenadeLauncher.G106.G106_MP,weapons,both,TrainerItemDB,REWARD_ITEM_CANDIDATE,single-player AddItem path; persistence unverified
item_3139436763,3139436763,Items.3139436763,Items.3139436763,GrenadeLauncher.GL94,weapons,both,TrainerItemDB,REWARD_ITEM_CANDIDATE,single-player AddItem path; persistence unverified
item_1479791293,1479791293,Items.1479791293,Items.1479791293,M1 SMG,weapons,both,Weapon,IMPLEMENTED_UNVERIFIED,
item_3514256627,3514256627,Items.3514256627,Items.3514256627,M1014,weapons,both,Weapon,IMPLEMENTED_UNVERIFIED,
item_3745523831,3745523831,Items.3745523831,Items.3745523831,M107,weapons,both,Weapon,IMPLEMENTED_UNVERIFIED,
item_4108766496,4108766496,Items.4108766496,Items.4108766496,M8-M,weapons,both,Weapon,IMPLEMENTED_UNVERIFIED,
item_4099987261,4099987261,Items.4099987261,Items.4099987261,MP-9mm,weapons,both,Weapon,IMPLEMENTED_UNVERIFIED,
item_4258700054,4258700054,Items.4258700054,Items.4258700054,MP5,weapons,both,Weapon,IMPLEMENTED_UNVERIFIED,
item_2207476061,2207476061,Items.2207476061,Items.2207476061,OCP-11,weapons,both,Weapon,IMPLEMENTED_UNVERIFIED,
item_2269372494,2269372494,Items.2269372494,Items.2269372494,P-9mm,weapons,both,Weapon,IMPLEMENTED_UNVERIFIED,
item_2565686443,2565686443,Items.2565686443,Items.2565686443,Piledriver,weapons,both,Weapon,IMPLEMENTED_UNVERIFIED,
item_2148262957,2148262957,Items.2148262957,Items.2148262957,Pistols,weapons,both,TrainerItemDB,REWARD_ITEM_CANDIDATE,single-player AddItem path; persistence unverified
item_47063519,47063519,Items.47063519,Items.47063519,Pistols.1911.1911_MP,weapons,both,TrainerItemDB,REWARD_ITEM_CANDIDATE,single-player AddItem path; persistence unverified
item_3968788573,3968788573,Items.3968788573,Items.3968788573,Pistols.357REX.357REX_MP,weapons,both,TrainerItemDB,REWARD_ITEM_CANDIDATE,single-player AddItem path; persistence unverified
item_2803193695,2803193695,Items.2803193695,Items.2803193695,Pistols.D50.07_People,weapons,both,TrainerItemDB,REWARD_ITEM_CANDIDATE,single-player AddItem path; persistence unverified
item_2965756934,2965756934,Items.2965756934,Items.2965756934,Pistols.D50.D50_MP,weapons,both,TrainerItemDB,REWARD_ITEM_CANDIDATE,single-player AddItem path; persistence unverified
item_469267532,469267532,Items.469267532,Items.469267532,Pistols.M8M.Sig_Chrome.Sig_Chrome_MP,weapons,both,TrainerItemDB,REWARD_ITEM_CANDIDATE,single-player AddItem path; persistence unverified
item_358230136,358230136,Items.358230136,Items.358230136,Pistols.P9mm.ClaraGun,weapons,both,TrainerItemDB,REWARD_ITEM_CANDIDATE,single-player AddItem path; persistence unverified
item_879325178,879325178,Items.879325178,Items.879325178,Pistols.PX4,weapons,both,TrainerItemDB,REWARD_ITEM_CANDIDATE,single-player AddItem path; persistence unverified
item_798681096,798681096,Items.798681096,Items.798681096,Pistols.R33.R33_MP,weapons,both,TrainerItemDB,REWARD_ITEM_CANDIDATE,single-player AddItem path; persistence unverified
item_3059215197,3059215197,Items.3059215197,Items.3059215197,R-2000,weapons,both,Weapon,IMPLEMENTED_UNVERIFIED,
item_3084233885,3084233885,Items.3084233885,Items.3084233885,R-33,weapons,both,Weapon,IMPLEMENTED_UNVERIFIED,
item_770883049,770883049,Items.770883049,Items.770883049,SG-90,weapons,both,Weapon,IMPLEMENTED_UNVERIFIED,
item_4180379767,4180379767,Items.4180379767,Items.4180379767,SGR-12,weapons,both,Weapon,IMPLEMENTED_UNVERIFIED,
item_2377767548,2377767548,Items.2377767548,Items.2377767548,SMG-11,weapons,both,Weapon,IMPLEMENTED_UNVERIFIED,
item_213595856,213595856,Items.213595856,Items.213595856,SMGs,weapons,both,TrainerItemDB,REWARD_ITEM_CANDIDATE,single-player AddItem path; persistence unverified
item_1854319858,1854319858,Items.1854319858,Items.1854319858,SMGs.M1SMG.Sig_Gold.M1SMG_MP,weapons,both,TrainerItemDB,REWARD_ITEM_CANDIDATE,single-player AddItem path; persistence unverified
item_576354735,576354735,Items.576354735,Items.576354735,SMGs.MP5.07_SpiderTank,weapons,both,TrainerItemDB,REWARD_ITEM_CANDIDATE,single-player AddItem path; persistence unverified
item_3021359328,3021359328,Items.3021359328,Items.3021359328,SMGs.MP9mm.MP9mm_MP,weapons,both,TrainerItemDB,REWARD_ITEM_CANDIDATE,single-player AddItem path; persistence unverified
item_1594669832,1594669832,Items.1594669832,Items.1594669832,SMGs.Vector45ACP.Vector45ACP_MP,weapons,both,TrainerItemDB,REWARD_ITEM_CANDIDATE,single-player AddItem path; persistence unverified
item_1853148229,1853148229,Items.1853148229,Items.1853148229,SR-25,weapons,both,Weapon,IMPLEMENTED_UNVERIFIED,
item_56535470,56535470,Items.56535470,Items.56535470,SVD,weapons,both,Weapon,IMPLEMENTED_UNVERIFIED,
item_731023905,731023905,Items.731023905,Items.731023905,Shotguns,weapons,both,TrainerItemDB,REWARD_ITEM_CANDIDATE,single-player AddItem path; persistence unverified
item_1758597562,1758597562,Items.1758597562,Items.1758597562,Shotguns.ACS12,weapons,both,TrainerItemDB,REWARD_ITEM_CANDIDATE,single-player AddItem path; persistence unverified
item_2761969031,2761969031,Items.2761969031,Items.2761969031,Shotguns.D12.D12_MP,weapons,both,TrainerItemDB,REWARD_ITEM_CANDIDATE,single-player AddItem path; persistence unverified
item_660954974,660954974,Items.660954974,Items.660954974,Shotguns.M1014.M1014_MP,weapons,both,TrainerItemDB,REWARD_ITEM_CANDIDATE,single-player AddItem path; persistence unverified
item_3800569903,3800569903,Items.3800569903,Items.3800569903,Shotguns.RSG12.07_People,weapons,both,TrainerItemDB,REWARD_ITEM_CANDIDATE,single-player AddItem path; persistence unverified
item_2933832707,2933832707,Items.2933832707,Items.2933832707,Shotguns.RSG12.RSG12_MP,weapons,both,TrainerItemDB,REWARD_ITEM_CANDIDATE,single-player AddItem path; persistence unverified
item_2695198272,2695198272,Items.2695198272,Items.2695198272,Shotguns.SG590.07_People,weapons,both,TrainerItemDB,REWARD_ITEM_CANDIDATE,single-player AddItem path; persistence unverified
item_2007879041,2007879041,Items.2007879041,Items.2007879041,Shotguns.SG590.Sig_Piledriver.07_SpiderTank,weapons,both,TrainerItemDB,REWARD_ITEM_CANDIDATE,single-player AddItem path; persistence unverified
item_3532138296,3532138296,Items.3532138296,Items.3532138296,SniperRifles,weapons,both,TrainerItemDB,REWARD_ITEM_CANDIDATE,single-player AddItem path; persistence unverified
item_133515975,133515975,Items.133515975,Items.133515975,SniperRifles.M107.M107_MP,weapons,both,TrainerItemDB,REWARD_ITEM_CANDIDATE,single-player AddItem path; persistence unverified
item_2926254116,2926254116,Items.2926254116,Items.2926254116,SniperRifles.M107.Sig_Destroyer.07_SpiderTank,weapons,both,TrainerItemDB,REWARD_ITEM_CANDIDATE,single-player AddItem path; persistence unverified
item_2392577969,2392577969,Items.2392577969,Items.2392577969,SniperRifles.M107.Sig_Destroyer.07_SpiderTank.V2,weapons,both,TrainerItemDB,REWARD_ITEM_CANDIDATE,single-player AddItem path; persistence unverified
item_3639034066,3639034066,Items.3639034066,Items.3639034066,SniperRifles.SR25.ChopperSniper,weapons,both,TrainerItemDB,REWARD_ITEM_CANDIDATE,single-player AddItem path; persistence unverified
item_1423076648,1423076648,Items.1423076648,Items.1423076648,SniperRifles.SR25.ChopperSniper.CompanionUpgrade1,weapons,both,TrainerItemDB,REWARD_ITEM_CANDIDATE,single-player AddItem path; persistence unverified
item_2846081332,2846081332,Items.2846081332,Items.2846081332,SniperRifles.SR25.JordiSniper,weapons,both,TrainerItemDB,REWARD_ITEM_CANDIDATE,single-player AddItem path; persistence unverified
item_242808313,242808313,Items.242808313,Items.242808313,SniperRifles.SR25.NPC,weapons,both,TrainerItemDB,REWARD_ITEM_CANDIDATE,single-player AddItem path; persistence unverified
item_3607956088,3607956088,Items.3607956088,Items.3607956088,SniperRifles.SR25.SR25,weapons,both,TrainerItemDB,REWARD_ITEM_CANDIDATE,single-player AddItem path; persistence unverified
item_182533074,182533074,Items.182533074,Items.182533074,SniperRifles.SVD.07_People,weapons,both,TrainerItemDB,REWARD_ITEM_CANDIDATE,single-player AddItem path; persistence unverified
item_3726936491,3726936491,Items.3726936491,Items.3726936491,SniperRifles.SVD.NPC,weapons,both,TrainerItemDB,REWARD_ITEM_CANDIDATE,single-player AddItem path; persistence unverified
item_1317933865,1317933865,Items.1317933865,Items.1317933865,Spec Ops 1911,weapons,both,Weapon,IMPLEMENTED_UNVERIFIED,
item_2468673040,2468673040,Items.2468673040,Items.2468673040,Spec Ops Goblin,weapons,both,Weapon,IMPLEMENTED_UNVERIFIED,
item_2417314999,2417314999,Items.2417314999,Items.2417314999,Spec Ops SMG-11,weapons,both,Weapon,IMPLEMENTED_UNVERIFIED,
item_309961700,309961700,Items.309961700,Items.309961700,Spec Ops Vector .45 ACP,weapons,both,Weapon,IMPLEMENTED_UNVERIFIED,
item_900578036,900578036,Items.900578036,Items.900578036,U100,weapons,both,Weapon,IMPLEMENTED_UNVERIFIED,
item_92417902,92417902,Items.92417902,Items.92417902,Vector .45 ACP,weapons,both,Weapon,IMPLEMENTED_UNVERIFIED,
item_2517217399,2517217399,Items.2517217399,Items.2517217399,Wildfire,weapons,both,Weapon,IMPLEMENTED_UNVERIFIED,
item_633170942,633170942,Items.633170942,Items.633170942,AssaultRifles.416,custom_weapons,both,TrainerItemDB,REWARD_ITEM_CANDIDATE,single-player AddItem path; persistence unverified
item_2517217400,2517217400,Items.2517217400,Items.2517217400,AssaultRifles.416.Sig_Sprayer,custom_weapons,both,TrainerItemDB,REWARD_ITEM_CANDIDATE,single-player AddItem path; persistence unverified
item_3220571774,3220571774,Items.3220571774,Items.3220571774,AssaultRifles.417,custom_weapons,both,TrainerItemDB,REWARD_ITEM_CANDIDATE,single-player AddItem path; persistence unverified
item_3001183891,3001183891,Items.3001183891,Items.3001183891,AssaultRifles.ACR,custom_weapons,both,TrainerItemDB,REWARD_ITEM_CANDIDATE,single-player AddItem path; persistence unverified
item_1830466541,1830466541,Items.1830466541,Items.1830466541,AssaultRifles.ACR.ULC_Biometric,custom_weapons,both,TrainerItemDB,REWARD_ITEM_CANDIDATE,single-player AddItem path; persistence unverified
item_1236846366,1236846366,Items.1236846366,Items.1236846366,AssaultRifles.AK47,custom_weapons,both,TrainerItemDB,REWARD_ITEM_CANDIDATE,single-player AddItem path; persistence unverified
item_100796355,100796355,Items.100796355,Items.100796355,AssaultRifles.AK47.dlc01__withLight,custom_weapons,dlc_solo,TrainerItemDB,REWARD_ITEM_CANDIDATE,single-player AddItem path; persistence unverified
item_2418918814,2418918814,Items.2418918814,Items.2418918814,AssaultRifles.Goblin,custom_weapons,both,TrainerItemDB,REWARD_ITEM_CANDIDATE,single-player AddItem path; persistence unverified
item_2468673041,2468673041,Items.2468673041,Items.2468673041,AssaultRifles.Goblin.SpecOps,custom_weapons,both,TrainerItemDB,REWARD_ITEM_CANDIDATE,single-player AddItem path; persistence unverified
item_3325696339,3325696339,Items.3325696339,Items.3325696339,AssaultRifles.Goblin.dlc01_GunChicago,custom_weapons,dlc_solo,TrainerItemDB,REWARD_ITEM_CANDIDATE,single-player AddItem path; persistence unverified
item_2251719453,2251719453,Items.2251719453,Items.2251719453,AssaultRifles.Goblin.dlc01_with_Light,custom_weapons,dlc_solo,TrainerItemDB,REWARD_ITEM_CANDIDATE,single-player AddItem path; persistence unverified
item_2207476062,2207476062,Items.2207476062,Items.2207476062,AssaultRifles.OCP11,custom_weapons,both,TrainerItemDB,REWARD_ITEM_CANDIDATE,single-player AddItem path; persistence unverified
item_900578037,900578037,Items.900578037,Items.900578037,AssaultRifles.U100,custom_weapons,both,TrainerItemDB,REWARD_ITEM_CANDIDATE,single-player AddItem path; persistence unverified
item_3686051368,3686051368,Items.3686051368,Items.3686051368,AssaultRifles.U100.dlc01_with_Light,custom_weapons,dlc_solo,TrainerItemDB,REWARD_ITEM_CANDIDATE,single-player AddItem path; persistence unverified
item_2234429578,2234429578,Items.2234429578,Items.2234429578,GrenadeLauncher.G106,custom_weapons,both,TrainerItemDB,REWARD_ITEM_CANDIDATE,single-player AddItem path; persistence unverified
item_3139436764,3139436764,Items.3139436764,Items.3139436764,GrenadeLauncher.GL94,custom_weapons,both,TrainerItemDB,REWARD_ITEM_CANDIDATE,single-player AddItem path; persistence unverified
item_3058031155,3058031155,Items.3058031155,Items.3058031155,Pistols.1911,custom_weapons,both,TrainerItemDB,REWARD_ITEM_CANDIDATE,single-player AddItem path; persistence unverified
item_1317933866,1317933866,Items.1317933866,Items.1317933866,Pistols.1911.SpecOps,custom_weapons,both,TrainerItemDB,REWARD_ITEM_CANDIDATE,single-player AddItem path; persistence unverified
item_4158329682,4158329682,Items.4158329682,Items.4158329682,Pistols.1911.dlc01_With_Light,custom_weapons,dlc_solo,TrainerItemDB,REWARD_ITEM_CANDIDATE,single-player AddItem path; persistence unverified
item_700442069,700442069,Items.700442069,Items.700442069,Pistols.357REX,custom_weapons,both,TrainerItemDB,REWARD_ITEM_CANDIDATE,single-player AddItem path; persistence unverified
item_1152216776,1152216776,Items.1152216776,Items.1152216776,Pistols.D50,custom_weapons,both,TrainerItemDB,REWARD_ITEM_CANDIDATE,single-player AddItem path; persistence unverified
item_2156459795,2156459795,Items.2156459795,Items.2156459795,Pistols.D50.Uplay_Gold,custom_weapons,both,TrainerItemDB,REWARD_ITEM_CANDIDATE,single-player AddItem path; persistence unverified
item_806742069,806742069,Items.806742069,Items.806742069,Pistols.D50.dlc01_with_Light,custom_weapons,dlc_solo,TrainerItemDB,REWARD_ITEM_CANDIDATE,single-player AddItem path; persistence unverified
item_4108766497,4108766497,Items.4108766497,Items.4108766497,Pistols.M8M,custom_weapons,both,TrainerItemDB,REWARD_ITEM_CANDIDATE,single-player AddItem path; persistence unverified
item_1683351324,1683351324,Items.1683351324,Items.1683351324,Pistols.M8M.Sig_Chrome,custom_weapons,both,TrainerItemDB,REWARD_ITEM_CANDIDATE,single-player AddItem path; persistence unverified
item_3931946972,3931946972,Items.3931946972,Items.3931946972,Pistols.M8M.ULC_Cyberpunk,custom_weapons,both,TrainerItemDB,REWARD_ITEM_CANDIDATE,single-player AddItem path; persistence unverified
item_2269372495,2269372495,Items.2269372495,Items.2269372495,Pistols.P9mm,custom_weapons,both,TrainerItemDB,REWARD_ITEM_CANDIDATE,single-player AddItem path; persistence unverified
item_879325179,879325179,Items.879325179,Items.879325179,Pistols.PX4,custom_weapons,both,TrainerItemDB,REWARD_ITEM_CANDIDATE,single-player AddItem path; persistence unverified
item_3084233886,3084233886,Items.3084233886,Items.3084233886,Pistols.R33,custom_weapons,both,TrainerItemDB,REWARD_ITEM_CANDIDATE,single-player AddItem path; persistence unverified
item_2797606245,2797606245,Items.2797606245,Items.2797606245,Pistols.R33.ULC_R33b,custom_weapons,both,TrainerItemDB,REWARD_ITEM_CANDIDATE,single-player AddItem path; persistence unverified
item_1479791294,1479791294,Items.1479791294,Items.1479791294,SMGs.M1SMG,custom_weapons,both,TrainerItemDB,REWARD_ITEM_CANDIDATE,single-player AddItem path; persistence unverified
item_1128431974,1128431974,Items.1128431974,Items.1128431974,SMGs.M1SMG.Sig_Gold,custom_weapons,both,TrainerItemDB,REWARD_ITEM_CANDIDATE,single-player AddItem path; persistence unverified
item_4258700055,4258700055,Items.4258700055,Items.4258700055,SMGs.MP5,custom_weapons,both,TrainerItemDB,REWARD_ITEM_CANDIDATE,single-player AddItem path; persistence unverified
item_4099987262,4099987262,Items.4099987262,Items.4099987262,SMGs.MP9mm,custom_weapons,both,TrainerItemDB,REWARD_ITEM_CANDIDATE,single-player AddItem path; persistence unverified
item_3059215198,3059215198,Items.3059215198,Items.3059215198,SMGs.R2000,custom_weapons,both,TrainerItemDB,REWARD_ITEM_CANDIDATE,single-player AddItem path; persistence unverified
item_1871022574,1871022574,Items.1871022574,Items.1871022574,SMGs.R2000.dlc01_With_Light,custom_weapons,dlc_solo,TrainerItemDB,REWARD_ITEM_CANDIDATE,single-player AddItem path; persistence unverified
item_2377767549,2377767549,Items.2377767549,Items.2377767549,SMGs.SMG11,custom_weapons,both,TrainerItemDB,REWARD_ITEM_CANDIDATE,single-player AddItem path; persistence unverified
item_2417315000,2417315000,Items.2417315000,Items.2417315000,SMGs.SMG11.SpecOps,custom_weapons,both,TrainerItemDB,REWARD_ITEM_CANDIDATE,single-player AddItem path; persistence unverified
item_92417903,92417903,Items.92417903,Items.92417903,SMGs.Vector45ACP,custom_weapons,both,TrainerItemDB,REWARD_ITEM_CANDIDATE,single-player AddItem path; persistence unverified
item_309961701,309961701,Items.309961701,Items.309961701,SMGs.Vector45ACP.SpecOps,custom_weapons,both,TrainerItemDB,REWARD_ITEM_CANDIDATE,single-player AddItem path; persistence unverified
item_1758597563,1758597563,Items.1758597563,Items.1758597563,Shotguns.ACS12,custom_weapons,both,TrainerItemDB,REWARD_ITEM_CANDIDATE,single-player AddItem path; persistence unverified
item_2721974925,2721974925,Items.2721974925,Items.2721974925,Shotguns.D12,custom_weapons,both,TrainerItemDB,REWARD_ITEM_CANDIDATE,single-player AddItem path; persistence unverified
item_3514256628,3514256628,Items.3514256628,Items.3514256628,Shotguns.M1014,custom_weapons,both,TrainerItemDB,REWARD_ITEM_CANDIDATE,single-player AddItem path; persistence unverified
item_4180379768,4180379768,Items.4180379768,Items.4180379768,Shotguns.RSG12,custom_weapons,both,TrainerItemDB,REWARD_ITEM_CANDIDATE,single-player AddItem path; persistence unverified
item_1616184392,1616184392,Items.1616184392,Items.1616184392,Shotguns.RSG12.dlc01_with_Light,custom_weapons,dlc_solo,TrainerItemDB,REWARD_ITEM_CANDIDATE,single-player AddItem path; persistence unverified
item_770883050,770883050,Items.770883050,Items.770883050,Shotguns.SG590,custom_weapons,both,TrainerItemDB,REWARD_ITEM_CANDIDATE,single-player AddItem path; persistence unverified
item_2565686444,2565686444,Items.2565686444,Items.2565686444,Shotguns.SG590.Sig_Piledriver,custom_weapons,both,TrainerItemDB,REWARD_ITEM_CANDIDATE,single-player AddItem path; persistence unverified
item_340852083,340852083,Items.340852083,Items.340852083,Shotguns.SG590.dlc01_with_Light,custom_weapons,dlc_solo,TrainerItemDB,REWARD_ITEM_CANDIDATE,single-player AddItem path; persistence unverified
item_1577674928,1577674928,Items.1577674928,Items.1577674928,SniperRifles.ACE,custom_weapons,both,TrainerItemDB,REWARD_ITEM_CANDIDATE,single-player AddItem path; persistence unverified
item_3745523832,3745523832,Items.3745523832,Items.3745523832,SniperRifles.M107,custom_weapons,both,TrainerItemDB,REWARD_ITEM_CANDIDATE,single-player AddItem path; persistence unverified
item_2343466147,2343466147,Items.2343466147,Items.2343466147,SniperRifles.M107.Sig_Destroyer,custom_weapons,both,TrainerItemDB,REWARD_ITEM_CANDIDATE,single-player AddItem path; persistence unverified
item_1853148230,1853148230,Items.1853148230,Items.1853148230,SniperRifles.SR25,custom_weapons,both,TrainerItemDB,REWARD_ITEM_CANDIDATE,single-player AddItem path; persistence unverified
item_2846081333,2846081333,Items.2846081333,Items.2846081333,SniperRifles.SR25.JordiSniper,custom_weapons,both,TrainerItemDB,REWARD_ITEM_CANDIDATE,single-player AddItem path; persistence unverified
item_56535471,56535471,Items.56535471,Items.56535471,SniperRifles.SVD,custom_weapons,both,TrainerItemDB,REWARD_ITEM_CANDIDATE,single-player AddItem path; persistence unverified
item_1830466540,1830466540,Items.1830466540,Items.1830466540,Biometric ACR,dlc_weapons,campaign,Weapon,IMPLEMENTED_UNVERIFIED,仅测试你已拥有的 Complete Edition 内容，不授予 DLC 所有权。
item_2156459794,2156459794,Items.2156459794,Items.2156459794,Golden D50（本地物品候选）,dlc_weapons,campaign,Weapon,IMPLEMENTED_UNVERIFIED,
item_3931946971,3931946971,Items.3931946971,Items.3931946971,Cyberpunk 手枪,dlc_weapons,campaign,Weapon,IMPLEMENTED_UNVERIFIED,仅测试你已拥有的 Complete Edition 内容，不授予 DLC 所有权。
item_2797606244,2797606244,Items.2797606244,Items.2797606244,R-33B,dlc_weapons,campaign,Weapon,IMPLEMENTED_UNVERIFIED,仅测试你已拥有的 Complete Edition 内容，不授予 DLC 所有权。
item_100796354,100796354,Items.100796354,Items.100796354,AK-47（手电）,bb_weapons,dlc_solo,Weapon,IMPLEMENTED_UNVERIFIED,
item_3686051367,3686051367,Items.3686051367,Items.3686051367,U100（手电）,bb_weapons,dlc_solo,Weapon,IMPLEMENTED_UNVERIFIED,
item_4158329681,4158329681,Items.4158329681,Items.4158329681,1911（手电）,bb_weapons,dlc_solo,Weapon,IMPLEMENTED_UNVERIFIED,
item_806742068,806742068,Items.806742068,Items.806742068,D50（手电）,bb_weapons,dlc_solo,Weapon,IMPLEMENTED_UNVERIFIED,
item_1871022573,1871022573,Items.1871022573,Items.1871022573,R-2000（手电）,bb_weapons,dlc_solo,Weapon,IMPLEMENTED_UNVERIFIED,
item_1616184391,1616184391,Items.1616184391,Items.1616184391,SGR-12（手电）,bb_weapons,dlc_solo,Weapon,IMPLEMENTED_UNVERIFIED,
item_340852082,340852082,Items.340852082,Items.340852082,SG-90（手电）,bb_weapons,dlc_solo,Weapon,IMPLEMENTED_UNVERIFIED,
item_2485466735,2485466735,Items.2485466735,Items.2485466735,Spec Ops M107,bb_weapons,dlc_solo,Weapon,IMPLEMENTED_UNVERIFIED,
item_2257375190,2257375190,Items.2257375190,Items.2257375190,电池补充（奖励项实验）,supplies,both,General,IMPLEMENTED_UNVERIFIED,
item_2546636026,2546636026,Items.2546636026,Items.2546636026,停电道具,supplies,both,Tech,IMPLEMENTED_UNVERIFIED,
item_673371641,673371641,Items.673371641,Items.673371641,化学材料,supplies,both,Explosives,IMPLEMENTED_UNVERIFIED,
item_3108044763,3108044763,Items.3108044763,Items.3108044763,电子零件,supplies,both,Tech,IMPLEMENTED_UNVERIFIED,
item_4088031736,4088031736,Items.4088031736,Items.4088031736,爆炸材料,supplies,both,Explosives,IMPLEMENTED_UNVERIFIED,
item_901132570,901132570,Items.901132570,Items.901132570,专注恢复道具,supplies,both,Meds,IMPLEMENTED_UNVERIFIED,
item_3651876853,3651876853,Items.3651876853,Items.3651876853,破片手榴弹,supplies,both,Projectiles,IMPLEMENTED_UNVERIFIED,
item_2840708499,2840708499,Items.2840708499,Items.2840708499,简易爆炸装置,supplies,both,Projectiles,IMPLEMENTED_UNVERIFIED,
item_2559303206,2559303206,Items.2559303206,Items.2559303206,通讯干扰,supplies,both,Tech,IMPLEMENTED_UNVERIFIED,
item_416387092,416387092,Items.416387092,Items.416387092,诱饵,supplies,both,Projectiles,IMPLEMENTED_UNVERIFIED,
item_4292418427,4292418427,Items.4292418427,Items.4292418427,药物材料,supplies,both,Meds,IMPLEMENTED_UNVERIFIED,
item_2987530112,2987530112,Items.2987530112,Items.2987530112,感应式 IED,supplies,both,Projectiles,IMPLEMENTED_UNVERIFIED,
item_1125886109,1125886109,Items.1125886109,Items.1125886109,回收零件,supplies,both,Explosives,IMPLEMENTED_UNVERIFIED,
item_1174431968,1174431968,Items.1174431968,Items.1174431968,ctOS 扫描,supplies,both,Tech,IMPLEMENTED_UNVERIFIED,
item_519459146,519459146,Items.519459146,Items.519459146,ATMHackBoost,upgrades,both,TrainerItemDB,REWARD_ITEM_CANDIDATE,single-player AddItem path; persistence unverified
item_301910089,301910089,Items.301910089,Items.301910089,ATMHackBoostPlus,upgrades,both,TrainerItemDB,REWARD_ITEM_CANDIDATE,single-player AddItem path; persistence unverified
item_3093925984,3093925984,Items.3093925984,Items.3093925984,ATMHackboostPlusSchematic,upgrades,both,TrainerItemDB,REWARD_ITEM_CANDIDATE,single-player AddItem path; persistence unverified
item_3819978533,3819978533,Items.3819978533,Items.3819978533,ATMHackboostSchematic,upgrades,both,TrainerItemDB,REWARD_ITEM_CANDIDATE,single-player AddItem path; persistence unverified
item_1605707491,1605707491,Items.1605707491,Items.1605707491,AttractorPTreeSchematic,upgrades,both,TrainerItemDB,REWARD_ITEM_CANDIDATE,single-player AddItem path; persistence unverified
item_3182558545,3182558545,Items.3182558545,Items.3182558545,BatteryBaseSchematic,upgrades,both,TrainerItemDB,REWARD_ITEM_CANDIDATE,single-player AddItem path; persistence unverified
item_58113891,58113891,Items.58113891,Items.58113891,BatterySONYPack,upgrades,both,TrainerItemDB,REWARD_ITEM_CANDIDATE,single-player AddItem path; persistence unverified
item_3882396365,3882396365,Items.3882396365,Items.3882396365,BatteryStartPack,upgrades,both,TrainerItemDB,REWARD_ITEM_CANDIDATE,single-player AddItem path; persistence unverified
item_1380867060,1380867060,Items.1380867060,Items.1380867060,BatteryStartPack.BatteryStartPack_MP,upgrades,both,TrainerItemDB,REWARD_ITEM_CANDIDATE,single-player AddItem path; persistence unverified
item_3064968823,3064968823,Items.3064968823,Items.3064968823,BatteryULCPack,upgrades,both,TrainerItemDB,REWARD_ITEM_CANDIDATE,single-player AddItem path; persistence unverified
item_1174782478,1174782478,Items.1174782478,Items.1174782478,BatteryUp1Pack,upgrades,both,TrainerItemDB,REWARD_ITEM_CANDIDATE,single-player AddItem path; persistence unverified
item_2539604145,2539604145,Items.2539604145,Items.2539604145,BatteryUp1Schematic,upgrades,both,TrainerItemDB,REWARD_ITEM_CANDIDATE,single-player AddItem path; persistence unverified
item_27637982,27637982,Items.27637982,Items.27637982,BatteryUp2Pack,upgrades,both,TrainerItemDB,REWARD_ITEM_CANDIDATE,single-player AddItem path; persistence unverified
item_2087252914,2087252914,Items.2087252914,Items.2087252914,BatteryUp2Schematic,upgrades,both,TrainerItemDB,REWARD_ITEM_CANDIDATE,single-player AddItem path; persistence unverified
item_1019580782,1019580782,Items.1019580782,Items.1019580782,BatteryUp3Pack,upgrades,both,TrainerItemDB,REWARD_ITEM_CANDIDATE,single-player AddItem path; persistence unverified
item_2477430924,2477430924,Items.2477430924,Items.2477430924,BatteryUp3Schematic,upgrades,both,TrainerItemDB,REWARD_ITEM_CANDIDATE,single-player AddItem path; persistence unverified
item_745230648,745230648,Items.745230648,Items.745230648,BatteryUpSONYSchematic,upgrades,both,TrainerItemDB,REWARD_ITEM_CANDIDATE,single-player AddItem path; persistence unverified
item_2463749055,2463749055,Items.2463749055,Items.2463749055,BatteryUpULCSchematic,upgrades,both,TrainerItemDB,REWARD_ITEM_CANDIDATE,single-player AddItem path; persistence unverified
item_3123203865,3123203865,Items.3123203865,Items.3123203865,BlockersHack,upgrades,both,TrainerItemDB,REWARD_ITEM_CANDIDATE,single-player AddItem path; persistence unverified
item_1337578010,1337578010,Items.1337578010,Items.1337578010,BlockersSchematic,upgrades,both,TrainerItemDB,REWARD_ITEM_CANDIDATE,single-player AddItem path; persistence unverified
item_43264124,43264124,Items.43264124,Items.43264124,BridgeHack,upgrades,both,TrainerItemDB,REWARD_ITEM_CANDIDATE,single-player AddItem path; persistence unverified
item_2692462884,2692462884,Items.2692462884,Items.2692462884,BridgeSchematic,upgrades,both,TrainerItemDB,REWARD_ITEM_CANDIDATE,single-player AddItem path; persistence unverified
item_832384348,832384348,Items.832384348,Items.832384348,CameraHack,upgrades,both,TrainerItemDB,REWARD_ITEM_CANDIDATE,single-player AddItem path; persistence unverified
item_3014339726,3014339726,Items.3014339726,Items.3014339726,CameraHack.CameraHack_MP,upgrades,both,TrainerItemDB,REWARD_ITEM_CANDIDATE,single-player AddItem path; persistence unverified
item_3757466468,3757466468,Items.3757466468,Items.3757466468,CameraSchematic,upgrades,both,TrainerItemDB,REWARD_ITEM_CANDIDATE,single-player AddItem path; persistence unverified
item_3392821760,3392821760,Items.3392821760,Items.3392821760,ConstructionHack,upgrades,both,TrainerItemDB,REWARD_ITEM_CANDIDATE,single-player AddItem path; persistence unverified
item_2361476764,2361476764,Items.2361476764,Items.2361476764,ConstructionHack.ConstructionHack_MP,upgrades,both,TrainerItemDB,REWARD_ITEM_CANDIDATE,single-player AddItem path; persistence unverified
item_4286753304,4286753304,Items.4286753304,Items.4286753304,ConstructionSchematic,upgrades,both,TrainerItemDB,REWARD_ITEM_CANDIDATE,single-player AddItem path; persistence unverified
item_2544919476,2544919476,Items.2544919476,Items.2544919476,DisableRCallHack,upgrades,both,TrainerItemDB,REWARD_ITEM_CANDIDATE,single-player AddItem path; persistence unverified
item_1951469224,1951469224,Items.1951469224,Items.1951469224,DisableRCallSchematic,upgrades,both,TrainerItemDB,REWARD_ITEM_CANDIDATE,single-player AddItem path; persistence unverified
item_3779490046,3779490046,Items.3779490046,Items.3779490046,DistractionHack,upgrades,both,TrainerItemDB,REWARD_ITEM_CANDIDATE,single-player AddItem path; persistence unverified
item_3969017635,3969017635,Items.3969017635,Items.3969017635,DistractionSchematic,upgrades,both,TrainerItemDB,REWARD_ITEM_CANDIDATE,single-player AddItem path; persistence unverified
item_3017833329,3017833329,Items.3017833329,Items.3017833329,DoorHack,upgrades,both,TrainerItemDB,REWARD_ITEM_CANDIDATE,single-player AddItem path; persistence unverified
item_4209852821,4209852821,Items.4209852821,Items.4209852821,DoorHack.DoorHack_MP,upgrades,both,TrainerItemDB,REWARD_ITEM_CANDIDATE,single-player AddItem path; persistence unverified
item_3331897757,3331897757,Items.3331897757,Items.3331897757,DoorSchematic,upgrades,both,TrainerItemDB,REWARD_ITEM_CANDIDATE,single-player AddItem path; persistence unverified
item_2752826312,2752826312,Items.2752826312,Items.2752826312,ElevatorHack,upgrades,both,TrainerItemDB,REWARD_ITEM_CANDIDATE,single-player AddItem path; persistence unverified
item_3937837568,3937837568,Items.3937837568,Items.3937837568,ElevatorSchematic,upgrades,both,TrainerItemDB,REWARD_ITEM_CANDIDATE,single-player AddItem path; persistence unverified
item_1406303665,1406303665,Items.1406303665,Items.1406303665,FocusPower,upgrades,both,TrainerItemDB,REWARD_ITEM_CANDIDATE,single-player AddItem path; persistence unverified
item_3813649271,3813649271,Items.3813649271,Items.3813649271,GatesGaragesHack,upgrades,both,TrainerItemDB,REWARD_ITEM_CANDIDATE,single-player AddItem path; persistence unverified
item_3257358293,3257358293,Items.3257358293,Items.3257358293,GatesGaragesHack.GatesGaragesHack_MP,upgrades,both,TrainerItemDB,REWARD_ITEM_CANDIDATE,single-player AddItem path; persistence unverified
item_2013087669,2013087669,Items.2013087669,Items.2013087669,GatesGaragesSchematic,upgrades,both,TrainerItemDB,REWARD_ITEM_CANDIDATE,single-player AddItem path; persistence unverified
item_2957481979,2957481979,Items.2957481979,Items.2957481979,HelicopterDisruptHack,upgrades,both,TrainerItemDB,REWARD_ITEM_CANDIDATE,single-player AddItem path; persistence unverified
item_2744461528,2744461528,Items.2744461528,Items.2744461528,HelmetHack,upgrades,both,TrainerItemDB,REWARD_ITEM_CANDIDATE,single-player AddItem path; persistence unverified
item_1705177389,1705177389,Items.1705177389,Items.1705177389,HelmetHackSchematic,upgrades,both,TrainerItemDB,REWARD_ITEM_CANDIDATE,single-player AddItem path; persistence unverified
item_3087917608,3087917608,Items.3087917608,Items.3087917608,JunctionLBoxHack,upgrades,both,TrainerItemDB,REWARD_ITEM_CANDIDATE,single-player AddItem path; persistence unverified
item_3940040905,3940040905,Items.3940040905,Items.3940040905,JunctionLBoxSchematic,upgrades,both,TrainerItemDB,REWARD_ITEM_CANDIDATE,single-player AddItem path; persistence unverified
item_514167121,514167121,Items.514167121,Items.514167121,LTrainHack,upgrades,both,TrainerItemDB,REWARD_ITEM_CANDIDATE,single-player AddItem path; persistence unverified
item_1218894514,1218894514,Items.1218894514,Items.1218894514,LTrainSchematic,upgrades,both,TrainerItemDB,REWARD_ITEM_CANDIDATE,single-player AddItem path; persistence unverified
item_2334174364,2334174364,Items.2334174364,Items.2334174364,MechDeviceHack,upgrades,both,TrainerItemDB,REWARD_ITEM_CANDIDATE,single-player AddItem path; persistence unverified
item_195184806,195184806,Items.195184806,Items.195184806,MechDeviceSchematic,upgrades,both,TrainerItemDB,REWARD_ITEM_CANDIDATE,single-player AddItem path; persistence unverified
item_1273443460,1273443460,Items.1273443460,Items.1273443460,OnlineContractExtraCashULC,upgrades,both,TrainerItemDB,REWARD_ITEM_CANDIDATE,single-player AddItem path; persistence unverified
item_2186747631,2186747631,Items.2186747631,Items.2186747631,PersonalDevHack,upgrades,both,TrainerItemDB,REWARD_ITEM_CANDIDATE,single-player AddItem path; persistence unverified
item_3231202513,3231202513,Items.3231202513,Items.3231202513,PersonalDevHack.PersonalDevHack_MP,upgrades,both,TrainerItemDB,REWARD_ITEM_CANDIDATE,single-player AddItem path; persistence unverified
item_970958850,970958850,Items.970958850,Items.970958850,PersonalDevSchematic,upgrades,both,TrainerItemDB,REWARD_ITEM_CANDIDATE,single-player AddItem path; persistence unverified
item_65437302,65437302,Items.65437302,Items.65437302,ProfilingOptimization,upgrades,both,TrainerItemDB,REWARD_ITEM_CANDIDATE,single-player AddItem path; persistence unverified
item_2849980696,2849980696,Items.2849980696,Items.2849980696,ProfilingOptimizationSchematic,upgrades,both,TrainerItemDB,REWARD_ITEM_CANDIDATE,single-player AddItem path; persistence unverified
item_445486180,445486180,Items.445486180,Items.445486180,SteamJetHack,upgrades,both,TrainerItemDB,REWARD_ITEM_CANDIDATE,single-player AddItem path; persistence unverified
item_1150013226,1150013226,Items.1150013226,Items.1150013226,SteamJetSchematic,upgrades,both,TrainerItemDB,REWARD_ITEM_CANDIDATE,single-player AddItem path; persistence unverified
item_2741889839,2741889839,Items.2741889839,Items.2741889839,SteamPipeBaseApp,upgrades,both,TrainerItemDB,REWARD_ITEM_CANDIDATE,single-player AddItem path; persistence unverified
item_3208993956,3208993956,Items.3208993956,Items.3208993956,SteamPipeBaseApp.SteamPipeBaseApp_MP,upgrades,both,TrainerItemDB,REWARD_ITEM_CANDIDATE,single-player AddItem path; persistence unverified
item_1933807963,1933807963,Items.1933807963,Items.1933807963,SteamPipeBaseSchematic,upgrades,both,TrainerItemDB,REWARD_ITEM_CANDIDATE,single-player AddItem path; persistence unverified
item_1440144925,1440144925,Items.1440144925,Items.1440144925,SteamPipeUp1App,upgrades,both,TrainerItemDB,REWARD_ITEM_CANDIDATE,single-player AddItem path; persistence unverified
item_4232669349,4232669349,Items.4232669349,Items.4232669349,SteamPipeUp1Schematic,upgrades,both,TrainerItemDB,REWARD_ITEM_CANDIDATE,single-player AddItem path; persistence unverified
item_3632418892,3632418892,Items.3632418892,Items.3632418892,ToBeDeleted_AutoHackSchematic,upgrades,both,TrainerItemDB,REWARD_ITEM_CANDIDATE,single-player AddItem path; persistence unverified
item_3316579561,3316579561,Items.3316579561,Items.3316579561,ToBeDeleted_AutoHackUG,upgrades,both,TrainerItemDB,REWARD_ITEM_CANDIDATE,single-player AddItem path; persistence unverified
item_2476514669,2476514669,Items.2476514669,Items.2476514669,ToBeDeleted_DispRewProfOffSchematic,upgrades,both,TrainerItemDB,REWARD_ITEM_CANDIDATE,single-player AddItem path; persistence unverified
item_414321212,414321212,Items.414321212,Items.414321212,ToBeDeleted_DispRewProfOffUG,upgrades,both,TrainerItemDB,REWARD_ITEM_CANDIDATE,single-player AddItem path; persistence unverified
item_2832659339,2832659339,Items.2832659339,Items.2832659339,ToBeDeleted_GridFilterSchematic,upgrades,both,TrainerItemDB,REWARD_ITEM_CANDIDATE,single-player AddItem path; persistence unverified
item_605112590,605112590,Items.605112590,Items.605112590,ToBeDeleted_GridFilterUG,upgrades,both,TrainerItemDB,REWARD_ITEM_CANDIDATE,single-player AddItem path; persistence unverified
item_496419247,496419247,Items.496419247,Items.496419247,ToBeDeleted_JunctionSBoxHack,upgrades,both,TrainerItemDB,REWARD_ITEM_CANDIDATE,single-player AddItem path; persistence unverified
item_2041525030,2041525030,Items.2041525030,Items.2041525030,ToBeDeleted_JunctionSBoxSchematic,upgrades,both,TrainerItemDB,REWARD_ITEM_CANDIDATE,single-player AddItem path; persistence unverified
item_3400401864,3400401864,Items.3400401864,Items.3400401864,ToBeDeleted_MRotBridgeHack,upgrades,both,TrainerItemDB,REWARD_ITEM_CANDIDATE,single-player AddItem path; persistence unverified
item_1794660614,1794660614,Items.1794660614,Items.1794660614,ToBeDeleted_MRotBridgeSchematic,upgrades,both,TrainerItemDB,REWARD_ITEM_CANDIDATE,single-player AddItem path; persistence unverified
item_3469660447,3469660447,Items.3469660447,Items.3469660447,ToBeDeleted_MTBoneSchematic,upgrades,both,TrainerItemDB,REWARD_ITEM_CANDIDATE,single-player AddItem path; persistence unverified
item_2984928137,2984928137,Items.2984928137,Items.2984928137,ToBeDeleted_MTrainCarHack,upgrades,both,TrainerItemDB,REWARD_ITEM_CANDIDATE,single-player AddItem path; persistence unverified
item_2400541405,2400541405,Items.2400541405,Items.2400541405,ToBeDeleted_MTrainCarSchematic,upgrades,both,TrainerItemDB,REWARD_ITEM_CANDIDATE,single-player AddItem path; persistence unverified
item_1147066914,1147066914,Items.1147066914,Items.1147066914,ToBeDeleted_TechTDSchematic,upgrades,both,TrainerItemDB,REWARD_ITEM_CANDIDATE,single-player AddItem path; persistence unverified
item_3272805934,3272805934,Items.3272805934,Items.3272805934,ToBeDeleted_TechTDUG,upgrades,both,TrainerItemDB,REWARD_ITEM_CANDIDATE,single-player AddItem path; persistence unverified
item_2199293191,2199293191,Items.2199293191,Items.2199293191,ToBeDeleted_TrafficLightUp1App,upgrades,both,TrainerItemDB,REWARD_ITEM_CANDIDATE,single-player AddItem path; persistence unverified
item_436418950,436418950,Items.436418950,Items.436418950,ToBeDeleted_TrafficLightUp1Schematic,upgrades,both,TrainerItemDB,REWARD_ITEM_CANDIDATE,single-player AddItem path; persistence unverified
item_1591333382,1591333382,Items.1591333382,Items.1591333382,TrafficLightBaseApp,upgrades,both,TrainerItemDB,REWARD_ITEM_CANDIDATE,single-player AddItem path; persistence unverified
item_481818248,481818248,Items.481818248,Items.481818248,TrafficLightBaseApp.TrafficLightBaseApp_MP,upgrades,both,TrainerItemDB,REWARD_ITEM_CANDIDATE,single-player AddItem path; persistence unverified
item_1744861964,1744861964,Items.1744861964,Items.1744861964,TrafficLightSchematic,upgrades,both,TrainerItemDB,REWARD_ITEM_CANDIDATE,single-player AddItem path; persistence unverified
item_2828919031,2828919031,Items.2828919031,Items.2828919031,TrafficSpikesHack,upgrades,both,TrainerItemDB,REWARD_ITEM_CANDIDATE,single-player AddItem path; persistence unverified
item_2760796441,2760796441,Items.2760796441,Items.2760796441,TrafficSpikesSchematic,upgrades,both,TrainerItemDB,REWARD_ITEM_CANDIDATE,single-player AddItem path; persistence unverified
item_692322266,692322266,Items.692322266,Items.692322266,TransformerHack,upgrades,both,TrainerItemDB,REWARD_ITEM_CANDIDATE,single-player AddItem path; persistence unverified
item_1744951079,1744951079,Items.1744951079,Items.1744951079,TransformerSchematic,upgrades,both,TrainerItemDB,REWARD_ITEM_CANDIDATE,single-player AddItem path; persistence unverified
item_152829514,152829514,Items.152829514,Items.152829514,ULC_HackBoost,upgrades,both,TrainerItemDB,REWARD_ITEM_CANDIDATE,single-player AddItem path; persistence unverified
item_129363566,129363566,Items.129363566,Items.129363566,ULC_HackboostSchematic,upgrades,both,TrainerItemDB,REWARD_ITEM_CANDIDATE,single-player AddItem path; persistence unverified
item_2292533905,2292533905,Items.2292533905,Items.2292533905,UnlockCarHack,upgrades,both,TrainerItemDB,REWARD_ITEM_CANDIDATE,single-player AddItem path; persistence unverified
item_3577253785,3577253785,Items.3577253785,Items.3577253785,UnlockCarSchematic,upgrades,both,TrainerItemDB,REWARD_ITEM_CANDIDATE,single-player AddItem path; persistence unverified
item_635887570,635887570,Items.635887570,Items.635887570,AttractorSchematic,tech,both,TrainerItemDB,REWARD_ITEM_CANDIDATE,single-player AddItem path; persistence unverified
item_3389037203,3389037203,Items.3389037203,Items.3389037203,BlackOutCC.3-pack,tech,both,TrainerItemDB,REWARD_ITEM_CANDIDATE,single-player AddItem path; persistence unverified
item_475625870,475625870,Items.475625870,Items.475625870,BlackOutCC.5-pack,tech,both,TrainerItemDB,REWARD_ITEM_CANDIDATE,single-player AddItem path; persistence unverified
item_810871946,810871946,Items.810871946,Items.810871946,BlackOutCC.A01_M01,tech,both,TrainerItemDB,REWARD_ITEM_CANDIDATE,single-player AddItem path; persistence unverified
item_4212439857,4212439857,Items.4212439857,Items.4212439857,BlackOutCC.BlackOutDecryptionCombat,tech,both,TrainerItemDB,REWARD_ITEM_CANDIDATE,single-player AddItem path; persistence unverified
item_2681626107,2681626107,Items.2681626107,Items.2681626107,BlackOutSchematic,tech,both,TrainerItemDB,REWARD_ITEM_CANDIDATE,single-player AddItem path; persistence unverified
item_2559303203,2559303203,Items.2559303203,Items.2559303203,Black_Market,tech,both,TrainerItemDB,REWARD_ITEM_CANDIDATE,single-player AddItem path; persistence unverified
item_675574867,675574867,Items.675574867,Items.675574867,Black_MarketSchematic,tech,both,TrainerItemDB,REWARD_ITEM_CANDIDATE,single-player AddItem path; persistence unverified
item_2559303202,2559303202,Items.2559303202,Items.2559303202,Bodyguard,tech,both,TrainerItemDB,REWARD_ITEM_CANDIDATE,single-player AddItem path; persistence unverified
item_675574866,675574866,Items.675574866,Items.675574866,BodyguardSchematic,tech,both,TrainerItemDB,REWARD_ITEM_CANDIDATE,single-player AddItem path; persistence unverified
item_2559303201,2559303201,Items.2559303201,Items.2559303201,Call_911,tech,both,TrainerItemDB,REWARD_ITEM_CANDIDATE,single-player AddItem path; persistence unverified
item_675574865,675574865,Items.675574865,Items.675574865,Call_911Schematic,tech,both,TrainerItemDB,REWARD_ITEM_CANDIDATE,single-player AddItem path; persistence unverified
item_2559303207,2559303207,Items.2559303207,Items.2559303207,Cigar,tech,both,TrainerItemDB,REWARD_ITEM_CANDIDATE,single-player AddItem path; persistence unverified
item_675574871,675574871,Items.675574871,Items.675574871,CigarSchematic,tech,both,TrainerItemDB,REWARD_ITEM_CANDIDATE,single-player AddItem path; persistence unverified
item_894483207,894483207,Items.894483207,Items.894483207,DisruptCommCC.3-pack,tech,both,TrainerItemDB,REWARD_ITEM_CANDIDATE,single-player AddItem path; persistence unverified
item_3809040410,3809040410,Items.3809040410,Items.3809040410,DisruptCommCC.5-pack,tech,both,TrainerItemDB,REWARD_ITEM_CANDIDATE,single-player AddItem path; persistence unverified
item_339210834,339210834,Items.339210834,Items.339210834,DisruptCommCC.DisruptCommDecryptionCombat,tech,both,TrainerItemDB,REWARD_ITEM_CANDIDATE,single-player AddItem path; persistence unverified
item_675574864,675574864,Items.675574864,Items.675574864,DisruptCommSchematic,tech,both,TrainerItemDB,REWARD_ITEM_CANDIDATE,single-player AddItem path; persistence unverified
item_675574872,675574872,Items.675574872,Items.675574872,StickyCameraSchematic,tech,both,TrainerItemDB,REWARD_ITEM_CANDIDATE,single-player AddItem path; persistence unverified
item_2559303205,2559303205,Items.2559303205,Items.2559303205,Taxi,tech,both,TrainerItemDB,REWARD_ITEM_CANDIDATE,single-player AddItem path; persistence unverified
item_675574869,675574869,Items.675574869,Items.675574869,TaxiSchematic,tech,both,TrainerItemDB,REWARD_ITEM_CANDIDATE,single-player AddItem path; persistence unverified
item_1259228004,1259228004,Items.1259228004,Items.1259228004,ToBeDeleted_CallOperatorCC,tech,both,TrainerItemDB,REWARD_ITEM_CANDIDATE,single-player AddItem path; persistence unverified
item_2559303204,2559303204,Items.2559303204,Items.2559303204,Turret,tech,both,TrainerItemDB,REWARD_ITEM_CANDIDATE,single-player AddItem path; persistence unverified
item_675574868,675574868,Items.675574868,Items.675574868,TurretSchematic,tech,both,TrainerItemDB,REWARD_ITEM_CANDIDATE,single-player AddItem path; persistence unverified
item_2559303220,2559303220,Items.2559303220,Items.2559303220,Turret_UpgradeCooldown,tech,both,TrainerItemDB,REWARD_ITEM_CANDIDATE,single-player AddItem path; persistence unverified
item_2559303218,2559303218,Items.2559303218,Items.2559303218,Turret_UpgradeRange,tech,both,TrainerItemDB,REWARD_ITEM_CANDIDATE,single-player AddItem path; persistence unverified
item_2559303217,2559303217,Items.2559303217,Items.2559303217,Turret_UpgradeSilencer,tech,both,TrainerItemDB,REWARD_ITEM_CANDIDATE,single-player AddItem path; persistence unverified
item_2559303219,2559303219,Items.2559303219,Items.2559303219,Turret_UpgradeTags,tech,both,TrainerItemDB,REWARD_ITEM_CANDIDATE,single-player AddItem path; persistence unverified
item_1454616311,1454616311,Items.1454616311,Items.1454616311,ctOSScanCC.3-pack,tech,both,TrainerItemDB,REWARD_ITEM_CANDIDATE,single-player AddItem path; persistence unverified
item_3911589792,3911589792,Items.3911589792,Items.3911589792,ctOSScanSchematic,tech,both,TrainerItemDB,REWARD_ITEM_CANDIDATE,single-player AddItem path; persistence unverified
item_3905646721,3905646721,Items.3905646721,Items.3905646721,Attractor_IED.Electric,projectiles,both,TrainerItemDB,REWARD_ITEM_CANDIDATE,single-player AddItem path; persistence unverified
item_3542986693,3542986693,Items.3542986693,Items.3542986693,BaitBomb,projectiles,both,TrainerItemDB,REWARD_ITEM_CANDIDATE,single-player AddItem path; persistence unverified
item_3391476946,3391476946,Items.3391476946,Items.3391476946,Droppable_IED,projectiles,both,TrainerItemDB,REWARD_ITEM_CANDIDATE,single-player AddItem path; persistence unverified
item_3521434841,3521434841,Items.3521434841,Items.3521434841,FragGrenade.2,projectiles,both,TrainerItemDB,REWARD_ITEM_CANDIDATE,single-player AddItem path; persistence unverified
item_2799952975,2799952975,Items.2799952975,Items.2799952975,FragGrenade.3,projectiles,both,TrainerItemDB,REWARD_ITEM_CANDIDATE,single-player AddItem path; persistence unverified
item_651080232,651080232,Items.651080232,Items.651080232,FragGrenade.AI,projectiles,both,TrainerItemDB,REWARD_ITEM_CANDIDATE,single-player AddItem path; persistence unverified
item_2007039141,2007039141,Items.2007039141,Items.2007039141,FragGrenade.AI.Elite,projectiles,both,TrainerItemDB,REWARD_ITEM_CANDIDATE,single-player AddItem path; persistence unverified
item_2136991415,2136991415,Items.2136991415,Items.2136991415,FragGrenade.AI.MP,projectiles,both,TrainerItemDB,REWARD_ITEM_CANDIDATE,single-player AddItem path; persistence unverified
item_2985844511,2985844511,Items.2985844511,Items.2985844511,FragGrenade.FragGrenade_MP,projectiles,both,TrainerItemDB,REWARD_ITEM_CANDIDATE,single-player AddItem path; persistence unverified
item_862653668,862653668,Items.862653668,Items.862653668,IED.2,projectiles,both,TrainerItemDB,REWARD_ITEM_CANDIDATE,single-player AddItem path; persistence unverified
item_1147944050,1147944050,Items.1147944050,Items.1147944050,IED.3,projectiles,both,TrainerItemDB,REWARD_ITEM_CANDIDATE,single-player AddItem path; persistence unverified
item_1301644331,1301644331,Items.1301644331,Items.1301644331,IED.IED_MP,projectiles,both,TrainerItemDB,REWARD_ITEM_CANDIDATE,single-player AddItem path; persistence unverified
item_2950366874,2950366874,Items.2950366874,Items.2950366874,Jammer_Small,projectiles,both,TrainerItemDB,REWARD_ITEM_CANDIDATE,single-player AddItem path; persistence unverified
item_2802137749,2802137749,Items.2802137749,Items.2802137749,PipeBomb,projectiles,both,TrainerItemDB,REWARD_ITEM_CANDIDATE,single-player AddItem path; persistence unverified
item_3927101468,3927101468,Items.3927101468,Items.3927101468,PipeBomb.PipeBombTriggered,projectiles,both,TrainerItemDB,REWARD_ITEM_CANDIDATE,single-player AddItem path; persistence unverified
item_1405233534,1405233534,Items.1405233534,Items.1405233534,Proximity_IED.Proximity_IED_MP,projectiles,both,TrainerItemDB,REWARD_ITEM_CANDIDATE,single-player AddItem path; persistence unverified
item_2559303208,2559303208,Items.2559303208,Items.2559303208,StickyCamera,projectiles,both,TrainerItemDB,REWARD_ITEM_CANDIDATE,single-player AddItem path; persistence unverified
item_3335073352,3335073352,Items.3335073352,Items.3335073352,Chem_Comp.3,explosives,both,TrainerItemDB,REWARD_ITEM_CANDIDATE,single-player AddItem path; persistence unverified
item_3909670755,3909670755,Items.3909670755,Items.3909670755,Exp_Comp.3,explosives,both,TrainerItemDB,REWARD_ITEM_CANDIDATE,single-player AddItem path; persistence unverified
item_299850267,299850267,Items.299850267,Items.299850267,IED_Prox_Schem,explosives,both,TrainerItemDB,REWARD_ITEM_CANDIDATE,single-player AddItem path; persistence unverified
item_1564121516,1564121516,Items.1564121516,Items.1564121516,IED_Trig_Schem,explosives,both,TrainerItemDB,REWARD_ITEM_CANDIDATE,single-player AddItem path; persistence unverified
item_496425938,496425938,Items.496425938,Items.496425938,Pipebomb_Time_Schem,explosives,both,TrainerItemDB,REWARD_ITEM_CANDIDATE,single-player AddItem path; persistence unverified
item_3924616787,3924616787,Items.3924616787,Items.3924616787,RecycledHardware_Comp.3,explosives,both,TrainerItemDB,REWARD_ITEM_CANDIDATE,single-player AddItem path; persistence unverified
item_2875309739,2875309739,Items.2875309739,Items.2875309739,ARBullet,ammo,both,TrainerItemDB,REWARD_ITEM_CANDIDATE,single-player AddItem path; persistence unverified
item_3326393665,3326393665,Items.3326393665,Items.3326393665,ARBullet.Box,ammo,both,TrainerItemDB,REWARD_ITEM_CANDIDATE,single-player AddItem path; persistence unverified
item_661033441,661033441,Items.661033441,Items.661033441,ARBullet.Full,ammo,both,TrainerItemDB,REWARD_ITEM_CANDIDATE,single-player AddItem path; persistence unverified
item_2293470797,2293470797,Items.2293470797,Items.2293470797,AmmoBag,ammo,both,TrainerItemDB,REWARD_ITEM_CANDIDATE,single-player AddItem path; persistence unverified
item_1674442217,1674442217,Items.1674442217,Items.1674442217,AmmoBag_IllegalApps,ammo,both,TrainerItemDB,REWARD_ITEM_CANDIDATE,single-player AddItem path; persistence unverified
item_3376957109,3376957109,Items.3376957109,Items.3376957109,Buckshot,ammo,both,TrainerItemDB,REWARD_ITEM_CANDIDATE,single-player AddItem path; persistence unverified
item_716120090,716120090,Items.716120090,Items.716120090,Buckshot.Box,ammo,both,TrainerItemDB,REWARD_ITEM_CANDIDATE,single-player AddItem path; persistence unverified
item_3677614592,3677614592,Items.3677614592,Items.3677614592,Buckshot.Full,ammo,both,TrainerItemDB,REWARD_ITEM_CANDIDATE,single-player AddItem path; persistence unverified
item_1321691069,1321691069,Items.1321691069,Items.1321691069,GrenadeBullet,ammo,both,TrainerItemDB,REWARD_ITEM_CANDIDATE,single-player AddItem path; persistence unverified
item_424916517,424916517,Items.424916517,Items.424916517,GrenadeBullet.Box,ammo,both,TrainerItemDB,REWARD_ITEM_CANDIDATE,single-player AddItem path; persistence unverified
item_1835410347,1835410347,Items.1835410347,Items.1835410347,GrenadeBullet.Full,ammo,both,TrainerItemDB,REWARD_ITEM_CANDIDATE,single-player AddItem path; persistence unverified
item_2468964847,2468964847,Items.2468964847,Items.2468964847,PistolBullet,ammo,both,TrainerItemDB,REWARD_ITEM_CANDIDATE,single-player AddItem path; persistence unverified
item_1247161357,1247161357,Items.1247161357,Items.1247161357,PistolBullet.Box,ammo,both,TrainerItemDB,REWARD_ITEM_CANDIDATE,single-player AddItem path; persistence unverified
item_1484820171,1484820171,Items.1484820171,Items.1484820171,PistolBullet.Full,ammo,both,TrainerItemDB,REWARD_ITEM_CANDIDATE,single-player AddItem path; persistence unverified
item_1062556922,1062556922,Items.1062556922,Items.1062556922,RefillAll,ammo,both,TrainerItemDB,REWARD_ITEM_CANDIDATE,single-player AddItem path; persistence unverified
item_2581069272,2581069272,Items.2581069272,Items.2581069272,SMGBullet,ammo,both,TrainerItemDB,REWARD_ITEM_CANDIDATE,single-player AddItem path; persistence unverified
item_3076184340,3076184340,Items.3076184340,Items.3076184340,SMGBullet.Box,ammo,both,TrainerItemDB,REWARD_ITEM_CANDIDATE,single-player AddItem path; persistence unverified
item_1008085758,1008085758,Items.1008085758,Items.1008085758,SMGBullet.Full,ammo,both,TrainerItemDB,REWARD_ITEM_CANDIDATE,single-player AddItem path; persistence unverified
item_114103786,114103786,Items.114103786,Items.114103786,SniperBullet,ammo,both,TrainerItemDB,REWARD_ITEM_CANDIDATE,single-player AddItem path; persistence unverified
item_2585009192,2585009192,Items.2585009192,Items.2585009192,SniperBullet.Box,ammo,both,TrainerItemDB,REWARD_ITEM_CANDIDATE,single-player AddItem path; persistence unverified
item_324278460,324278460,Items.324278460,Items.324278460,SniperBullet.Full,ammo,both,TrainerItemDB,REWARD_ITEM_CANDIDATE,single-player AddItem path; persistence unverified
item_3324193065,3324193065,Items.3324193065,Items.3324193065,Drug2_Comp.3,meds,both,TrainerItemDB,REWARD_ITEM_CANDIDATE,single-player AddItem path; persistence unverified
item_658998306,658998306,Items.658998306,Items.658998306,Focus_InsS_Pill.3-pack,meds,both,TrainerItemDB,REWARD_ITEM_CANDIDATE,single-player AddItem path; persistence unverified
item_2910495969,2910495969,Items.2910495969,Items.2910495969,Focus_InsS_Schem,meds,both,TrainerItemDB,REWARD_ITEM_CANDIDATE,single-player AddItem path; persistence unverified
item_2927637471,2927637471,Items.2927637471,Items.2927637471,Prescription,meds,both,TrainerItemDB,REWARD_ITEM_CANDIDATE,single-player AddItem path; persistence unverified
item_2811364499,2811364499,Items.2811364499,Items.2811364499,AdrenalineBoost,food,both,TrainerItemDB,REWARD_ITEM_CANDIDATE,single-player AddItem path; persistence unverified
item_3346289646,3346289646,Items.3346289646,Items.3346289646,AdrenalineBoost.beer,food,both,TrainerItemDB,REWARD_ITEM_CANDIDATE,single-player AddItem path; persistence unverified
item_3730992852,3730992852,Items.3730992852,Items.3730992852,AdrenalineBoost.coffee,food,both,TrainerItemDB,REWARD_ITEM_CANDIDATE,single-player AddItem path; persistence unverified
item_656624586,656624586,Items.656624586,Items.656624586,AdrenalineBoost.cola,food,both,TrainerItemDB,REWARD_ITEM_CANDIDATE,single-player AddItem path; persistence unverified
item_452345590,452345590,Items.452345590,Items.452345590,AdrenalineBoost.energy,food,both,TrainerItemDB,REWARD_ITEM_CANDIDATE,single-player AddItem path; persistence unverified
item_2787538418,2787538418,Items.2787538418,Items.2787538418,AdrenalineBoost.smoothie,food,both,TrainerItemDB,REWARD_ITEM_CANDIDATE,single-player AddItem path; persistence unverified
item_343508677,343508677,Items.343508677,Items.343508677,AdrenalineBoost.water,food,both,TrainerItemDB,REWARD_ITEM_CANDIDATE,single-player AddItem path; persistence unverified
item_1496680169,1496680169,Items.1496680169,Items.1496680169,WaterBottle,food,both,TrainerItemDB,REWARD_ITEM_CANDIDATE,single-player AddItem path; persistence unverified
item_2664796267,2664796267,Items.2664796267,Items.2664796267,AntiqueCoin,misc_items,both,TrainerItemDB,REWARD_ITEM_CANDIDATE,single-player AddItem path; persistence unverified
item_3224097613,3224097613,Items.3224097613,Items.3224097613,AntiqueCoin2,misc_items,both,TrainerItemDB,REWARD_ITEM_CANDIDATE,single-player AddItem path; persistence unverified
item_4021582700,4021582700,Items.4021582700,Items.4021582700,BackDoor,misc_items,both,TrainerItemDB,REWARD_ITEM_CANDIDATE,single-player AddItem path; persistence unverified
item_3668860088,3668860088,Items.3668860088,Items.3668860088,BackDoor_civilian,misc_items,both,TrainerItemDB,REWARD_ITEM_CANDIDATE,single-player AddItem path; persistence unverified
item_2622655720,2622655720,Items.2622655720,Items.2622655720,BackDoor_hub,misc_items,both,TrainerItemDB,REWARD_ITEM_CANDIDATE,single-player AddItem path; persistence unverified
item_2257375191,2257375191,Items.2257375191,Items.2257375191,Battery,misc_items,both,TrainerItemDB,REWARD_ITEM_CANDIDATE,single-player AddItem path; persistence unverified
item_3850321649,3850321649,Items.3850321649,Items.3850321649,Bracelet,misc_items,both,TrainerItemDB,REWARD_ITEM_CANDIDATE,single-player AddItem path; persistence unverified
item_3498705849,3498705849,Items.3498705849,Items.3498705849,Bracelet2,misc_items,both,TrainerItemDB,REWARD_ITEM_CANDIDATE,single-player AddItem path; persistence unverified
item_2080000001,2080000001,Items.2080000001,Items.2080000001,ConversationsHacked01,misc_items,both,TrainerItemDB,REWARD_ITEM_CANDIDATE,single-player AddItem path; persistence unverified
item_2080000002,2080000002,Items.2080000002,Items.2080000002,ConversationsHacked02,misc_items,both,TrainerItemDB,REWARD_ITEM_CANDIDATE,single-player AddItem path; persistence unverified
item_2080000003,2080000003,Items.2080000003,Items.2080000003,ConversationsHacked03,misc_items,both,TrainerItemDB,REWARD_ITEM_CANDIDATE,single-player AddItem path; persistence unverified
item_2080000004,2080000004,Items.2080000004,Items.2080000004,ConversationsHacked04,misc_items,both,TrainerItemDB,REWARD_ITEM_CANDIDATE,single-player AddItem path; persistence unverified
item_2080000005,2080000005,Items.2080000005,Items.2080000005,ConversationsHacked05,misc_items,both,TrainerItemDB,REWARD_ITEM_CANDIDATE,single-player AddItem path; persistence unverified
item_2080000006,2080000006,Items.2080000006,Items.2080000006,ConversationsHacked06,misc_items,both,TrainerItemDB,REWARD_ITEM_CANDIDATE,single-player AddItem path; persistence unverified
item_2080000007,2080000007,Items.2080000007,Items.2080000007,ConversationsHacked07,misc_items,both,TrainerItemDB,REWARD_ITEM_CANDIDATE,single-player AddItem path; persistence unverified
item_2080000008,2080000008,Items.2080000008,Items.2080000008,ConversationsHacked08,misc_items,both,TrainerItemDB,REWARD_ITEM_CANDIDATE,single-player AddItem path; persistence unverified
item_2080000009,2080000009,Items.2080000009,Items.2080000009,ConversationsHacked09,misc_items,both,TrainerItemDB,REWARD_ITEM_CANDIDATE,single-player AddItem path; persistence unverified
item_2080000010,2080000010,Items.2080000010,Items.2080000010,ConversationsHacked10,misc_items,both,TrainerItemDB,REWARD_ITEM_CANDIDATE,single-player AddItem path; persistence unverified
item_2080000011,2080000011,Items.2080000011,Items.2080000011,ConversationsHacked11,misc_items,both,TrainerItemDB,REWARD_ITEM_CANDIDATE,single-player AddItem path; persistence unverified
item_2080000012,2080000012,Items.2080000012,Items.2080000012,ConversationsHacked12,misc_items,both,TrainerItemDB,REWARD_ITEM_CANDIDATE,single-player AddItem path; persistence unverified
item_2080000013,2080000013,Items.2080000013,Items.2080000013,ConversationsHacked13,misc_items,both,TrainerItemDB,REWARD_ITEM_CANDIDATE,single-player AddItem path; persistence unverified
item_2080000014,2080000014,Items.2080000014,Items.2080000014,ConversationsHacked14,misc_items,both,TrainerItemDB,REWARD_ITEM_CANDIDATE,single-player AddItem path; persistence unverified
item_2080000015,2080000015,Items.2080000015,Items.2080000015,ConversationsHacked15,misc_items,both,TrainerItemDB,REWARD_ITEM_CANDIDATE,single-player AddItem path; persistence unverified
item_2080000016,2080000016,Items.2080000016,Items.2080000016,ConversationsHacked16,misc_items,both,TrainerItemDB,REWARD_ITEM_CANDIDATE,single-player AddItem path; persistence unverified
item_2080000017,2080000017,Items.2080000017,Items.2080000017,ConversationsHacked17,misc_items,both,TrainerItemDB,REWARD_ITEM_CANDIDATE,single-player AddItem path; persistence unverified
item_2080000018,2080000018,Items.2080000018,Items.2080000018,ConversationsHacked18,misc_items,both,TrainerItemDB,REWARD_ITEM_CANDIDATE,single-player AddItem path; persistence unverified
item_2080000019,2080000019,Items.2080000019,Items.2080000019,ConversationsHacked19,misc_items,both,TrainerItemDB,REWARD_ITEM_CANDIDATE,single-player AddItem path; persistence unverified
item_2070000001,2070000001,Items.2070000001,Items.2070000001,ConversationsIntimidation01,misc_items,both,TrainerItemDB,REWARD_ITEM_CANDIDATE,single-player AddItem path; persistence unverified
item_2070000002,2070000002,Items.2070000002,Items.2070000002,ConversationsIntimidation02,misc_items,both,TrainerItemDB,REWARD_ITEM_CANDIDATE,single-player AddItem path; persistence unverified
item_2070000003,2070000003,Items.2070000003,Items.2070000003,ConversationsIntimidation03,misc_items,both,TrainerItemDB,REWARD_ITEM_CANDIDATE,single-player AddItem path; persistence unverified
item_2070000004,2070000004,Items.2070000004,Items.2070000004,ConversationsIntimidation04,misc_items,both,TrainerItemDB,REWARD_ITEM_CANDIDATE,single-player AddItem path; persistence unverified
item_2070000005,2070000005,Items.2070000005,Items.2070000005,ConversationsIntimidation05,misc_items,both,TrainerItemDB,REWARD_ITEM_CANDIDATE,single-player AddItem path; persistence unverified
item_2070000006,2070000006,Items.2070000006,Items.2070000006,ConversationsIntimidation06,misc_items,both,TrainerItemDB,REWARD_ITEM_CANDIDATE,single-player AddItem path; persistence unverified
item_2070000007,2070000007,Items.2070000007,Items.2070000007,ConversationsIntimidation07,misc_items,both,TrainerItemDB,REWARD_ITEM_CANDIDATE,single-player AddItem path; persistence unverified
item_2070000008,2070000008,Items.2070000008,Items.2070000008,ConversationsIntimidation08,misc_items,both,TrainerItemDB,REWARD_ITEM_CANDIDATE,single-player AddItem path; persistence unverified
item_2070000009,2070000009,Items.2070000009,Items.2070000009,ConversationsIntimidation09,misc_items,both,TrainerItemDB,REWARD_ITEM_CANDIDATE,single-player AddItem path; persistence unverified
item_2060000001,2060000001,Items.2060000001,Items.2060000001,ConversationsRace01,misc_items,both,TrainerItemDB,REWARD_ITEM_CANDIDATE,single-player AddItem path; persistence unverified
item_2060000002,2060000002,Items.2060000002,Items.2060000002,ConversationsRace02,misc_items,both,TrainerItemDB,REWARD_ITEM_CANDIDATE,single-player AddItem path; persistence unverified
item_2060000003,2060000003,Items.2060000003,Items.2060000003,ConversationsRace03,misc_items,both,TrainerItemDB,REWARD_ITEM_CANDIDATE,single-player AddItem path; persistence unverified
item_2060000004,2060000004,Items.2060000004,Items.2060000004,ConversationsRace04,misc_items,both,TrainerItemDB,REWARD_ITEM_CANDIDATE,single-player AddItem path; persistence unverified
item_2060000005,2060000005,Items.2060000005,Items.2060000005,ConversationsRace05,misc_items,both,TrainerItemDB,REWARD_ITEM_CANDIDATE,single-player AddItem path; persistence unverified
item_2090000001,2090000001,Items.2090000001,Items.2090000001,ConversationsWeapons01,misc_items,both,TrainerItemDB,REWARD_ITEM_CANDIDATE,single-player AddItem path; persistence unverified
item_2090000002,2090000002,Items.2090000002,Items.2090000002,ConversationsWeapons02,misc_items,both,TrainerItemDB,REWARD_ITEM_CANDIDATE,single-player AddItem path; persistence unverified
item_2090000003,2090000003,Items.2090000003,Items.2090000003,ConversationsWeapons03,misc_items,both,TrainerItemDB,REWARD_ITEM_CANDIDATE,single-player AddItem path; persistence unverified
item_2090000004,2090000004,Items.2090000004,Items.2090000004,ConversationsWeapons04,misc_items,both,TrainerItemDB,REWARD_ITEM_CANDIDATE,single-player AddItem path; persistence unverified
item_2090000005,2090000005,Items.2090000005,Items.2090000005,ConversationsWeapons05,misc_items,both,TrainerItemDB,REWARD_ITEM_CANDIDATE,single-player AddItem path; persistence unverified
item_2090000006,2090000006,Items.2090000006,Items.2090000006,ConversationsWeapons06,misc_items,both,TrainerItemDB,REWARD_ITEM_CANDIDATE,single-player AddItem path; persistence unverified
item_2090000007,2090000007,Items.2090000007,Items.2090000007,ConversationsWeapons07,misc_items,both,TrainerItemDB,REWARD_ITEM_CANDIDATE,single-player AddItem path; persistence unverified
item_2090000008,2090000008,Items.2090000008,Items.2090000008,ConversationsWeapons08,misc_items,both,TrainerItemDB,REWARD_ITEM_CANDIDATE,single-player AddItem path; persistence unverified
item_2090000009,2090000009,Items.2090000009,Items.2090000009,ConversationsWeapons09,misc_items,both,TrainerItemDB,REWARD_ITEM_CANDIDATE,single-player AddItem path; persistence unverified
item_2090000010,2090000010,Items.2090000010,Items.2090000010,ConversationsWeapons10,misc_items,both,TrainerItemDB,REWARD_ITEM_CANDIDATE,single-player AddItem path; persistence unverified
item_1223089438,1223089438,Items.1223089438,Items.1223089438,DigitalLock,misc_items,both,TrainerItemDB,REWARD_ITEM_CANDIDATE,single-player AddItem path; persistence unverified
item_2717295484,2717295484,Items.2717295484,Items.2717295484,DummyMusicItemReward,misc_items,both,TrainerItemDB,REWARD_ITEM_CANDIDATE,single-player AddItem path; persistence unverified
item_4220150057,4220150057,Items.4220150057,Items.4220150057,EmptyItem,misc_items,both,TrainerItemDB,REWARD_ITEM_CANDIDATE,single-player AddItem path; persistence unverified
item_1859033522,1859033522,Items.1859033522,Items.1859033522,LotteryTicket,misc_items,both,TrainerItemDB,REWARD_ITEM_CANDIDATE,single-player AddItem path; persistence unverified
item_191919775,191919775,Items.191919775,Items.191919775,Pendant,misc_items,both,TrainerItemDB,REWARD_ITEM_CANDIDATE,single-player AddItem path; persistence unverified
item_2054045870,2054045870,Items.2054045870,Items.2054045870,Pendant2,misc_items,both,TrainerItemDB,REWARD_ITEM_CANDIDATE,single-player AddItem path; persistence unverified
item_3806353922,3806353922,Items.3806353922,Items.3806353922,Ring,misc_items,both,TrainerItemDB,REWARD_ITEM_CANDIDATE,single-player AddItem path; persistence unverified
item_1808373914,1808373914,Items.1808373914,Items.1808373914,Ring.Ring2,misc_items,both,TrainerItemDB,REWARD_ITEM_CANDIDATE,single-player AddItem path; persistence unverified
item_2893104635,2893104635,Items.2893104635,Items.2893104635,Watch,misc_items,both,TrainerItemDB,REWARD_ITEM_CANDIDATE,single-player AddItem path; persistence unverified
item_806806748,806806748,Items.806806748,Items.806806748,Watch2,misc_items,both,TrainerItemDB,REWARD_ITEM_CANDIDATE,single-player AddItem path; persistence unverified
item_2096579846,2096579846,Items.2096579846,Items.2096579846,dlc01_ToyCar,misc_items,dlc_solo,TrainerItemDB,REWARD_ITEM_CANDIDATE,single-player AddItem path; persistence unverified
item_3427369721,3427369721,Items.3427369721,Items.3427369721,dlc01_ToyCarSchematic,misc_items,dlc_solo,TrainerItemDB,REWARD_ITEM_CANDIDATE,single-player AddItem path; persistence unverified
item_2883998059,2883998059,Items.2883998059,Items.2883998059,DrivingCashReward,bb_items,dlc_solo,TrainerItemDB,REWARD_ITEM_CANDIDATE,single-player AddItem path; persistence unverified
item_2525948784,2525948784,Items.2525948784,Items.2525948784,DrivingCashReward.Bronze,bb_items,dlc_solo,TrainerItemDB,REWARD_ITEM_CANDIDATE,single-player AddItem path; persistence unverified
item_3587443914,3587443914,Items.3587443914,Items.3587443914,DrivingCashReward.Gold,bb_items,dlc_solo,TrainerItemDB,REWARD_ITEM_CANDIDATE,single-player AddItem path; persistence unverified
item_2790783765,2790783765,Items.2790783765,Items.2790783765,DrivingCashReward.Silver,bb_items,dlc_solo,TrainerItemDB,REWARD_ITEM_CANDIDATE,single-player AddItem path; persistence unverified
item_3335899361,3335899361,Items.3335899361,Items.3335899361,DrivingEXPReward,bb_items,dlc_solo,TrainerItemDB,REWARD_ITEM_CANDIDATE,single-player AddItem path; persistence unverified
item_1077407786,1077407786,Items.1077407786,Items.1077407786,DrivingEXPReward.Bronze,bb_items,dlc_solo,TrainerItemDB,REWARD_ITEM_CANDIDATE,single-player AddItem path; persistence unverified
item_3466831006,3466831006,Items.3466831006,Items.3466831006,DrivingEXPReward.Gold,bb_items,dlc_solo,TrainerItemDB,REWARD_ITEM_CANDIDATE,single-player AddItem path; persistence unverified
item_3515109880,3515109880,Items.3515109880,Items.3515109880,DrivingEXPReward.Silver,bb_items,dlc_solo,TrainerItemDB,REWARD_ITEM_CANDIDATE,single-player AddItem path; persistence unverified
item_2729528724,2729528724,Items.2729528724,Items.2729528724,dlc01_BatteryUpgrade1,bb_items,dlc_solo,TrainerItemDB,REWARD_ITEM_CANDIDATE,single-player AddItem path; persistence unverified
item_2825802905,2825802905,Items.2825802905,Items.2825802905,dlc01_Cloth_DefaultSkin,bb_items,dlc_solo,TrainerItemDB,REWARD_ITEM_CANDIDATE,single-player AddItem path; persistence unverified
item_4021013962,4021013962,Items.4021013962,Items.4021013962,dlc01_EnforcerTakedown,bb_items,dlc_solo,TrainerItemDB,REWARD_ITEM_CANDIDATE,single-player AddItem path; persistence unverified
item_908265557,908265557,Items.908265557,Items.908265557,dlc01_Focus,bb_items,dlc_solo,TrainerItemDB,REWARD_ITEM_CANDIDATE,single-player AddItem path; persistence unverified
item_3289535308,3289535308,Items.3289535308,Items.3289535308,dlc01_HelicopterHackPlus,bb_items,dlc_solo,TrainerItemDB,REWARD_ITEM_CANDIDATE,single-player AddItem path; persistence unverified
item_4283224824,4283224824,Items.4283224824,Items.4283224824,dlc01_M01,bb_items,dlc_solo,TrainerItemDB,REWARD_ITEM_CANDIDATE,single-player AddItem path; persistence unverified
item_1715831618,1715831618,Items.1715831618,Items.1715831618,dlc01_M02,bb_items,dlc_solo,TrainerItemDB,REWARD_ITEM_CANDIDATE,single-player AddItem path; persistence unverified
item_289584084,289584084,Items.289584084,Items.289584084,dlc01_M03,bb_items,dlc_solo,TrainerItemDB,REWARD_ITEM_CANDIDATE,single-player AddItem path; persistence unverified
item_2401642103,2401642103,Items.2401642103,Items.2401642103,dlc01_M04,bb_items,dlc_solo,TrainerItemDB,REWARD_ITEM_CANDIDATE,single-player AddItem path; persistence unverified
item_4162918113,4162918113,Items.4162918113,Items.4162918113,dlc01_M05,bb_items,dlc_solo,TrainerItemDB,REWARD_ITEM_CANDIDATE,single-player AddItem path; persistence unverified
item_1630029659,1630029659,Items.1630029659,Items.1630029659,dlc01_M06,bb_items,dlc_solo,TrainerItemDB,REWARD_ITEM_CANDIDATE,single-player AddItem path; persistence unverified
item_372209613,372209613,Items.372209613,Items.372209613,dlc01_M07,bb_items,dlc_solo,TrainerItemDB,REWARD_ITEM_CANDIDATE,single-player AddItem path; persistence unverified
item_2257611356,2257611356,Items.2257611356,Items.2257611356,dlc01_M08,bb_items,dlc_solo,TrainerItemDB,REWARD_ITEM_CANDIDATE,single-player AddItem path; persistence unverified
item_4053228234,4053228234,Items.4053228234,Items.4053228234,dlc01_M09,bb_items,dlc_solo,TrainerItemDB,REWARD_ITEM_CANDIDATE,single-player AddItem path; persistence unverified
item_2437993263,2437993263,Items.2437993263,Items.2437993263,dlc01_M10,bb_items,dlc_solo,TrainerItemDB,REWARD_ITEM_CANDIDATE,single-player AddItem path; persistence unverified
item_1520281003,1520281003,Items.1520281003,Items.1520281003,dlc01_QuickSwitch,bb_items,dlc_solo,TrainerItemDB,REWARD_ITEM_CANDIDATE,single-player AddItem path; persistence unverified
item_2887074368,2887074368,Items.2887074368,Items.2887074368,dlc01_SteadyAim,bb_items,dlc_solo,TrainerItemDB,REWARD_ITEM_CANDIDATE,single-player AddItem path; persistence unverified
item_2604843123,2604843123,Items.2604843123,Items.2604843123,dlc01_Stealth,bb_items,dlc_solo,TrainerItemDB,REWARD_ITEM_CANDIDATE,single-player AddItem path; persistence unverified
item_2271997318,2271997318,Items.2271997318,Items.2271997318,艾登商店服装 01,clothes,campaign,Clothing_SP,IMPLEMENTED_UNVERIFIED,
item_509787196,509787196,Items.509787196,Items.509787196,艾登商店服装 02,clothes,campaign,Clothing_SP,IMPLEMENTED_UNVERIFIED,
item_1768262826,1768262826,Items.1768262826,Items.1768262826,艾登商店服装 03,clothes,campaign,Clothing_SP,IMPLEMENTED_UNVERIFIED,
item_4144044297,4144044297,Items.4144044297,Items.4144044297,艾登商店服装 04,clothes,campaign,Clothing_SP,IMPLEMENTED_UNVERIFIED,
item_2147887519,2147887519,Items.2147887519,Items.2147887519,艾登商店服装 05,clothes,campaign,Clothing_SP,IMPLEMENTED_UNVERIFIED,
item_420444197,420444197,Items.420444197,Items.420444197,艾登商店服装 06,clothes,campaign,Clothing_SP,IMPLEMENTED_UNVERIFIED,
item_1846036659,1846036659,Items.1846036659,Items.1846036659,艾登商店服装 07,clothes,campaign,Clothing_SP,IMPLEMENTED_UNVERIFIED,
item_4273427746,4273427746,Items.4273427746,Items.4273427746,艾登商店服装 08,clothes,campaign,Clothing_SP,IMPLEMENTED_UNVERIFIED,
item_2310038964,2310038964,Items.2310038964,Items.2310038964,艾登商店服装 09,clothes,campaign,Clothing_SP,IMPLEMENTED_UNVERIFIED,
item_3916950609,3916950609,Items.3916950609,Items.3916950609,艾登商店服装 10,clothes,campaign,Clothing_SP,IMPLEMENTED_UNVERIFIED,
item_4241672460,4241672460,Items.4241672460,Items.4241672460,艾登商店服装 11,clothes,campaign,Clothing_SP,IMPLEMENTED_UNVERIFIED,
item_1708890294,1708890294,Items.1708890294,Items.1708890294,艾登商店服装 12,clothes,campaign,Clothing_SP,IMPLEMENTED_UNVERIFIED,
item_316450848,316450848,Items.316450848,Items.316450848,艾登商店服装 13,clothes,campaign,Clothing_SP,IMPLEMENTED_UNVERIFIED,
item_2360884611,2360884611,Items.2360884611,Items.2360884611,艾登商店服装 14,clothes,campaign,Clothing_SP,IMPLEMENTED_UNVERIFIED,
item_4223601941,4223601941,Items.4223601941,Items.4223601941,艾登商店服装 15,clothes,campaign,Clothing_SP,IMPLEMENTED_UNVERIFIED,
item_1656118447,1656118447,Items.1656118447,Items.1656118447,艾登商店服装 16,clothes,campaign,Clothing_SP,IMPLEMENTED_UNVERIFIED,
item_363949113,363949113,Items.363949113,Items.363949113,艾登商店服装 17,clothes,campaign,Clothing_SP,IMPLEMENTED_UNVERIFIED,
item_2232316328,2232316328,Items.2232316328,Items.2232316328,艾登商店服装 18,clothes,campaign,Clothing_SP,IMPLEMENTED_UNVERIFIED,
item_4060692798,4060692798,Items.4060692798,Items.4060692798,艾登商店服装 19,clothes,campaign,Clothing_SP,IMPLEMENTED_UNVERIFIED,
item_2700651097,2700651097,Items.2700651097,Items.2700651097,艾登商店服装 20,clothes,campaign,Clothing_SP,IMPLEMENTED_UNVERIFIED,
item_3623852751,3623852751,Items.3623852751,Items.3623852751,艾登商店服装 21,clothes,campaign,Clothing_SP,IMPLEMENTED_UNVERIFIED,
item_1324796789,1324796789,Items.1324796789,Items.1324796789,艾登商店服装 22,clothes,campaign,Clothing_SP,IMPLEMENTED_UNVERIFIED,
item_972159971,972159971,Items.972159971,Items.972159971,艾登商店服装 23,clothes,campaign,Clothing_SP,IMPLEMENTED_UNVERIFIED,
item_2811588160,2811588160,Items.2811588160,Items.2811588160,艾登商店服装 24,clothes,campaign,Clothing_SP,IMPLEMENTED_UNVERIFIED,
item_3499253462,3499253462,Items.3499253462,Items.3499253462,艾登商店服装 25,clothes,campaign,Clothing_SP,IMPLEMENTED_UNVERIFIED,
item_1234898796,1234898796,Items.1234898796,Items.1234898796,艾登商店服装 26,clothes,campaign,Clothing_SP,IMPLEMENTED_UNVERIFIED,
item_1050427386,1050427386,Items.1050427386,Items.1050427386,艾登商店服装 27,clothes,campaign,Clothing_SP,IMPLEMENTED_UNVERIFIED,
item_2921538155,2921538155,Items.2921538155,Items.2921538155,艾登商店服装 28,clothes,campaign,Clothing_SP,IMPLEMENTED_UNVERIFIED,
item_3643020029,3643020029,Items.3643020029,Items.3643020029,艾登商店服装 29,clothes,campaign,Clothing_SP,IMPLEMENTED_UNVERIFIED,
item_3118701336,3118701336,Items.3118701336,Items.3118701336,艾登商店服装 30,clothes,campaign,Clothing_SP,IMPLEMENTED_UNVERIFIED,
item_3471092622,3471092622,Items.3471092622,Items.3471092622,艾登商店服装 31,clothes,campaign,Clothing_SP,IMPLEMENTED_UNVERIFIED,
item_1475213876,1475213876,Items.1475213876,Items.1475213876,艾登商店服装 32,clothes,campaign,Clothing_SP,IMPLEMENTED_UNVERIFIED,
item_552258210,552258210,Items.552258210,Items.552258210,艾登商店服装 33,clothes,campaign,Clothing_SP,IMPLEMENTED_UNVERIFIED,
item_3197001473,3197001473,Items.3197001473,Items.3197001473,艾登商店服装 34,clothes,campaign,Clothing_SP,IMPLEMENTED_UNVERIFIED,
item_3381227415,3381227415,Items.3381227415,Items.3381227415,艾登商店服装 35,clothes,campaign,Clothing_SP,IMPLEMENTED_UNVERIFIED,
item_1350581805,1350581805,Items.1350581805,Items.1350581805,艾登商店服装 36,clothes,campaign,Clothing_SP,IMPLEMENTED_UNVERIFIED,
item_663162555,663162555,Items.663162555,Items.663162555,艾登商店服装 37,clothes,campaign,Clothing_SP,IMPLEMENTED_UNVERIFIED,
item_3073905450,3073905450,Items.3073905450,Items.3073905450,艾登商店服装 38,clothes,campaign,Clothing_SP,IMPLEMENTED_UNVERIFIED,
item_3225363388,3225363388,Items.3225363388,Items.3225363388,艾登商店服装 39,clothes,campaign,Clothing_SP,IMPLEMENTED_UNVERIFIED,
item_4137815519,4137815519,Items.4137815519,Items.4137815519,艾登商店服装 40,clothes,campaign,Clothing_SP,IMPLEMENTED_UNVERIFIED,
item_2175089993,2175089993,Items.2175089993,Items.2175089993,艾登商店服装 41,clothes,campaign,Clothing_SP,IMPLEMENTED_UNVERIFIED,
item_413953267,413953267,Items.413953267,Items.413953267,艾登商店服装 42,clothes,campaign,Clothing_SP,IMPLEMENTED_UNVERIFIED,
item_1873501285,1873501285,Items.1873501285,Items.1873501285,艾登商店服装 43,clothes,campaign,Clothing_SP,IMPLEMENTED_UNVERIFIED,
item_4056926662,4056926662,Items.4056926662,Items.4056926662,艾登商店服装 44,clothes,campaign,Clothing_SP,IMPLEMENTED_UNVERIFIED,
item_2261317968,2261317968,Items.2261317968,Items.2261317968,艾登商店服装 45,clothes,campaign,Clothing_SP,IMPLEMENTED_UNVERIFIED,
item_532785386,532785386,Items.532785386,Items.532785386,艾登商店服装 46,clothes,campaign,Clothing_SP,IMPLEMENTED_UNVERIFIED,
item_1757845628,1757845628,Items.1757845628,Items.1757845628,艾登商店服装 47,clothes,campaign,Clothing_SP,IMPLEMENTED_UNVERIFIED,
item_4168713709,4168713709,Items.4168713709,Items.4168713709,艾登商店服装 48,clothes,campaign,Clothing_SP,IMPLEMENTED_UNVERIFIED,
item_2407445883,2407445883,Items.2407445883,Items.2407445883,艾登商店服装 49,clothes,campaign,Clothing_SP,IMPLEMENTED_UNVERIFIED,
item_4021894302,4021894302,Items.4021894302,Items.4021894302,艾登商店服装 50,clothes,campaign,Clothing_SP,IMPLEMENTED_UNVERIFIED,
item_3600728055,3600728055,Items.3600728055,Items.3600728055,DefaultSkin,clothes,campaign,TrainerItemDB,REWARD_ITEM_CANDIDATE,single-player AddItem path; persistence unverified
item_4249611711,4249611711,Items.4249611711,Items.4249611711,DefaultSkin.Pills,clothes,campaign,TrainerItemDB,REWARD_ITEM_CANDIDATE,single-player AddItem path; persistence unverified
item_4040345859,4040345859,Items.4040345859,Items.4040345859,Biker,clothes_mod,campaign,TrainerItemDB,REWARD_ITEM_CANDIDATE,single-player AddItem path; persistence unverified
item_4040345861,4040345861,Items.4040345861,Items.4040345861,Casual,clothes_mod,campaign,TrainerItemDB,REWARD_ITEM_CANDIDATE,single-player AddItem path; persistence unverified
item_4040345860,4040345860,Items.4040345860,Items.4040345860,Collateral,clothes_mod,campaign,TrainerItemDB,REWARD_ITEM_CANDIDATE,single-player AddItem path; persistence unverified
item_4040345864,4040345864,Items.4040345864,Items.4040345864,Cop,clothes_mod,campaign,TrainerItemDB,REWARD_ITEM_CANDIDATE,single-player AddItem path; persistence unverified
item_4040345863,4040345863,Items.4040345863,Items.4040345863,Division,clothes_mod,campaign,TrainerItemDB,REWARD_ITEM_CANDIDATE,single-player AddItem path; persistence unverified
item_4040345858,4040345858,Items.4040345858,Items.4040345858,Hitman,clothes_mod,campaign,TrainerItemDB,REWARD_ITEM_CANDIDATE,single-player AddItem path; persistence unverified
item_4040345862,4040345862,Items.4040345862,Items.4040345862,Prisoner,clothes_mod,campaign,TrainerItemDB,REWARD_ITEM_CANDIDATE,single-player AddItem path; persistence unverified
item_4040345857,4040345857,Items.4040345857,Items.4040345857,Punisher,clothes_mod,campaign,TrainerItemDB,REWARD_ITEM_CANDIDATE,single-player AddItem path; persistence unverified
item_4089043144,4089043144,Items.4089043144,Items.4089043144,Blume 服装,dlc_clothes,campaign,Clothing_ULC,IMPLEMENTED_UNVERIFIED,仅物品项；不绕过 DLC 授权。
item_2227103838,2227103838,Items.2227103838,Items.2227103838,ChicagoClub 服装,dlc_clothes,campaign,Clothing_ULC,IMPLEMENTED_UNVERIFIED,仅物品项；不绕过 DLC 授权。
item_450526717,450526717,Items.450526717,Items.450526717,Cyberpunk 服装,dlc_clothes,campaign,Clothing_ULC,IMPLEMENTED_UNVERIFIED,仅物品项；不绕过 DLC 授权。
item_1843219819,1843219819,Items.1843219819,Items.1843219819,Dedsec 服装,dlc_clothes,campaign,Clothing_ULC,IMPLEMENTED_UNVERIFIED,仅物品项；不绕过 DLC 授权。
item_2483697972,2483697972,Items.2483697972,Items.2483697972,Glitch 服装,dlc_clothes,campaign,Clothing_ULC,IMPLEMENTED_UNVERIFIED,仅物品项；不绕过 DLC 授权。
item_2211654727,2211654727,Items.2211654727,Items.2211654727,Retro 服装,dlc_clothes,campaign,Clothing_ULC,IMPLEMENTED_UNVERIFIED,仅物品项；不绕过 DLC 授权。
item_2290193700,2290193700,Items.2290193700,Items.2290193700,Viceroys 服装,dlc_clothes,campaign,Clothing_ULC,IMPLEMENTED_UNVERIFIED,仅物品项；不绕过 DLC 授权。
item_113925047,113925047,Items.113925047,Items.113925047,Whitehat 服装,dlc_clothes,campaign,Clothing_ULC,IMPLEMENTED_UNVERIFIED,仅物品项；不绕过 DLC 授权。
item_3623566901,3623566901,Items.3623566901,Items.3623566901,孤独奖励服装,trip_clothes,campaign,Clothing_SP,IMPLEMENTED_UNVERIFIED,给予候选；不伪造数字之旅通关计数。
item_389492496,389492496,Items.389492496,Items.389492496,阴谋奖励服装,trip_clothes,campaign,Clothing_SP,IMPLEMENTED_UNVERIFIED,给予候选；不伪造数字之旅通关计数。
item_3816380433,3816380433,Items.3816380433,Items.3816380433,疯狂奖励服装,trip_clothes,campaign,Clothing_SP,IMPLEMENTED_UNVERIFIED,给予候选；不伪造数字之旅通关计数。
item_2804586448,2804586448,Items.2804586448,Items.2804586448,迷幻奖励服装,trip_clothes,campaign,Clothing_SP,IMPLEMENTED_UNVERIFIED,给予候选；不伪造数字之旅通关计数。
item_1815691869,1815691869,Items.1815691869,Items.1815691869,蜘蛛坦克奖励服装,trip_clothes,campaign,Clothing_SP,IMPLEMENTED_UNVERIFIED,给予候选；不伪造数字之旅通关计数。
item_2061304640,2061304640,Items.2061304640,Items.2061304640,T-Bone 商店服装 01,bb_clothes,dlc_solo,DLC,IMPLEMENTED_UNVERIFIED,
item_3102623357,3102623357,Items.3102623357,Items.3102623357,T-Bone 商店服装 02,bb_clothes,dlc_solo,DLC,IMPLEMENTED_UNVERIFIED,
item_3488184043,3488184043,Items.3488184043,Items.3488184043,T-Bone 商店服装 03,bb_clothes,dlc_solo,DLC,IMPLEMENTED_UNVERIFIED,
item_1368253256,1368253256,Items.1368253256,Items.1368253256,T-Bone 商店服装 04,bb_clothes,dlc_solo,DLC,IMPLEMENTED_UNVERIFIED,
item_646632414,646632414,Items.646632414,Items.646632414,T-Bone 商店服装 05,bb_clothes,dlc_solo,DLC,IMPLEMENTED_UNVERIFIED,
item_3213066852,3213066852,Items.3213066852,Items.3213066852,T-Bone 商店服装 06,bb_clothes,dlc_solo,DLC,IMPLEMENTED_UNVERIFIED,
item_3364139762,3364139762,Items.3364139762,Items.3364139762,T-Bone 商店服装 07,bb_clothes,dlc_solo,DLC,IMPLEMENTED_UNVERIFIED,
item_1480306531,1480306531,Items.1480306531,Items.1480306531,T-Bone 商店服装 08,bb_clothes,dlc_solo,DLC,IMPLEMENTED_UNVERIFIED,
item_792502261,792502261,Items.792502261,Items.792502261,T-Bone 商店服装 09,bb_clothes,dlc_solo,DLC,IMPLEMENTED_UNVERIFIED,
item_1341855248,1341855248,Items.1341855248,Items.1341855248,T-Bone 商店服装 10,bb_clothes,dlc_solo,DLC,IMPLEMENTED_UNVERIFIED,
item_956049030,956049030,Items.956049030,Items.956049030,T-Bone 商店服装 11,bb_clothes,dlc_solo,DLC,IMPLEMENTED_UNVERIFIED,
item_730021862,730021862,Items.730021862,Items.730021862,3.9T（叫车奖励候选）,cars,campaign,CarHackingRewards,IMPLEMENTED_UNVERIFIED,Items 键来自上游；显示名与实体命名交叉映射，叫车解锁及持久性未验证。
item_3557513446,3557513446,Items.3557513446,Items.3557513446,336-TT（叫车奖励候选）,cars,campaign,CarHackingRewards,IMPLEMENTED_UNVERIFIED,Items 键来自上游；显示名与实体命名交叉映射，叫车解锁及持久性未验证。
item_1248841029,1248841029,Items.1248841029,Items.1248841029,550S（叫车奖励候选）,cars,campaign,CarHackingRewards,IMPLEMENTED_UNVERIFIED,Items 键来自上游；显示名与实体命名交叉映射，叫车解锁及持久性未验证。
item_1552158576,1552158576,Items.1552158576,Items.1552158576,571（叫车奖励候选）,cars,campaign,CarHackingRewards,IMPLEMENTED_UNVERIFIED,Items 键来自上游；显示名与实体命名交叉映射，叫车解锁及持久性未验证。
item_2532287513,2532287513,Items.2532287513,Items.2532287513,Adamant S-Series（叫车奖励候选）,cars,campaign,CarHackingRewards,IMPLEMENTED_UNVERIFIED,Items 键来自上游；显示名与实体命名交叉映射，叫车解锁及持久性未验证。
item_2735499376,2735499376,Items.2735499376,Items.2735499376,Amargosa Turbo（叫车奖励候选）,cars,campaign,CarHackingRewards,IMPLEMENTED_UNVERIFIED,Items 键来自上游；显示名与实体命名交叉映射，叫车解锁及持久性未验证。
item_481845842,481845842,Items.481845842,Items.481845842,Bogen 200（叫车奖励候选）,cars,campaign,CarHackingRewards,IMPLEMENTED_UNVERIFIED,Items 键来自上游；显示名与实体命名交叉映射，叫车解锁及持久性未验证。
item_1783601268,1783601268,Items.1783601268,Items.1783601268,Boxberg LE（叫车奖励候选）,cars,campaign,CarHackingRewards,IMPLEMENTED_UNVERIFIED,Items 键来自上游；显示名与实体命名交叉映射，叫车解锁及持久性未验证。
item_3546717439,3546717439,Items.3546717439,Items.3546717439,Boxberg R1（叫车奖励候选）,cars,campaign,CarHackingRewards,IMPLEMENTED_UNVERIFIED,Items 键来自上游；显示名与实体命名交叉映射，叫车解锁及持久性未验证。
item_3167546579,3167546579,Items.3167546579,Items.3167546579,Carrozza（叫车奖励候选）,cars,campaign,CarHackingRewards,IMPLEMENTED_UNVERIFIED,Items 键来自上游；显示名与实体命名交叉映射，叫车解锁及持久性未验证。
item_1691143800,1691143800,Items.1691143800,Items.1691143800,Cavale（叫车奖励候选）,cars,campaign,CarHackingRewards,IMPLEMENTED_UNVERIFIED,Items 键来自上游；显示名与实体命名交叉映射，叫车解锁及持久性未验证。
item_3932242273,3932242273,Items.3932242273,Items.3932242273,Chopper（叫车奖励候选）,cars,campaign,CarHackingRewards,IMPLEMENTED_UNVERIFIED,Items 键来自上游；显示名与实体命名交叉映射，叫车解锁及持久性未验证。
item_633716073,633716073,Items.633716073,Items.633716073,Core-T（叫车奖励候选）,cars,campaign,CarHackingRewards,IMPLEMENTED_UNVERIFIED,Items 键来自上游；显示名与实体命名交叉映射，叫车解锁及持久性未验证。
item_2307007173,2307007173,Items.2307007173,Items.2307007173,Crosscountry Series（叫车奖励候选）,cars,campaign,CarHackingRewards,IMPLEMENTED_UNVERIFIED,Items 键来自上游；显示名与实体命名交叉映射，叫车解锁及持久性未验证。
item_4072014718,4072014718,Items.4072014718,Items.4072014718,Fasto（叫车奖励候选）,cars,campaign,CarHackingRewards,IMPLEMENTED_UNVERIFIED,Items 键来自上游；显示名与实体命名交叉映射，叫车解锁及持久性未验证。
item_2340694032,2340694032,Items.2340694032,Items.2340694032,Generic,cars,both,TrainerItemDB,REWARD_ITEM_CANDIDATE,single-player AddItem path; persistence unverified
item_416758670,416758670,Items.416758670,Items.416758670,Generic.Agile,cars,both,TrainerItemDB,REWARD_ITEM_CANDIDATE,single-player AddItem path; persistence unverified
item_4118631699,4118631699,Items.4118631699,Items.4118631699,Generic.Agile.CrispinCar,cars,both,TrainerItemDB,REWARD_ITEM_CANDIDATE,single-player AddItem path; persistence unverified
item_3406370800,3406370800,Items.3406370800,Items.3406370800,Generic.Bike,cars,both,TrainerItemDB,REWARD_ITEM_CANDIDATE,single-player AddItem path; persistence unverified
item_1738746352,1738746352,Items.1738746352,Items.1738746352,Generic.Budget,cars,both,TrainerItemDB,REWARD_ITEM_CANDIDATE,single-player AddItem path; persistence unverified
item_716422723,716422723,Items.716422723,Items.716422723,Generic.Heavy,cars,both,TrainerItemDB,REWARD_ITEM_CANDIDATE,single-player AddItem path; persistence unverified
item_2645593131,2645593131,Items.2645593131,Items.2645593131,Generic.Heavy.Heavy_Ambulance,cars,both,TrainerItemDB,REWARD_ITEM_CANDIDATE,single-player AddItem path; persistence unverified
item_1178972921,1178972921,Items.1178972921,Items.1178972921,Generic.Heavy.Heavy_ArmoredTruck,cars,both,TrainerItemDB,REWARD_ITEM_CANDIDATE,single-player AddItem path; persistence unverified
item_1949862906,1949862906,Items.1949862906,Items.1949862906,Generic.Heavy.Heavy_CementTruck,cars,both,TrainerItemDB,REWARD_ITEM_CANDIDATE,single-player AddItem path; persistence unverified
item_1034230765,1034230765,Items.1034230765,Items.1034230765,Generic.Heavy.Heavy_FireTruck,cars,both,TrainerItemDB,REWARD_ITEM_CANDIDATE,single-player AddItem path; persistence unverified
item_83356222,83356222,Items.83356222,Items.83356222,Generic.Heavy.Heavy_FlatBed,cars,both,TrainerItemDB,REWARD_ITEM_CANDIDATE,single-player AddItem path; persistence unverified
item_1828875930,1828875930,Items.1828875930,Items.1828875930,Generic.Heavy.Heavy_GarbageTruck,cars,both,TrainerItemDB,REWARD_ITEM_CANDIDATE,single-player AddItem path; persistence unverified
item_2344867287,2344867287,Items.2344867287,Items.2344867287,Generic.Heavy.Heavy_MediaBroadcast,cars,both,TrainerItemDB,REWARD_ITEM_CANDIDATE,single-player AddItem path; persistence unverified
item_3879782244,3879782244,Items.3879782244,Items.3879782244,Generic.Muscle,cars,both,TrainerItemDB,REWARD_ITEM_CANDIDATE,single-player AddItem path; persistence unverified
item_1659528633,1659528633,Items.1659528633,Items.1659528633,Generic.Muscle.Limo_Quinn,cars,both,TrainerItemDB,REWARD_ITEM_CANDIDATE,single-player AddItem path; persistence unverified
item_268435244,268435244,Items.268435244,Items.268435244,Generic.Muscle.Muscle_05,cars,both,TrainerItemDB,REWARD_ITEM_CANDIDATE,single-player AddItem path; persistence unverified
item_3870792963,3870792963,Items.3870792963,Items.3870792963,Generic.Offroad,cars,both,TrainerItemDB,REWARD_ITEM_CANDIDATE,single-player AddItem path; persistence unverified
item_1604598506,1604598506,Items.1604598506,Items.1604598506,Generic.Speed,cars,both,TrainerItemDB,REWARD_ITEM_CANDIDATE,single-player AddItem path; persistence unverified
item_384753930,384753930,Items.384753930,Items.384753930,Generic.Speed.Limbik,cars,both,TrainerItemDB,REWARD_ITEM_CANDIDATE,single-player AddItem path; persistence unverified
item_3870519146,3870519146,Items.3870519146,Items.3870519146,Generic.Speed.Speed_08,cars,both,TrainerItemDB,REWARD_ITEM_CANDIDATE,single-player AddItem path; persistence unverified
item_3790115983,3790115983,Items.3790115983,Items.3790115983,Hailkal R（叫车奖励候选）,cars,campaign,CarHackingRewards,IMPLEMENTED_UNVERIFIED,Items 键来自上游；显示名与实体命名交叉映射，叫车解锁及持久性未验证。
item_2863852732,2863852732,Items.2863852732,Items.2863852732,Kigan AWD（叫车奖励候选）,cars,campaign,CarHackingRewards,IMPLEMENTED_UNVERIFIED,Items 键来自上游；显示名与实体命名交叉映射，叫车解锁及持久性未验证。
item_581466480,581466480,Items.581466480,Items.581466480,Kirscher（叫车奖励候选）,cars,campaign,CarHackingRewards,IMPLEMENTED_UNVERIFIED,Items 键来自上游；显示名与实体命名交叉映射，叫车解锁及持久性未验证。
item_1946539202,1946539202,Items.1946539202,Items.1946539202,Kodachi（叫车奖励候选）,cars,campaign,CarHackingRewards,IMPLEMENTED_UNVERIFIED,Items 键来自上游；显示名与实体命名交叉映射，叫车解锁及持久性未验证。
item_754876024,754876024,Items.754876024,Items.754876024,Koln 500S（叫车奖励候选）,cars,campaign,CarHackingRewards,IMPLEMENTED_UNVERIFIED,Items 键来自上游；显示名与实体命名交叉映射，叫车解锁及持久性未验证。
item_50521172,50521172,Items.50521172,Items.50521172,Kuruhawa Motorsport 450（叫车奖励候选）,cars,campaign,CarHackingRewards,IMPLEMENTED_UNVERIFIED,Items 键来自上游；显示名与实体命名交叉映射，叫车解锁及持久性未验证。
item_4019596953,4019596953,Items.4019596953,Items.4019596953,Landrock Van 1500（叫车奖励候选）,cars,campaign,CarHackingRewards,IMPLEMENTED_UNVERIFIED,Items 键来自上游；显示名与实体命名交叉映射，叫车解锁及持久性未验证。
item_1990164259,1990164259,Items.1990164259,Items.1990164259,Landrock Van 2500（叫车奖励候选）,cars,campaign,CarHackingRewards,IMPLEMENTED_UNVERIFIED,Items 键来自上游；显示名与实体命名交叉映射，叫车解锁及持久性未验证。
item_4257587138,4257587138,Items.4257587138,Items.4257587138,Leo（叫车奖励候选）,cars,campaign,CarHackingRewards,IMPLEMENTED_UNVERIFIED,Items 键来自上游；显示名与实体命名交叉映射，叫车解锁及持久性未验证。
item_1807700676,1807700676,Items.1807700676,Items.1807700676,Lithium SP（叫车奖励候选）,cars,campaign,CarHackingRewards,IMPLEMENTED_UNVERIFIED,Items 键来自上游；显示名与实体命名交叉映射，叫车解锁及持久性未验证。
item_1030290899,1030290899,Items.1030290899,Items.1030290899,Livraga 350（叫车奖励候选）,cars,campaign,CarHackingRewards,IMPLEMENTED_UNVERIFIED,Items 键来自上游；显示名与实体命名交叉映射，叫车解锁及持久性未验证。
item_678076169,678076169,Items.678076169,Items.678076169,Livraga LE（叫车奖励候选）,cars,campaign,CarHackingRewards,IMPLEMENTED_UNVERIFIED,Items 键来自上游；显示名与实体命名交叉映射，叫车解锁及持久性未验证。
item_3825529972,3825529972,Items.3825529972,Items.3825529972,Magnate（叫车奖励候选）,cars,campaign,CarHackingRewards,IMPLEMENTED_UNVERIFIED,Items 键来自上游；显示名与实体命名交叉映射，叫车解锁及持久性未验证。
item_2331463550,2331463550,Items.2331463550,Items.2331463550,Magnate LE（叫车奖励候选）,cars,campaign,CarHackingRewards,IMPLEMENTED_UNVERIFIED,Items 键来自上游；显示名与实体命名交叉映射，叫车解锁及持久性未验证。
item_2757864553,2757864553,Items.2757864553,Items.2757864553,Papavero（叫车奖励候选）,cars,campaign,CarHackingRewards,IMPLEMENTED_UNVERIFIED,Items 键来自上游；显示名与实体命名交叉映射，叫车解锁及持久性未验证。
item_4189416026,4189416026,Items.4189416026,Items.4189416026,Papavero Stealth Edition（叫车奖励候选）,cars,campaign,CarHackingRewards,IMPLEMENTED_UNVERIFIED,Items 键来自上游；显示名与实体命名交叉映射，叫车解锁及持久性未验证。
item_3754247527,3754247527,Items.3754247527,Items.3754247527,Philandra（叫车奖励候选）,cars,campaign,CarHackingRewards,IMPLEMENTED_UNVERIFIED,Items 键来自上游；显示名与实体命名交叉映射，叫车解锁及持久性未验证。
item_1444405640,1444405640,Items.1444405640,Items.1444405640,Polar（叫车奖励候选）,cars,campaign,CarHackingRewards,IMPLEMENTED_UNVERIFIED,Items 键来自上游；显示名与实体命名交叉映射，叫车解锁及持久性未验证。
item_346438391,346438391,Items.346438391,Items.346438391,Relegate V6（叫车奖励候选）,cars,campaign,CarHackingRewards,IMPLEMENTED_UNVERIFIED,Items 键来自上游；显示名与实体命名交叉映射，叫车解锁及持久性未验证。
item_1181940009,1181940009,Items.1181940009,Items.1181940009,Relegater（叫车奖励候选）,cars,campaign,CarHackingRewards,IMPLEMENTED_UNVERIFIED,Items 键来自上游；显示名与实体命名交叉映射，叫车解锁及持久性未验证。
item_3419135045,3419135045,Items.3419135045,Items.3419135045,Rotor（叫车奖励候选）,cars,campaign,CarHackingRewards,IMPLEMENTED_UNVERIFIED,Items 键来自上游；显示名与实体命名交叉映射，叫车解锁及持久性未验证。
item_2584458734,2584458734,Items.2584458734,Items.2584458734,Sayonara（叫车奖励候选）,cars,campaign,CarHackingRewards,IMPLEMENTED_UNVERIFIED,Items 键来自上游；显示名与实体命名交叉映射，叫车解锁及持久性未验证。
item_217841595,217841595,Items.217841595,Items.217841595,Sayonara LE（叫车奖励候选）,cars,campaign,CarHackingRewards,IMPLEMENTED_UNVERIFIED,Items 键来自上游；显示名与实体命名交叉映射，叫车解锁及持久性未验证。
item_973421002,973421002,Items.973421002,Items.973421002,Scafati GT（叫车奖励候选）,cars,campaign,CarHackingRewards,IMPLEMENTED_UNVERIFIED,Items 键来自上游；显示名与实体命名交叉映射，叫车解锁及持久性未验证。
item_757138070,757138070,Items.757138070,Items.757138070,Sculptor 2.5R（叫车奖励候选）,cars,campaign,CarHackingRewards,IMPLEMENTED_UNVERIFIED,Items 键来自上游；显示名与实体命名交叉映射，叫车解锁及持久性未验证。
item_143339962,143339962,Items.143339962,Items.143339962,Sonarus LX（叫车奖励候选）,cars,campaign,CarHackingRewards,IMPLEMENTED_UNVERIFIED,Items 键来自上游；显示名与实体命名交叉映射，叫车解锁及持久性未验证。
item_3088679076,3088679076,Items.3088679076,Items.3088679076,Steadfast 3000（叫车奖励候选）,cars,campaign,CarHackingRewards,IMPLEMENTED_UNVERIFIED,Items 键来自上游；显示名与实体命名交叉映射，叫车解锁及持久性未验证。
item_1512452608,1512452608,Items.1512452608,Items.1512452608,Sumitzu Auto 1.6（叫车奖励候选）,cars,campaign,CarHackingRewards,IMPLEMENTED_UNVERIFIED,Items 键来自上游；显示名与实体命名交叉映射，叫车解锁及持久性未验证。
item_1437551078,1437551078,Items.1437551078,Items.1437551078,Sunrim（叫车奖励候选）,cars,campaign,CarHackingRewards,IMPLEMENTED_UNVERIFIED,Items 键来自上游；显示名与实体命名交叉映射，叫车解锁及持久性未验证。
item_1912201071,1912201071,Items.1912201071,Items.1912201071,Talos（叫车奖励候选）,cars,campaign,CarHackingRewards,IMPLEMENTED_UNVERIFIED,Items 键来自上游；显示名与实体命名交叉映射，叫车解锁及持久性未验证。
item_3474894898,3474894898,Items.3474894898,Items.3474894898,Tributary 1500（叫车奖励候选）,cars,campaign,CarHackingRewards,IMPLEMENTED_UNVERIFIED,Items 键来自上游；显示名与实体命名交叉映射，叫车解锁及持久性未验证。
item_645731591,645731591,Items.645731591,Items.645731591,Tributary 3500（叫车奖励候选）,cars,campaign,CarHackingRewards,IMPLEMENTED_UNVERIFIED,Items 键来自上游；显示名与实体命名交叉映射，叫车解锁及持久性未验证。
item_2028062005,2028062005,Items.2028062005,Items.2028062005,Vespid 5.2（叫车奖励候选）,cars,campaign,CarHackingRewards,IMPLEMENTED_UNVERIFIED,Items 键来自上游；显示名与实体命名交叉映射，叫车解锁及持久性未验证。
item_3314376394,3314376394,Items.3314376394,Items.3314376394,Vespid HMI（叫车奖励候选）,cars,campaign,CarHackingRewards,IMPLEMENTED_UNVERIFIED,Items 键来自上游；显示名与实体命名交叉映射，叫车解锁及持久性未验证。
item_3863106483,3863106483,Items.3863106483,Items.3863106483,Vespid LE（叫车奖励候选）,cars,campaign,CarHackingRewards,IMPLEMENTED_UNVERIFIED,Items 键来自上游；显示名与实体命名交叉映射，叫车解锁及持久性未验证。
item_2328014676,2328014676,Items.2328014676,Items.2328014676,Vessel（叫车奖励候选）,cars,campaign,CarHackingRewards,IMPLEMENTED_UNVERIFIED,Items 键来自上游；显示名与实体命名交叉映射，叫车解锁及持久性未验证。
item_1671498337,1671498337,Items.1671498337,Items.1671498337,Woodie（叫车奖励候选）,cars,campaign,CarHackingRewards,IMPLEMENTED_UNVERIFIED,Items 键来自上游；显示名与实体命名交叉映射，叫车解锁及持久性未验证。
item_3274662842,3274662842,Items.3274662842,Items.3274662842,Zusume（叫车奖励候选）,cars,campaign,CarHackingRewards,IMPLEMENTED_UNVERIFIED,Items 键来自上游；显示名与实体命名交叉映射，叫车解锁及持久性未验证。
item_1718896871,1718896871,Items.1718896871,Items.1718896871,Zusume R（叫车奖励候选）,cars,campaign,CarHackingRewards,IMPLEMENTED_UNVERIFIED,Items 键来自上游；显示名与实体命名交叉映射，叫车解锁及持久性未验证。
item_1158118865,1158118865,Items.1158118865,Items.1158118865,AlarmClocks,songs,campaign,Song,IMPLEMENTED_UNVERIFIED,歌曲物品授予不等于 SongSneak 计数或成就完成。
item_3093266091,3093266091,Items.3093266091,Items.3093266091,BrightIdea,songs,campaign,Song,IMPLEMENTED_UNVERIFIED,歌曲物品授予不等于 SongSneak 计数或成就完成。
item_3478670911,3478670911,Items.3478670911,Items.3478670911,CREAM,songs,campaign,Song,IMPLEMENTED_UNVERIFIED,歌曲物品授予不等于 SongSneak 计数或成就完成。
item_3478670909,3478670909,Items.3478670909,Items.3478670909,ClujNapoca,songs,campaign,Song,IMPLEMENTED_UNVERIFIED,歌曲物品授予不等于 SongSneak 计数或成就完成。
item_1420203115,1420203115,Items.1420203115,Items.1420203115,Conduction,songs,campaign,Song,IMPLEMENTED_UNVERIFIED,歌曲物品授予不等于 SongSneak 计数或成就完成。
item_3650203895,3650203895,Items.3650203895,Items.3650203895,Dance,songs,campaign,Song,IMPLEMENTED_UNVERIFIED,歌曲物品授予不等于 SongSneak 计数或成就完成。
item_3958968813,3958968813,Items.3958968813,Items.3958968813,DarkSteering,songs,campaign,Song,IMPLEMENTED_UNVERIFIED,歌曲物品授予不等于 SongSneak 计数或成就完成。
item_911495893,911495893,Items.911495893,Items.911495893,FuneralSinger,songs,campaign,Song,IMPLEMENTED_UNVERIFIED,歌曲物品授予不等于 SongSneak 计数或成就完成。
item_3358951973,3358951973,Items.3358951973,Items.3358951973,GoingDownHigh,songs,campaign,Song,IMPLEMENTED_UNVERIFIED,歌曲物品授予不等于 SongSneak 计数或成就完成。
item_1448157064,1448157064,Items.1448157064,Items.1448157064,HighClassSlimcamefloatingin,songs,campaign,Song,IMPLEMENTED_UNVERIFIED,歌曲物品授予不等于 SongSneak 计数或成就完成。
item_559296274,559296274,Items.559296274,Items.559296274,Jesusbuiltmyhotrod,songs,campaign,Song,IMPLEMENTED_UNVERIFIED,歌曲物品授予不等于 SongSneak 计数或成就完成。
item_3207772850,3207772850,Items.3207772850,Items.3207772850,LostBoys,songs,campaign,Song,IMPLEMENTED_UNVERIFIED,歌曲物品授予不等于 SongSneak 计数或成就完成。
item_4183688102,4183688102,Items.4183688102,Items.4183688102,MannequinLove,songs,both,TrainerItemDB,REWARD_ITEM_CANDIDATE,single-player AddItem path; persistence unverified
item_1270825139,1270825139,Items.1270825139,Items.1270825139,MsCrumby,songs,campaign,Song,IMPLEMENTED_UNVERIFIED,歌曲物品授予不等于 SongSneak 计数或成就完成。
item_1362942878,1362942878,Items.1362942878,Items.1362942878,MyMyMy,songs,campaign,Song,IMPLEMENTED_UNVERIFIED,歌曲物品授予不等于 SongSneak 计数或成就完成。
item_2176775932,2176775932,Items.2176775932,Items.2176775932,NeverAgain,songs,campaign,Song,IMPLEMENTED_UNVERIFIED,歌曲物品授予不等于 SongSneak 计数或成就完成。
item_636035282,636035282,Items.636035282,Items.636035282,Outtolunch,songs,campaign,Song,IMPLEMENTED_UNVERIFIED,歌曲物品授予不等于 SongSneak 计数或成就完成。
item_3207772851,3207772851,Items.3207772851,Items.3207772851,Simplify,songs,campaign,Song,IMPLEMENTED_UNVERIFIED,歌曲物品授予不等于 SongSneak 计数或成就完成。
item_641461001,641461001,Items.641461001,Items.641461001,Talk,songs,campaign,Song,IMPLEMENTED_UNVERIFIED,歌曲物品授予不等于 SongSneak 计数或成就完成。
item_972390497,972390497,Items.972390497,Items.972390497,TheBottom,songs,campaign,Song,IMPLEMENTED_UNVERIFIED,歌曲物品授予不等于 SongSneak 计数或成就完成。
item_3526322101,3526322101,Items.3526322101,Items.3526322101,Wherethesidewalkends,songs,campaign,Song,IMPLEMENTED_UNVERIFIED,歌曲物品授予不等于 SongSneak 计数或成就完成。
item_797812516,797812516,Items.797812516,Items.797812516,Youburntme,songs,campaign,Song,IMPLEMENTED_UNVERIFIED,歌曲物品授予不等于 SongSneak 计数或成就完成。
item_3093266093,3093266093,Items.3093266093,Items.3093266093,blvckandwhite,songs,campaign,Song,IMPLEMENTED_UNVERIFIED,歌曲物品授予不等于 SongSneak 计数或成就完成。
item_104690568,104690568,Items.104690568,Items.104690568,song,songs,both,TrainerItemDB,REWARD_ITEM_CANDIDATE,single-player AddItem path; persistence unverified
item_1448157063,1448157063,Items.1448157063,Items.1448157063,song.Acrobot,songs,both,TrainerItemDB,REWARD_ITEM_CANDIDATE,single-player AddItem path; persistence unverified
item_2810641137,2810641137,Items.2810641137,Items.2810641137,song.Awake,songs,both,TrainerItemDB,REWARD_ITEM_CANDIDATE,single-player AddItem path; persistence unverified
item_641461000,641461000,Items.641461000,Items.641461000,song.BigChomper,songs,both,TrainerItemDB,REWARD_ITEM_CANDIDATE,single-player AddItem path; persistence unverified
item_2080759491,2080759491,Items.2080759491,Items.2080759491,song.ColdNightInChicago,songs,both,TrainerItemDB,REWARD_ITEM_CANDIDATE,single-player AddItem path; persistence unverified
item_1362942879,1362942879,Items.1362942879,Items.1362942879,song.ConfidentialLiar,songs,both,TrainerItemDB,REWARD_ITEM_CANDIDATE,single-player AddItem path; persistence unverified
item_3478670910,3478670910,Items.3478670910,Items.3478670910,song.DangerousTonight,songs,both,TrainerItemDB,REWARD_ITEM_CANDIDATE,single-player AddItem path; persistence unverified
item_2365241043,2365241043,Items.2365241043,Items.2365241043,song.DaynNite,songs,both,TrainerItemDB,REWARD_ITEM_CANDIDATE,single-player AddItem path; persistence unverified
item_2727615145,2727615145,Items.2727615145,Items.2727615145,song.DianeYoung,songs,both,TrainerItemDB,REWARD_ITEM_CANDIDATE,single-player AddItem path; persistence unverified
item_390126121,390126121,Items.390126121,Items.390126121,song.FedsWatchin,songs,both,TrainerItemDB,REWARD_ITEM_CANDIDATE,single-player AddItem path; persistence unverified
item_2413019580,2413019580,Items.2413019580,Items.2413019580,song.Gimmedanger,songs,both,TrainerItemDB,REWARD_ITEM_CANDIDATE,single-player AddItem path; persistence unverified
item_559296275,559296275,Items.559296275,Items.559296275,song.Goodmorningsunshine,songs,both,TrainerItemDB,REWARD_ITEM_CANDIDATE,single-player AddItem path; persistence unverified
item_3207772852,3207772852,Items.3207772852,Items.3207772852,song.Howlinformydarlin,songs,both,TrainerItemDB,REWARD_ITEM_CANDIDATE,single-player AddItem path; persistence unverified
item_3787342607,3787342607,Items.3787342607,Items.3787342607,song.Invincible,songs,both,TrainerItemDB,REWARD_ITEM_CANDIDATE,single-player AddItem path; persistence unverified
item_641461002,641461002,Items.641461002,Items.641461002,song.Ishallnotbemoved,songs,both,TrainerItemDB,REWARD_ITEM_CANDIDATE,single-player AddItem path; persistence unverified
item_2296118228,2296118228,Items.2296118228,Items.2296118228,song.KickMeToTheCurb,songs,both,TrainerItemDB,REWARD_ITEM_CANDIDATE,single-player AddItem path; persistence unverified
item_1485477813,1485477813,Items.1485477813,Items.1485477813,song.Mybrainhurts,songs,both,TrainerItemDB,REWARD_ITEM_CANDIDATE,single-player AddItem path; persistence unverified
item_1362942880,1362942880,Items.1362942880,Items.1362942880,song.Onemic,songs,both,TrainerItemDB,REWARD_ITEM_CANDIDATE,single-player AddItem path; persistence unverified
item_524689798,524689798,Items.524689798,Items.524689798,song.Privateeye,songs,both,TrainerItemDB,REWARD_ITEM_CANDIDATE,single-player AddItem path; persistence unverified
item_559296273,559296273,Items.559296273,Items.559296273,song.Satellite,songs,both,TrainerItemDB,REWARD_ITEM_CANDIDATE,single-player AddItem path; persistence unverified
item_2266958177,2266958177,Items.2266958177,Items.2266958177,song.SoAmbitious,songs,both,TrainerItemDB,REWARD_ITEM_CANDIDATE,single-player AddItem path; persistence unverified
item_3093266092,3093266092,Items.3093266092,Items.3093266092,song.Soldiersrequiem,songs,both,TrainerItemDB,REWARD_ITEM_CANDIDATE,single-player AddItem path; persistence unverified
item_3358951972,3358951972,Items.3358951972,Items.3358951972,song.Thedevilstakinnames,songs,both,TrainerItemDB,REWARD_ITEM_CANDIDATE,single-player AddItem path; persistence unverified
item_1931716064,1931716064,Items.1931716064,Items.1931716064,song.Thegoodlife,songs,both,TrainerItemDB,REWARD_ITEM_CANDIDATE,single-player AddItem path; persistence unverified
item_1485477814,1485477814,Items.1485477814,Items.1485477814,song.YesMachine,songs,both,TrainerItemDB,REWARD_ITEM_CANDIDATE,single-player AddItem path; persistence unverified
item_1345410376,1345410376,Items.1345410376,Items.1345410376,AuctionBuyers,collectibles,both,TrainerItemDB,REWARD_ITEM_CANDIDATE,single-player AddItem path; persistence unverified
item_1519663909,1519663909,Items.1519663909,Items.1519663909,AuctionBuyers.AuctionBuyer01,collectibles,both,TrainerItemDB,REWARD_ITEM_CANDIDATE,single-player AddItem path; persistence unverified
item_4007476749,4007476749,Items.4007476749,Items.4007476749,AuctionBuyers.AuctionBuyer01_Lock,collectibles,both,TrainerItemDB,REWARD_ITEM_CANDIDATE,single-player AddItem path; persistence unverified
item_3281873567,3281873567,Items.3281873567,Items.3281873567,AuctionBuyers.AuctionBuyer02,collectibles,both,TrainerItemDB,REWARD_ITEM_CANDIDATE,single-player AddItem path; persistence unverified
item_1749634211,1749634211,Items.1749634211,Items.1749634211,AuctionBuyers.AuctionBuyer02_Lock,collectibles,both,TrainerItemDB,REWARD_ITEM_CANDIDATE,single-player AddItem path; persistence unverified
item_3030014473,3030014473,Items.3030014473,Items.3030014473,AuctionBuyers.AuctionBuyer03,collectibles,both,TrainerItemDB,REWARD_ITEM_CANDIDATE,single-player AddItem path; persistence unverified
item_2736103174,2736103174,Items.2736103174,Items.2736103174,AuctionBuyers.AuctionBuyer03_Lock,collectibles,both,TrainerItemDB,REWARD_ITEM_CANDIDATE,single-player AddItem path; persistence unverified
item_721342378,721342378,Items.721342378,Items.721342378,AuctionBuyers.AuctionBuyer04,collectibles,both,TrainerItemDB,REWARD_ITEM_CANDIDATE,single-player AddItem path; persistence unverified
item_3188764606,3188764606,Items.3188764606,Items.3188764606,AuctionBuyers.AuctionBuyer04_Lock,collectibles,both,TrainerItemDB,REWARD_ITEM_CANDIDATE,single-player AddItem path; persistence unverified
item_1576664892,1576664892,Items.1576664892,Items.1576664892,AuctionBuyers.AuctionBuyer05,collectibles,both,TrainerItemDB,REWARD_ITEM_CANDIDATE,single-player AddItem path; persistence unverified
item_1967946779,1967946779,Items.1967946779,Items.1967946779,AuctionBuyers.AuctionBuyer05_Lock,collectibles,both,TrainerItemDB,REWARD_ITEM_CANDIDATE,single-player AddItem path; persistence unverified
item_3304107654,3304107654,Items.3304107654,Items.3304107654,AuctionBuyers.AuctionBuyer06,collectibles,both,TrainerItemDB,REWARD_ITEM_CANDIDATE,single-player AddItem path; persistence unverified
item_4091023029,4091023029,Items.4091023029,Items.4091023029,AuctionBuyers.AuctionBuyer06_Lock,collectibles,both,TrainerItemDB,REWARD_ITEM_CANDIDATE,single-player AddItem path; persistence unverified
item_3019349520,3019349520,Items.3019349520,Items.3019349520,AuctionBuyers.AuctionBuyer07,collectibles,both,TrainerItemDB,REWARD_ITEM_CANDIDATE,single-player AddItem path; persistence unverified
item_948231440,948231440,Items.948231440,Items.948231440,AuctionBuyers.AuctionBuyer07_Lock,collectibles,both,TrainerItemDB,REWARD_ITEM_CANDIDATE,single-player AddItem path; persistence unverified
item_591954817,591954817,Items.591954817,Items.591954817,AuctionBuyers.AuctionBuyer08,collectibles,both,TrainerItemDB,REWARD_ITEM_CANDIDATE,single-player AddItem path; persistence unverified
item_1776337147,1776337147,Items.1776337147,Items.1776337147,AuctionBuyers.AuctionBuyer08_lock,collectibles,both,TrainerItemDB,REWARD_ITEM_CANDIDATE,single-player AddItem path; persistence unverified
item_1414509335,1414509335,Items.1414509335,Items.1414509335,AuctionBuyers.AuctionBuyer09,collectibles,both,TrainerItemDB,REWARD_ITEM_CANDIDATE,single-player AddItem path; persistence unverified
item_42908768,42908768,Items.42908768,Items.42908768,AuctionBuyers.AuctionBuyer09_Lock,collectibles,both,TrainerItemDB,REWARD_ITEM_CANDIDATE,single-player AddItem path; persistence unverified
item_881343218,881343218,Items.881343218,Items.881343218,AuctionBuyers.AuctionBuyer10,collectibles,both,TrainerItemDB,REWARD_ITEM_CANDIDATE,single-player AddItem path; persistence unverified
item_2213996060,2213996060,Items.2213996060,Items.2213996060,AuctionBuyers.AuctionBuyer10_Lock,collectibles,both,TrainerItemDB,REWARD_ITEM_CANDIDATE,single-player AddItem path; persistence unverified
item_2003193100,2003193100,Items.2003193100,Items.2003193100,Briefcase,collectibles,both,TrainerItemDB,REWARD_ITEM_CANDIDATE,single-player AddItem path; persistence unverified
item_2885551205,2885551205,Items.2885551205,Items.2885551205,Briefcase.Briefcase01,collectibles,both,TrainerItemDB,REWARD_ITEM_CANDIDATE,single-player AddItem path; persistence unverified
item_855070175,855070175,Items.855070175,Items.855070175,Briefcase.Briefcase02,collectibles,both,TrainerItemDB,REWARD_ITEM_CANDIDATE,single-player AddItem path; persistence unverified
item_1173382473,1173382473,Items.1173382473,Items.1173382473,Briefcase.Briefcase03,collectibles,both,TrainerItemDB,REWARD_ITEM_CANDIDATE,single-player AddItem path; persistence unverified
item_3683971306,3683971306,Items.3683971306,Items.3683971306,Briefcase.Briefcase04,collectibles,both,TrainerItemDB,REWARD_ITEM_CANDIDATE,single-player AddItem path; persistence unverified
item_2895364220,2895364220,Items.2895364220,Items.2895364220,Briefcase.Briefcase05,collectibles,both,TrainerItemDB,REWARD_ITEM_CANDIDATE,single-player AddItem path; persistence unverified
item_899322310,899322310,Items.899322310,Items.899322310,Briefcase.Briefcase06,collectibles,both,TrainerItemDB,REWARD_ITEM_CANDIDATE,single-player AddItem path; persistence unverified
item_1117626704,1117626704,Items.1117626704,Items.1117626704,Briefcase.Briefcase07,collectibles,both,TrainerItemDB,REWARD_ITEM_CANDIDATE,single-player AddItem path; persistence unverified
item_3525491905,3525491905,Items.3525491905,Items.3525491905,Briefcase.Briefcase08,collectibles,both,TrainerItemDB,REWARD_ITEM_CANDIDATE,single-player AddItem path; persistence unverified
item_2770701399,2770701399,Items.2770701399,Items.2770701399,Briefcase.Briefcase09,collectibles,both,TrainerItemDB,REWARD_ITEM_CANDIDATE,single-player AddItem path; persistence unverified
item_3319924146,3319924146,Items.3319924146,Items.3319924146,Briefcase.Briefcase10,collectibles,both,TrainerItemDB,REWARD_ITEM_CANDIDATE,single-player AddItem path; persistence unverified
item_2698269618,2698269618,Items.2698269618,Items.2698269618,Briefcase.Briefcase10.dlc01_BLOCKED,collectibles,dlc_solo,TrainerItemDB,REWARD_ITEM_CANDIDATE,single-player AddItem path; persistence unverified
item_1875285027,1875285027,Items.1875285027,Items.1875285027,CellPhone,collectibles,both,TrainerItemDB,REWARD_ITEM_CANDIDATE,single-player AddItem path; persistence unverified
item_4174723444,4174723444,Items.4174723444,Items.4174723444,CellPhone.CellPhone01,collectibles,both,TrainerItemDB,REWARD_ITEM_CANDIDATE,single-player AddItem path; persistence unverified
item_1218453875,1218453875,Items.1218453875,Items.1218453875,CellPhone.CellPhone01.CellPhone01_BLOCKED,collectibles,both,TrainerItemDB,REWARD_ITEM_CANDIDATE,single-player AddItem path; persistence unverified
item_1641834702,1641834702,Items.1641834702,Items.1641834702,CellPhone.CellPhone02,collectibles,both,TrainerItemDB,REWARD_ITEM_CANDIDATE,single-player AddItem path; persistence unverified
item_171155285,171155285,Items.171155285,Items.171155285,CellPhone.CellPhone02.CellPhone02_BLOCKED,collectibles,both,TrainerItemDB,REWARD_ITEM_CANDIDATE,single-player AddItem path; persistence unverified
item_383473752,383473752,Items.383473752,Items.383473752,CellPhone.CellPhone03,collectibles,both,TrainerItemDB,REWARD_ITEM_CANDIDATE,single-player AddItem path; persistence unverified
item_2190608520,2190608520,Items.2190608520,Items.2190608520,CellPhone.CellPhone03.CellPhone03_BLOCKED,collectibles,both,TrainerItemDB,REWARD_ITEM_CANDIDATE,single-player AddItem path; persistence unverified
item_2294271483,2294271483,Items.2294271483,Items.2294271483,CellPhone.CellPhone04,collectibles,both,TrainerItemDB,REWARD_ITEM_CANDIDATE,single-player AddItem path; persistence unverified
item_2400510745,2400510745,Items.2400510745,Items.2400510745,CellPhone.CellPhone04.CellPhone04_BLOCKED,collectibles,both,TrainerItemDB,REWARD_ITEM_CANDIDATE,single-player AddItem path; persistence unverified
item_4290313581,4290313581,Items.4290313581,Items.4290313581,CellPhone.CellPhone05,collectibles,both,TrainerItemDB,REWARD_ITEM_CANDIDATE,single-player AddItem path; persistence unverified
item_129332420,129332420,Items.129332420,Items.129332420,CellPhone.CellPhone05.CellPhone05_BLOCKED,collectibles,both,TrainerItemDB,REWARD_ITEM_CANDIDATE,single-player AddItem path; persistence unverified
item_1722920151,1722920151,Items.1722920151,Items.1722920151,CellPhone.CellPhone06,collectibles,both,TrainerItemDB,REWARD_ITEM_CANDIDATE,single-player AddItem path; persistence unverified
item_1160170210,1160170210,Items.1160170210,Items.1160170210,CellPhone.CellPhone06.CellPhone06_BLOCKED,collectibles,both,TrainerItemDB,REWARD_ITEM_CANDIDATE,single-player AddItem path; persistence unverified
item_297180225,297180225,Items.297180225,Items.297180225,CellPhone.CellPhone07,collectibles,both,TrainerItemDB,REWARD_ITEM_CANDIDATE,single-player AddItem path; persistence unverified
item_3448200511,3448200511,Items.3448200511,Items.3448200511,CellPhone.CellPhone07.CellPhone07_BLOCKED,collectibles,both,TrainerItemDB,REWARD_ITEM_CANDIDATE,single-player AddItem path; persistence unverified
item_2164883920,2164883920,Items.2164883920,Items.2164883920,CellPhone.CellPhone08,collectibles,both,TrainerItemDB,REWARD_ITEM_CANDIDATE,single-player AddItem path; persistence unverified
item_1579883968,1579883968,Items.1579883968,Items.1579883968,CellPhone.CellPhone08.CellPhone08_BLOCKED,collectibles,both,TrainerItemDB,REWARD_ITEM_CANDIDATE,single-player AddItem path; persistence unverified
item_4128158022,4128158022,Items.4128158022,Items.4128158022,CellPhone.CellPhone09,collectibles,both,TrainerItemDB,REWARD_ITEM_CANDIDATE,single-player AddItem path; persistence unverified
item_3599403549,3599403549,Items.3599403549,Items.3599403549,CellPhone.CellPhone09.CellPhone09_BLOCKED,collectibles,both,TrainerItemDB,REWARD_ITEM_CANDIDATE,single-player AddItem path; persistence unverified
item_2529769635,2529769635,Items.2529769635,Items.2529769635,CellPhone.CellPhone10,collectibles,both,TrainerItemDB,REWARD_ITEM_CANDIDATE,single-player AddItem path; persistence unverified
item_954972496,954972496,Items.954972496,Items.954972496,CellPhone.CellPhone10.CellPhone10_BLOCKED,collectibles,both,TrainerItemDB,REWARD_ITEM_CANDIDATE,single-player AddItem path; persistence unverified
item_3788376117,3788376117,Items.3788376117,Items.3788376117,CellPhone.CellPhone11,collectibles,both,TrainerItemDB,REWARD_ITEM_CANDIDATE,single-player AddItem path; persistence unverified
item_2957651597,2957651597,Items.2957651597,Items.2957651597,CellPhone.CellPhone11.CellPhone11_BLOCKED,collectibles,both,TrainerItemDB,REWARD_ITEM_CANDIDATE,single-player AddItem path; persistence unverified
item_2026330511,2026330511,Items.2026330511,Items.2026330511,CellPhone.CellPhone12,collectibles,both,TrainerItemDB,REWARD_ITEM_CANDIDATE,single-player AddItem path; persistence unverified
item_4074344619,4074344619,Items.4074344619,Items.4074344619,CellPhone.CellPhone12.CellPhone12_BLOCKED,collectibles,both,TrainerItemDB,REWARD_ITEM_CANDIDATE,single-player AddItem path; persistence unverified
item_1214666036,1214666036,Items.1214666036,Items.1214666036,FinalMissionUnlocks,collectibles,both,TrainerItemDB,REWARD_ITEM_CANDIDATE,single-player AddItem path; persistence unverified
item_3801567660,3801567660,Items.3801567660,Items.3801567660,FinalMissionUnlocks.CyberCrime_CollectComplete,collectibles,both,TrainerItemDB,REWARD_ITEM_CANDIDATE,single-player AddItem path; persistence unverified
item_3108878126,3108878126,Items.3108878126,Items.3108878126,FinalMissionUnlocks.CyberCrime_FinalMission,collectibles,both,TrainerItemDB,REWARD_ITEM_CANDIDATE,single-player AddItem path; persistence unverified
item_4266031129,4266031129,Items.4266031129,Items.4266031129,FinalMissionUnlocks.FamilyTies_CollectComplete,collectibles,both,TrainerItemDB,REWARD_ITEM_CANDIDATE,single-player AddItem path; persistence unverified
item_293994147,293994147,Items.293994147,Items.293994147,FinalMissionUnlocks.FamilyTies_FinalMission,collectibles,both,TrainerItemDB,REWARD_ITEM_CANDIDATE,single-player AddItem path; persistence unverified
item_3212732185,3212732185,Items.3212732185,Items.3212732185,FinalMissionUnlocks.HumanTrafficking_CollectComplete,collectibles,both,TrainerItemDB,REWARD_ITEM_CANDIDATE,single-player AddItem path; persistence unverified
item_723359418,723359418,Items.723359418,Items.723359418,FinalMissionUnlocks.SerialKiller_CollectComplete,collectibles,both,TrainerItemDB,REWARD_ITEM_CANDIDATE,single-player AddItem path; persistence unverified
item_2503187271,2503187271,Items.2503187271,Items.2503187271,FinalMissionUnlocks.SerialKiller_FinalMission,collectibles,both,TrainerItemDB,REWARD_ITEM_CANDIDATE,single-player AddItem path; persistence unverified
item_218070122,218070122,Items.218070122,Items.218070122,FinalMissionUnlocks.WeaponTrafficking_CollectComplete,collectibles,both,TrainerItemDB,REWARD_ITEM_CANDIDATE,single-player AddItem path; persistence unverified
item_3072339018,3072339018,Items.3072339018,Items.3072339018,FinalMissionUnlocks.WeaponTrafficking_FinalMission,collectibles,both,TrainerItemDB,REWARD_ITEM_CANDIDATE,single-player AddItem path; persistence unverified
item_2186892217,2186892217,Items.2186892217,Items.2186892217,FinalMissionUnlocks.dlc01_SI01_Aiden_CollectComplete,collectibles,dlc_solo,TrainerItemDB,REWARD_ITEM_CANDIDATE,single-player AddItem path; persistence unverified
item_3724176715,3724176715,Items.3724176715,Items.3724176715,FinalMissionUnlocks.dlc01_SI01_Aiden_FinalMission,collectibles,dlc_solo,TrainerItemDB,REWARD_ITEM_CANDIDATE,single-player AddItem path; persistence unverified
item_3164326689,3164326689,Items.3164326689,Items.3164326689,FinalMissionUnlocks.dlc01_SI02_Dedsec_CollectComplete,collectibles,dlc_solo,TrainerItemDB,REWARD_ITEM_CANDIDATE,single-player AddItem path; persistence unverified
item_3570300601,3570300601,Items.3570300601,Items.3570300601,FinalMissionUnlocks.dlc01_SI02_Dedsec_FinalMission,collectibles,dlc_solo,TrainerItemDB,REWARD_ITEM_CANDIDATE,single-player AddItem path; persistence unverified
item_3789562406,3789562406,Items.3789562406,Items.3789562406,FinalMissionUnlocks.dlc01_SI03_RayKenney_CollectComplete,collectibles,dlc_solo,TrainerItemDB,REWARD_ITEM_CANDIDATE,single-player AddItem path; persistence unverified
item_771214782,771214782,Items.771214782,Items.771214782,FinalMissionUnlocks.dlc01_SI03_RayKenney_FinalMission,collectibles,dlc_solo,TrainerItemDB,REWARD_ITEM_CANDIDATE,single-player AddItem path; persistence unverified
item_2654536616,2654536616,Items.2654536616,Items.2654536616,HardDrive,collectibles,both,TrainerItemDB,REWARD_ITEM_CANDIDATE,single-player AddItem path; persistence unverified
item_2036733568,2036733568,Items.2036733568,Items.2036733568,HardDrive.HardDrive01,collectibles,both,TrainerItemDB,REWARD_ITEM_CANDIDATE,single-player AddItem path; persistence unverified
item_3765389114,3765389114,Items.3765389114,Items.3765389114,HardDrive.HardDrive02,collectibles,both,TrainerItemDB,REWARD_ITEM_CANDIDATE,single-player AddItem path; persistence unverified
item_2540205996,2540205996,Items.2540205996,Items.2540205996,HardDrive.HardDrive03,collectibles,both,TrainerItemDB,REWARD_ITEM_CANDIDATE,single-player AddItem path; persistence unverified
item_151839247,151839247,Items.151839247,Items.151839247,HardDrive.HardDrive04,collectibles,both,TrainerItemDB,REWARD_ITEM_CANDIDATE,single-player AddItem path; persistence unverified
item_2114704025,2114704025,Items.2114704025,Items.2114704025,HardDrive.HardDrive05,collectibles,both,TrainerItemDB,REWARD_ITEM_CANDIDATE,single-player AddItem path; persistence unverified
item_3875701539,3875701539,Items.3875701539,Items.3875701539,HardDrive.HardDrive06,collectibles,both,TrainerItemDB,REWARD_ITEM_CANDIDATE,single-player AddItem path; persistence unverified
item_2416292789,2416292789,Items.2416292789,Items.2416292789,HardDrive.HardDrive07,collectibles,both,TrainerItemDB,REWARD_ITEM_CANDIDATE,single-player AddItem path; persistence unverified
item_12234276,12234276,Items.12234276,Items.12234276,HardDrive.HardDrive08,collectibles,both,TrainerItemDB,REWARD_ITEM_CANDIDATE,single-player AddItem path; persistence unverified
item_2008915634,2008915634,Items.2008915634,Items.2008915634,HardDrive.HardDrive09,collectibles,both,TrainerItemDB,REWARD_ITEM_CANDIDATE,single-player AddItem path; persistence unverified
item_393877335,393877335,Items.393877335,Items.393877335,HardDrive.HardDrive10,collectibles,both,TrainerItemDB,REWARD_ITEM_CANDIDATE,single-player AddItem path; persistence unverified
item_140993482,140993482,Items.140993482,Items.140993482,QRCode,collectibles,both,TrainerItemDB,REWARD_ITEM_CANDIDATE,single-player AddItem path; persistence unverified
item_756106535,756106535,Items.756106535,Items.756106535,QRCode.QRCode_BrandonDocks_01,collectibles,both,TrainerItemDB,REWARD_ITEM_CANDIDATE,single-player AddItem path; persistence unverified
item_1063206970,1063206970,Items.1063206970,Items.1063206970,QRCode.QRCode_BrandonDocks_01.QRCode_BrandonDocks_01_BLOCKED,collectibles,both,TrainerItemDB,REWARD_ITEM_CANDIDATE,single-player AddItem path; persistence unverified
item_3021477021,3021477021,Items.3021477021,Items.3021477021,QRCode.QRCode_BrandonDocks_02,collectibles,both,TrainerItemDB,REWARD_ITEM_CANDIDATE,single-player AddItem path; persistence unverified
item_3486348352,3486348352,Items.3486348352,Items.3486348352,QRCode.QRCode_BrandonDocks_02.QRCode_BrandonDocks_02_BLOCKED,collectibles,both,TrainerItemDB,REWARD_ITEM_CANDIDATE,single-player AddItem path; persistence unverified
item_3273597963,3273597963,Items.3273597963,Items.3273597963,QRCode.QRCode_BrandonDocks_03,collectibles,both,TrainerItemDB,REWARD_ITEM_CANDIDATE,single-player AddItem path; persistence unverified
item_694969769,694969769,Items.694969769,Items.694969769,QRCode.QRCode_BrandonDocks_03.QRCode_BrandonDocks_03_BLOCKED,collectibles,both,TrainerItemDB,REWARD_ITEM_CANDIDATE,single-player AddItem path; persistence unverified
item_1568387496,1568387496,Items.1568387496,Items.1568387496,QRCode.QRCode_BrandonDocks_04,collectibles,both,TrainerItemDB,REWARD_ITEM_CANDIDATE,single-player AddItem path; persistence unverified
item_4120386293,4120386293,Items.4120386293,Items.4120386293,QRCode.QRCode_BrandonDocks_04.QRCode_BrandonDocks_04_BLOCKED,collectibles,both,TrainerItemDB,REWARD_ITEM_CANDIDATE,single-player AddItem path; persistence unverified
item_586629300,586629300,Items.586629300,Items.586629300,QRCode.QRCode_Loop_01,collectibles,both,TrainerItemDB,REWARD_ITEM_CANDIDATE,single-player AddItem path; persistence unverified
item_1510927943,1510927943,Items.1510927943,Items.1510927943,QRCode.QRCode_Loop_01.QRCode_Loop_01_BLOCKED,collectibles,both,TrainerItemDB,REWARD_ITEM_CANDIDATE,single-player AddItem path; persistence unverified
item_3153989902,3153989902,Items.3153989902,Items.3153989902,QRCode.QRCode_Loop_02,collectibles,both,TrainerItemDB,REWARD_ITEM_CANDIDATE,single-player AddItem path; persistence unverified
item_1000176554,1000176554,Items.1000176554,Items.1000176554,QRCode.QRCode_Loop_02.QRCode_Loop_02_BLOCKED,collectibles,both,TrainerItemDB,REWARD_ITEM_CANDIDATE,single-player AddItem path; persistence unverified
item_3438879128,3438879128,Items.3438879128,Items.3438879128,QRCode.QRCode_Loop_03,collectibles,both,TrainerItemDB,REWARD_ITEM_CANDIDATE,single-player AddItem path; persistence unverified
item_2915240654,2915240654,Items.2915240654,Items.2915240654,QRCode.QRCode_Loop_03.QRCode_Loop_03_BLOCKED,collectibles,both,TrainerItemDB,REWARD_ITEM_CANDIDATE,single-player AddItem path; persistence unverified
item_1386067003,1386067003,Items.1386067003,Items.1386067003,QRCode.QRCode_Loop_04,collectibles,both,TrainerItemDB,REWARD_ITEM_CANDIDATE,single-player AddItem path; persistence unverified
item_4172959856,4172959856,Items.4172959856,Items.4172959856,QRCode.QRCode_Loop_04.QRCode_Loop_04_BLOCKED,collectibles,both,TrainerItemDB,REWARD_ITEM_CANDIDATE,single-player AddItem path; persistence unverified
item_3753889509,3753889509,Items.3753889509,Items.3753889509,QRCode.QRCode_MadMile_01,collectibles,both,TrainerItemDB,REWARD_ITEM_CANDIDATE,single-player AddItem path; persistence unverified
item_4108573684,4108573684,Items.4108573684,Items.4108573684,QRCode.QRCode_MadMile_01.QRCode_MadMile_01_BLOCKED,collectibles,both,TrainerItemDB,REWARD_ITEM_CANDIDATE,single-player AddItem path; persistence unverified
item_1186373471,1186373471,Items.1186373471,Items.1186373471,QRCode.QRCode_MadMile_02,collectibles,both,TrainerItemDB,REWARD_ITEM_CANDIDATE,single-player AddItem path; persistence unverified
item_3945253783,3945253783,Items.3945253783,Items.3945253783,QRCode.QRCode_MadMile_02.QRCode_MadMile_02_BLOCKED,collectibles,both,TrainerItemDB,REWARD_ITEM_CANDIDATE,single-player AddItem path; persistence unverified
item_833728457,833728457,Items.833728457,Items.833728457,QRCode.QRCode_MadMile_03,collectibles,both,TrainerItemDB,REWARD_ITEM_CANDIDATE,single-player AddItem path; persistence unverified
item_118343152,118343152,Items.118343152,Items.118343152,QRCode.QRCode_MadMile_03.QRCode_MadMile_03_BLOCKED,collectibles,both,TrainerItemDB,REWARD_ITEM_CANDIDATE,single-player AddItem path; persistence unverified
item_3709992821,3709992821,Items.3709992821,Items.3709992821,QRCode.QRCode_ParkerSquare_01,collectibles,both,TrainerItemDB,REWARD_ITEM_CANDIDATE,single-player AddItem path; persistence unverified
item_922209684,922209684,Items.922209684,Items.922209684,QRCode.QRCode_ParkerSquare_01.QRCode_ParkerSquare_01_BLOCKED,collectibles,both,TrainerItemDB,REWARD_ITEM_CANDIDATE,single-player AddItem path; persistence unverified
item_1143516879,1143516879,Items.1143516879,Items.1143516879,QRCode.QRCode_ParkerSquare_02,collectibles,both,TrainerItemDB,REWARD_ITEM_CANDIDATE,single-player AddItem path; persistence unverified
item_3328571886,3328571886,Items.3328571886,Items.3328571886,QRCode.QRCode_ParkerSquare_02.QRCode_ParkerSquare_02_BLOCKED,collectibles,both,TrainerItemDB,REWARD_ITEM_CANDIDATE,single-player AddItem path; persistence unverified
item_1588365157,1588365157,Items.1588365157,Items.1588365157,QRCode.QRCode_Pawnee_01,collectibles,both,TrainerItemDB,REWARD_ITEM_CANDIDATE,single-player AddItem path; persistence unverified
item_3351196604,3351196604,Items.3351196604,Items.3351196604,QRCode.QRCode_Pawnee_01.QRCode_Pawnee_01_BLOCKED,collectibles,both,TrainerItemDB,REWARD_ITEM_CANDIDATE,single-player AddItem path; persistence unverified
item_3349534431,3349534431,Items.3349534431,Items.3349534431,QRCode.QRCode_Pawnee_02,collectibles,both,TrainerItemDB,REWARD_ITEM_CANDIDATE,single-player AddItem path; persistence unverified
item_208003713,208003713,Items.208003713,Items.208003713,QRCode.QRCode_Pawnee_02.QRCode_Pawnee_02_BLOCKED,collectibles,both,TrainerItemDB,REWARD_ITEM_CANDIDATE,single-player AddItem path; persistence unverified
item_132777804,132777804,Items.132777804,Items.132777804,QRCode.QRCode_TheWards_01,collectibles,both,TrainerItemDB,REWARD_ITEM_CANDIDATE,single-player AddItem path; persistence unverified
item_1355073255,1355073255,Items.1355073255,Items.1355073255,QRCode.QRCode_TheWards_01.QRCode_TheWards_01_BLOCKED,collectibles,both,TrainerItemDB,REWARD_ITEM_CANDIDATE,single-player AddItem path; persistence unverified
item_2665699062,2665699062,Items.2665699062,Items.2665699062,QRCode.QRCode_TheWards_02,collectibles,both,TrainerItemDB,REWARD_ITEM_CANDIDATE,single-player AddItem path; persistence unverified
item_1805122821,1805122821,Items.1805122821,Items.1805122821,QRCode.QRCode_TheWards_02.QRCode_TheWards_02_BLOCKED,collectibles,both,TrainerItemDB,REWARD_ITEM_CANDIDATE,single-player AddItem path; persistence unverified
item_2950706974,2950706974,Items.2950706974,Items.2950706974,SK_DeadBody,collectibles,both,TrainerItemDB,REWARD_ITEM_CANDIDATE,single-player AddItem path; persistence unverified
item_1519055393,1519055393,Items.1519055393,Items.1519055393,SK_DeadBody.DeadBody01,collectibles,both,TrainerItemDB,REWARD_ITEM_CANDIDATE,single-player AddItem path; persistence unverified
item_2762177137,2762177137,Items.2762177137,Items.2762177137,SK_DeadBody.DeadBody01.DeadBody01_BLOCKED,collectibles,both,TrainerItemDB,REWARD_ITEM_CANDIDATE,single-player AddItem path; persistence unverified
item_3280184219,3280184219,Items.3280184219,Items.3280184219,SK_DeadBody.DeadBody02,collectibles,both,TrainerItemDB,REWARD_ITEM_CANDIDATE,single-player AddItem path; persistence unverified
item_847711102,847711102,Items.847711102,Items.847711102,SK_DeadBody.DeadBody02.DeadBody02_BLOCKED,collectibles,both,TrainerItemDB,REWARD_ITEM_CANDIDATE,single-player AddItem path; persistence unverified
item_3028587277,3028587277,Items.3028587277,Items.3028587277,SK_DeadBody.DeadBody03,collectibles,both,TrainerItemDB,REWARD_ITEM_CANDIDATE,single-player AddItem path; persistence unverified
item_1083909243,1083909243,Items.1083909243,Items.1083909243,SK_DeadBody.DeadBody03.DeadBody03_BLOCKED,collectibles,both,TrainerItemDB,REWARD_ITEM_CANDIDATE,single-player AddItem path; persistence unverified
item_719324846,719324846,Items.719324846,Items.719324846,SK_DeadBody.DeadBody04,collectibles,both,TrainerItemDB,REWARD_ITEM_CANDIDATE,single-player AddItem path; persistence unverified
item_3317624609,3317624609,Items.3317624609,Items.3317624609,SK_DeadBody.DeadBody04.DeadBody04_BLOCKED,collectibles,both,TrainerItemDB,REWARD_ITEM_CANDIDATE,single-player AddItem path; persistence unverified
item_1575433784,1575433784,Items.1575433784,Items.1575433784,SK_DeadBody.DeadBody05,collectibles,both,TrainerItemDB,REWARD_ITEM_CANDIDATE,single-player AddItem path; persistence unverified
item_3080896548,3080896548,Items.3080896548,Items.3080896548,SK_DeadBody.DeadBody05.DeadBody05_BLOCKED,collectibles,both,TrainerItemDB,REWARD_ITEM_CANDIDATE,single-player AddItem path; persistence unverified
item_3303958402,3303958402,Items.3303958402,Items.3303958402,SK_DeadBody.DeadBody06,collectibles,both,TrainerItemDB,REWARD_ITEM_CANDIDATE,single-player AddItem path; persistence unverified
item_562475307,562475307,Items.562475307,Items.562475307,SK_DeadBody.DeadBody06.DeadBody06_BLOCKED,collectibles,both,TrainerItemDB,REWARD_ITEM_CANDIDATE,single-player AddItem path; persistence unverified
item_3018413844,3018413844,Items.3018413844,Items.3018413844,SK_DeadBody.DeadBody07,collectibles,both,TrainerItemDB,REWARD_ITEM_CANDIDATE,single-player AddItem path; persistence unverified
item_1402641966,1402641966,Items.1402641966,Items.1402641966,SK_DeadBody.DeadBody07.DeadBody07_BLOCKED,collectibles,both,TrainerItemDB,REWARD_ITEM_CANDIDATE,single-player AddItem path; persistence unverified
item_592857733,592857733,Items.592857733,Items.592857733,SK_DeadBody.DeadBody08,collectibles,both,TrainerItemDB,REWARD_ITEM_CANDIDATE,single-player AddItem path; persistence unverified
item_4038861278,4038861278,Items.4038861278,Items.4038861278,SK_DeadBody.DeadBody08.DeadBody08_BLOCKED,collectibles,both,TrainerItemDB,REWARD_ITEM_CANDIDATE,single-player AddItem path; persistence unverified
item_1414625811,1414625811,Items.1414625811,Items.1414625811,SK_DeadBody.DeadBody09,collectibles,both,TrainerItemDB,REWARD_ITEM_CANDIDATE,single-player AddItem path; persistence unverified
item_2191527643,2191527643,Items.2191527643,Items.2191527643,SK_DeadBody.DeadBody09.DeadBody09_BLOCKED,collectibles,both,TrainerItemDB,REWARD_ITEM_CANDIDATE,single-player AddItem path; persistence unverified
item_882308086,882308086,Items.882308086,Items.882308086,SK_DeadBody.DeadBody10,collectibles,both,TrainerItemDB,REWARD_ITEM_CANDIDATE,single-player AddItem path; persistence unverified
item_2796010964,2796010964,Items.2796010964,Items.2796010964,SK_DeadBody.DeadBody10.DeadBody10_BLOCKED,collectibles,both,TrainerItemDB,REWARD_ITEM_CANDIDATE,single-player AddItem path; persistence unverified
item_1133626208,1133626208,Items.1133626208,Items.1133626208,SK_DeadBody.DeadBody11,collectibles,both,TrainerItemDB,REWARD_ITEM_CANDIDATE,single-player AddItem path; persistence unverified
item_3569062609,3569062609,Items.3569062609,Items.3569062609,SK_DeadBody.DeadBody11.DeadBody11_BLOCKED,collectibles,both,TrainerItemDB,REWARD_ITEM_CANDIDATE,single-player AddItem path; persistence unverified
item_3667432154,3667432154,Items.3667432154,Items.3667432154,SK_DeadBody.DeadBody12,collectibles,both,TrainerItemDB,REWARD_ITEM_CANDIDATE,single-player AddItem path; persistence unverified
item_1117774814,1117774814,Items.1117774814,Items.1117774814,SK_DeadBody.DeadBody12.DeadBody12_BLOCKED,collectibles,both,TrainerItemDB,REWARD_ITEM_CANDIDATE,single-player AddItem path; persistence unverified
item_2912920140,2912920140,Items.2912920140,Items.2912920140,SK_DeadBody.DeadBody13,collectibles,both,TrainerItemDB,REWARD_ITEM_CANDIDATE,single-player AddItem path; persistence unverified
item_813944027,813944027,Items.813944027,Items.813944027,SK_DeadBody.DeadBody13.DeadBody13_BLOCKED,collectibles,both,TrainerItemDB,REWARD_ITEM_CANDIDATE,single-player AddItem path; persistence unverified
item_872101871,872101871,Items.872101871,Items.872101871,SK_DeadBody.DeadBody14,collectibles,both,TrainerItemDB,REWARD_ITEM_CANDIDATE,single-player AddItem path; persistence unverified
item_3047556993,3047556993,Items.3047556993,Items.3047556993,SK_DeadBody.DeadBody14.DeadBody14_BLOCKED,collectibles,both,TrainerItemDB,REWARD_ITEM_CANDIDATE,single-player AddItem path; persistence unverified
item_1157367673,1157367673,Items.1157367673,Items.1157367673,SK_DeadBody.DeadBody15,collectibles,both,TrainerItemDB,REWARD_ITEM_CANDIDATE,single-player AddItem path; persistence unverified
item_3350866052,3350866052,Items.3350866052,Items.3350866052,SK_DeadBody.DeadBody15.DeadBody15_BLOCKED,collectibles,both,TrainerItemDB,REWARD_ITEM_CANDIDATE,single-player AddItem path; persistence unverified
item_728282114,728282114,Items.728282114,Items.728282114,WeaponCrate,collectibles,both,TrainerItemDB,REWARD_ITEM_CANDIDATE,single-player AddItem path; persistence unverified
item_2353114958,2353114958,Items.2353114958,Items.2353114958,WeaponCrate.WeaponCrate01,collectibles,both,TrainerItemDB,REWARD_ITEM_CANDIDATE,single-player AddItem path; persistence unverified
item_2196870315,2196870315,Items.2196870315,Items.2196870315,WeaponCrate.WeaponCrate01.WeaponCrate01_BLOCKED,collectibles,both,TrainerItemDB,REWARD_ITEM_CANDIDATE,single-player AddItem path; persistence unverified
item_357105396,357105396,Items.357105396,Items.357105396,WeaponCrate.WeaponCrate02,collectibles,both,TrainerItemDB,REWARD_ITEM_CANDIDATE,single-player AddItem path; persistence unverified
item_3449393491,3449393491,Items.3449393491,Items.3449393491,WeaponCrate.WeaponCrate02.WeaponCrate02_BLOCKED,collectibles,both,TrainerItemDB,REWARD_ITEM_CANDIDATE,single-player AddItem path; persistence unverified
item_1649397346,1649397346,Items.1649397346,Items.1649397346,WeaponCrate.WeaponCrate03,collectibles,both,TrainerItemDB,REWARD_ITEM_CANDIDATE,single-player AddItem path; persistence unverified
item_1100050372,1100050372,Items.1100050372,Items.1100050372,WeaponCrate.WeaponCrate03.WeaponCrate03_BLOCKED,collectibles,both,TrainerItemDB,REWARD_ITEM_CANDIDATE,single-player AddItem path; persistence unverified
item_4230699969,4230699969,Items.4230699969,Items.4230699969,WeaponCrate.WeaponCrate04,collectibles,both,TrainerItemDB,REWARD_ITEM_CANDIDATE,single-player AddItem path; persistence unverified
item_1397332643,1397332643,Items.1397332643,Items.1397332643,WeaponCrate.WeaponCrate04.WeaponCrate04_BLOCKED,collectibles,both,TrainerItemDB,REWARD_ITEM_CANDIDATE,single-player AddItem path; persistence unverified
item_2334944087,2334944087,Items.2334944087,Items.2334944087,WeaponCrate.WeaponCrate05,collectibles,both,TrainerItemDB,REWARD_ITEM_CANDIDATE,single-player AddItem path; persistence unverified
item_3745604660,3745604660,Items.3745604660,Items.3745604660,WeaponCrate.WeaponCrate05.WeaponCrate05_BLOCKED,collectibles,both,TrainerItemDB,REWARD_ITEM_CANDIDATE,single-player AddItem path; persistence unverified
item_304429805,304429805,Items.304429805,Items.304429805,WeaponCrate.WeaponCrate06,collectibles,both,TrainerItemDB,REWARD_ITEM_CANDIDATE,single-player AddItem path; persistence unverified
item_2418631116,2418631116,Items.2418631116,Items.2418631116,WeaponCrate.WeaponCrate06.WeaponCrate06_BLOCKED,collectibles,both,TrainerItemDB,REWARD_ITEM_CANDIDATE,single-player AddItem path; persistence unverified
item_1696729723,1696729723,Items.1696729723,Items.1696729723,WeaponCrate.WeaponCrate07,collectibles,both,TrainerItemDB,REWARD_ITEM_CANDIDATE,single-player AddItem path; persistence unverified
item_471965531,471965531,Items.471965531,Items.471965531,WeaponCrate.WeaponCrate07.WeaponCrate07_BLOCKED,collectibles,both,TrainerItemDB,REWARD_ITEM_CANDIDATE,single-player AddItem path; persistence unverified
item_4120713194,4120713194,Items.4120713194,Items.4120713194,WeaponCrate.WeaponCrate08,collectibles,both,TrainerItemDB,REWARD_ITEM_CANDIDATE,single-player AddItem path; persistence unverified
item_3046673154,3046673154,Items.3046673154,Items.3046673154,WeaponCrate.WeaponCrate08.WeaponCrate08_BLOCKED,collectibles,both,TrainerItemDB,REWARD_ITEM_CANDIDATE,single-player AddItem path; persistence unverified
item_2191140732,2191140732,Items.2191140732,Items.2191140732,WeaponCrate.WeaponCrate09,collectibles,both,TrainerItemDB,REWARD_ITEM_CANDIDATE,single-player AddItem path; persistence unverified
item_965768597,965768597,Items.965768597,Items.965768597,WeaponCrate.WeaponCrate09.WeaponCrate09_BLOCKED,collectibles,both,TrainerItemDB,REWARD_ITEM_CANDIDATE,single-player AddItem path; persistence unverified
item_3797790361,3797790361,Items.3797790361,Items.3797790361,WeaponCrate.WeaponCrate10,collectibles,both,TrainerItemDB,REWARD_ITEM_CANDIDATE,single-player AddItem path; persistence unverified
item_1612604453,1612604453,Items.1612604453,Items.1612604453,WeaponCrate.WeaponCrate10.WeaponCrate10_BLOCKED,collectibles,both,TrainerItemDB,REWARD_ITEM_CANDIDATE,single-player AddItem path; persistence unverified
item_2505743887,2505743887,Items.2505743887,Items.2505743887,WeaponCrate.WeaponCrate11,collectibles,both,TrainerItemDB,REWARD_ITEM_CANDIDATE,single-player AddItem path; persistence unverified
item_3960904370,3960904370,Items.3960904370,Items.3960904370,WeaponCrate.WeaponCrate11.WeaponCrate11_BLOCKED,collectibles,both,TrainerItemDB,REWARD_ITEM_CANDIDATE,single-player AddItem path; persistence unverified
item_206819253,206819253,Items.206819253,Items.206819253,WeaponCrate.WeaponCrate12,collectibles,both,TrainerItemDB,REWARD_ITEM_CANDIDATE,single-player AddItem path; persistence unverified
item_2742984522,2742984522,Items.2742984522,Items.2742984522,WeaponCrate.WeaponCrate12.WeaponCrate12_BLOCKED,collectibles,both,TrainerItemDB,REWARD_ITEM_CANDIDATE,single-player AddItem path; persistence unverified
item_2069167907,2069167907,Items.2069167907,Items.2069167907,WeaponCrate.WeaponCrate13,collectibles,both,TrainerItemDB,REWARD_ITEM_CANDIDATE,single-player AddItem path; persistence unverified
item_796287453,796287453,Items.796287453,Items.796287453,WeaponCrate.WeaponCrate13.WeaponCrate13_BLOCKED,collectibles,both,TrainerItemDB,REWARD_ITEM_CANDIDATE,single-player AddItem path; persistence unverified
item_3845155456,3845155456,Items.3845155456,Items.3845155456,WeaponCrate.WeaponCrate14,collectibles,both,TrainerItemDB,REWARD_ITEM_CANDIDATE,single-player AddItem path; persistence unverified
item_1034851514,1034851514,Items.1034851514,Items.1034851514,WeaponCrate.WeaponCrate14.WeaponCrate14_BLOCKED,collectibles,both,TrainerItemDB,REWARD_ITEM_CANDIDATE,single-player AddItem path; persistence unverified
item_2453101078,2453101078,Items.2453101078,Items.2453101078,WeaponCrate.WeaponCrate15,collectibles,both,TrainerItemDB,REWARD_ITEM_CANDIDATE,single-player AddItem path; persistence unverified
item_2980473389,2980473389,Items.2980473389,Items.2980473389,WeaponCrate.WeaponCrate15.WeaponCrate15_BLOCKED,collectibles,both,TrainerItemDB,REWARD_ITEM_CANDIDATE,single-player AddItem path; persistence unverified
item_3735135211,3735135211,Items.3735135211,Items.3735135211,dlc01_DLC_Thread_01,collectibles,dlc_solo,TrainerItemDB,REWARD_ITEM_CANDIDATE,single-player AddItem path; persistence unverified
item_535235681,535235681,Items.535235681,Items.535235681,dlc01_DLC_Thread_01.dlc01_Thread_01_Briefcase,collectibles,dlc_solo,TrainerItemDB,REWARD_ITEM_CANDIDATE,single-player AddItem path; persistence unverified
item_3170421949,3170421949,Items.3170421949,Items.3170421949,dlc01_DLC_Thread_01.dlc01_Thread_01_Briefcase.dlc01_Thread_01_Briefcase_BLOCKED,collectibles,dlc_solo,TrainerItemDB,REWARD_ITEM_CANDIDATE,single-player AddItem path; persistence unverified
item_575232783,575232783,Items.575232783,Items.575232783,dlc01_DLC_Thread_01.dlc01_Thread_01_Crate,collectibles,dlc_solo,TrainerItemDB,REWARD_ITEM_CANDIDATE,single-player AddItem path; persistence unverified
item_3072478140,3072478140,Items.3072478140,Items.3072478140,dlc01_DLC_Thread_01.dlc01_Thread_01_Crate.dlc01_Thread_01_Crate_BLOCKED,collectibles,dlc_solo,TrainerItemDB,REWARD_ITEM_CANDIDATE,single-player AddItem path; persistence unverified
item_486268214,486268214,Items.486268214,Items.486268214,dlc01_DLC_Thread_01.dlc01_Thread_01_Deadbody,collectibles,dlc_solo,TrainerItemDB,REWARD_ITEM_CANDIDATE,single-player AddItem path; persistence unverified
item_195436334,195436334,Items.195436334,Items.195436334,dlc01_DLC_Thread_01.dlc01_Thread_01_Deadbody.dlc01_Thread_01_Deadbody_BLOCKED,collectibles,dlc_solo,TrainerItemDB,REWARD_ITEM_CANDIDATE,single-player AddItem path; persistence unverified
item_207657472,207657472,Items.207657472,Items.207657472,dlc01_DLC_Thread_01.dlc01_Thread_01_Hacker,collectibles,dlc_solo,TrainerItemDB,REWARD_ITEM_CANDIDATE,single-player AddItem path; persistence unverified
item_643425148,643425148,Items.643425148,Items.643425148,dlc01_DLC_Thread_01.dlc01_Thread_01_Hacker.dlc01_Thread_01_Hacker_BLOCKED,collectibles,dlc_solo,TrainerItemDB,REWARD_ITEM_CANDIDATE,single-player AddItem path; persistence unverified
item_4090214497,4090214497,Items.4090214497,Items.4090214497,dlc01_DLC_Thread_01.dlc01_Thread_01_QRCode,collectibles,dlc_solo,TrainerItemDB,REWARD_ITEM_CANDIDATE,single-player AddItem path; persistence unverified
item_3512186444,3512186444,Items.3512186444,Items.3512186444,dlc01_DLC_Thread_01.dlc01_Thread_01_QRCode.dlc01_Thread_01_QRCode_BLOCKED,collectibles,dlc_solo,TrainerItemDB,REWARD_ITEM_CANDIDATE,single-player AddItem path; persistence unverified
item_4037206327,4037206327,Items.4037206327,Items.4037206327,dlc01_DLC_Thread_02,collectibles,dlc_solo,TrainerItemDB,REWARD_ITEM_CANDIDATE,single-player AddItem path; persistence unverified
item_1698986159,1698986159,Items.1698986159,Items.1698986159,dlc01_DLC_Thread_02.dlc01_Thread_02_Crate,collectibles,dlc_solo,TrainerItemDB,REWARD_ITEM_CANDIDATE,single-player AddItem path; persistence unverified
item_1006412810,1006412810,Items.1006412810,Items.1006412810,dlc01_DLC_Thread_02.dlc01_Thread_02_Crate.dlc01_Thread_02_Crate_BLOCKED,collectibles,dlc_solo,TrainerItemDB,REWARD_ITEM_CANDIDATE,single-player AddItem path; persistence unverified
item_1850597658,1850597658,Items.1850597658,Items.1850597658,dlc01_DLC_Thread_02.dlc01_Thread_02_Deadbody01,collectibles,dlc_solo,TrainerItemDB,REWARD_ITEM_CANDIDATE,single-player AddItem path; persistence unverified
item_478018243,478018243,Items.478018243,Items.478018243,dlc01_DLC_Thread_02.dlc01_Thread_02_Deadbody01.dlc01_Thread_02_Deadbody01_BLOCKED,collectibles,dlc_solo,TrainerItemDB,REWARD_ITEM_CANDIDATE,single-player AddItem path; persistence unverified
item_1190584580,1190584580,Items.1190584580,Items.1190584580,dlc01_DLC_Thread_02.dlc01_Thread_02_Deadbody02,collectibles,dlc_solo,TrainerItemDB,REWARD_ITEM_CANDIDATE,single-player AddItem path; persistence unverified
item_2437766954,2437766954,Items.2437766954,Items.2437766954,dlc01_DLC_Thread_02.dlc01_Thread_02_Deadbody02.dlc01_Thread_02_Deadbody02_BLOCKED,collectibles,dlc_solo,TrainerItemDB,REWARD_ITEM_CANDIDATE,single-player AddItem path; persistence unverified
item_3673240779,3673240779,Items.3673240779,Items.3673240779,dlc01_DLC_Thread_02.dlc01_Thread_02_Hacker,collectibles,dlc_solo,TrainerItemDB,REWARD_ITEM_CANDIDATE,single-player AddItem path; persistence unverified
item_3121520197,3121520197,Items.3121520197,Items.3121520197,dlc01_DLC_Thread_02.dlc01_Thread_02_Hacker.dlc01_Thread_02_Hacker_BLOCKED,collectibles,dlc_solo,TrainerItemDB,REWARD_ITEM_CANDIDATE,single-player AddItem path; persistence unverified
item_626661034,626661034,Items.626661034,Items.626661034,dlc01_DLC_Thread_02.dlc01_Thread_02_QRCode01,collectibles,dlc_solo,TrainerItemDB,REWARD_ITEM_CANDIDATE,single-player AddItem path; persistence unverified
item_2066296114,2066296114,Items.2066296114,Items.2066296114,dlc01_DLC_Thread_02.dlc01_Thread_02_QRCode01.dlc01_Thread_02_QRCode01_BLOCKED,collectibles,dlc_solo,TrainerItemDB,REWARD_ITEM_CANDIDATE,single-player AddItem path; persistence unverified
item_4134842852,4134842852,Items.4134842852,Items.4134842852,dlc01_DLC_Thread_02.dlc01_Thread_02_QRCode02,collectibles,dlc_solo,TrainerItemDB,REWARD_ITEM_CANDIDATE,single-player AddItem path; persistence unverified
item_125438583,125438583,Items.125438583,Items.125438583,dlc01_DLC_Thread_02.dlc01_Thread_02_QRCode02.dlc01_Thread_02_QRCode02_BLOCKED,collectibles,dlc_solo,TrainerItemDB,REWARD_ITEM_CANDIDATE,single-player AddItem path; persistence unverified
item_2275791265,2275791265,Items.2275791265,Items.2275791265,dlc01_DLC_Thread_03,collectibles,dlc_solo,TrainerItemDB,REWARD_ITEM_CANDIDATE,single-player AddItem path; persistence unverified
item_2593358626,2593358626,Items.2593358626,Items.2593358626,dlc01_DLC_Thread_03.dlc01_Thread_03_Briefcase,collectibles,dlc_solo,TrainerItemDB,REWARD_ITEM_CANDIDATE,single-player AddItem path; persistence unverified
item_1480628687,1480628687,Items.1480628687,Items.1480628687,dlc01_DLC_Thread_03.dlc01_Thread_03_Crate,collectibles,dlc_solo,TrainerItemDB,REWARD_ITEM_CANDIDATE,single-player AddItem path; persistence unverified
item_723492562,723492562,Items.723492562,Items.723492562,dlc01_DLC_Thread_03.dlc01_Thread_03_Crate.dlc01_Thread_03_Crate_BLOCKED,collectibles,dlc_solo,TrainerItemDB,REWARD_ITEM_CANDIDATE,single-player AddItem path; persistence unverified
item_3128617415,3128617415,Items.3128617415,Items.3128617415,dlc01_DLC_Thread_03.dlc01_Thread_03_Dealer,collectibles,dlc_solo,TrainerItemDB,REWARD_ITEM_CANDIDATE,single-player AddItem path; persistence unverified
item_1758819091,1758819091,Items.1758819091,Items.1758819091,dlc01_DLC_Thread_03.dlc01_Thread_03_QRCode,collectibles,dlc_solo,TrainerItemDB,REWARD_ITEM_CANDIDATE,single-player AddItem path; persistence unverified
item_3136989492,3136989492,Items.3136989492,Items.3136989492,dlc01_DLC_Thread_03.dlc01_Thread_03_QRCode.dlc01_Thread_03_QRCode_BLOCKED,collectibles,dlc_solo,TrainerItemDB,REWARD_ITEM_CANDIDATE,single-player AddItem path; persistence unverified
item_2910904377,2910904377,Items.2910904377,Items.2910904377,AidenJournal01,audio_drops,both,TrainerItemDB,REWARD_ITEM_CANDIDATE,single-player AddItem path; persistence unverified
item_881439107,881439107,Items.881439107,Items.881439107,AidenJournal02,audio_drops,both,TrainerItemDB,REWARD_ITEM_CANDIDATE,single-player AddItem path; persistence unverified
item_1133412629,1133412629,Items.1133412629,Items.1133412629,AidenJournal03,audio_drops,both,TrainerItemDB,REWARD_ITEM_CANDIDATE,single-player AddItem path; persistence unverified
item_3723105462,3723105462,Items.3723105462,Items.3723105462,AidenJournal04,audio_drops,both,TrainerItemDB,REWARD_ITEM_CANDIDATE,single-player AddItem path; persistence unverified
item_2867668000,2867668000,Items.2867668000,Items.2867668000,AidenJournal05,audio_drops,both,TrainerItemDB,REWARD_ITEM_CANDIDATE,single-player AddItem path; persistence unverified
item_1536445251,1536445251,Items.1536445251,Items.1536445251,AudioDropsLinearToken,audio_drops,both,TrainerItemDB,REWARD_ITEM_CANDIDATE,single-player AddItem path; persistence unverified
item_2824096813,2824096813,Items.2824096813,Items.2824096813,BedbugJournal01,audio_drops,both,TrainerItemDB,REWARD_ITEM_CANDIDATE,single-player AddItem path; persistence unverified
item_3674297119,3674297119,Items.3674297119,Items.3674297119,BedbugJournal02,audio_drops,both,TrainerItemDB,REWARD_ITEM_CANDIDATE,single-player AddItem path; persistence unverified
item_2886099849,2886099849,Items.2886099849,Items.2886099849,BedbugJournal03,audio_drops,both,TrainerItemDB,REWARD_ITEM_CANDIDATE,single-player AddItem path; persistence unverified
item_845346346,845346346,Items.845346346,Items.845346346,BedbugJournal04_CUT,audio_drops,both,TrainerItemDB,REWARD_ITEM_CANDIDATE,single-player AddItem path; persistence unverified
item_2673001508,2673001508,Items.2673001508,Items.2673001508,BlumeAngela01,audio_drops,both,TrainerItemDB,REWARD_ITEM_CANDIDATE,single-player AddItem path; persistence unverified
item_106665374,106665374,Items.106665374,Items.106665374,BlumeAngela02,audio_drops,both,TrainerItemDB,REWARD_ITEM_CANDIDATE,single-player AddItem path; persistence unverified
item_1901896968,1901896968,Items.1901896968,Items.1901896968,BlumeAngela03,audio_drops,both,TrainerItemDB,REWARD_ITEM_CANDIDATE,single-player AddItem path; persistence unverified
item_4013437099,4013437099,Items.4013437099,Items.4013437099,BlumeAngela04,audio_drops,both,TrainerItemDB,REWARD_ITEM_CANDIDATE,single-player AddItem path; persistence unverified
item_2554265661,2554265661,Items.2554265661,Items.2554265661,BlumeAngela05,audio_drops,both,TrainerItemDB,REWARD_ITEM_CANDIDATE,single-player AddItem path; persistence unverified
item_20337031,20337031,Items.20337031,Items.20337031,BlumeAngela06,audio_drops,both,TrainerItemDB,REWARD_ITEM_CANDIDATE,single-player AddItem path; persistence unverified
item_1982947601,1982947601,Items.1982947601,Items.1982947601,BlumeAngela07,audio_drops,both,TrainerItemDB,REWARD_ITEM_CANDIDATE,single-player AddItem path; persistence unverified
item_3868097664,3868097664,Items.3868097664,Items.3868097664,BlumeAngela08,audio_drops,both,TrainerItemDB,REWARD_ITEM_CANDIDATE,single-player AddItem path; persistence unverified
item_2441694230,2441694230,Items.2441694230,Items.2441694230,BlumeAngela09,audio_drops,both,TrainerItemDB,REWARD_ITEM_CANDIDATE,single-player AddItem path; persistence unverified
item_4048471539,4048471539,Items.4048471539,Items.4048471539,BlumeAngela10,audio_drops,both,TrainerItemDB,REWARD_ITEM_CANDIDATE,single-player AddItem path; persistence unverified
item_2252993893,2252993893,Items.2252993893,Items.2252993893,BlumeAngela11,audio_drops,both,TrainerItemDB,REWARD_ITEM_CANDIDATE,single-player AddItem path; persistence unverified
item_3514609317,3514609317,Items.3514609317,Items.3514609317,BlumeExperiment01,audio_drops,both,TrainerItemDB,REWARD_ITEM_CANDIDATE,single-player AddItem path; persistence unverified
item_1215692575,1215692575,Items.1215692575,Items.1215692575,BlumeExperiment02,audio_drops,both,TrainerItemDB,REWARD_ITEM_CANDIDATE,single-player AddItem path; persistence unverified
item_1064488841,1064488841,Items.1064488841,Items.1064488841,BlumeExperiment03,audio_drops,both,TrainerItemDB,REWARD_ITEM_CANDIDATE,single-player AddItem path; persistence unverified
item_2702596650,2702596650,Items.2702596650,Items.2702596650,BlumeExperiment04,audio_drops,both,TrainerItemDB,REWARD_ITEM_CANDIDATE,single-player AddItem path; persistence unverified
item_3591465660,3591465660,Items.3591465660,Items.3591465660,BlumeExperiment05,audio_drops,both,TrainerItemDB,REWARD_ITEM_CANDIDATE,single-player AddItem path; persistence unverified
item_1326988038,1326988038,Items.1326988038,Items.1326988038,BlumeExperiment06,audio_drops,both,TrainerItemDB,REWARD_ITEM_CANDIDATE,single-player AddItem path; persistence unverified
item_941558672,941558672,Items.941558672,Items.941558672,BlumeExperiment07,audio_drops,both,TrainerItemDB,REWARD_ITEM_CANDIDATE,single-player AddItem path; persistence unverified
item_2829063681,2829063681,Items.2829063681,Items.2829063681,BlumeExperiment08,audio_drops,both,TrainerItemDB,REWARD_ITEM_CANDIDATE,single-player AddItem path; persistence unverified
item_4171740248,4171740248,Items.4171740248,Items.4171740248,BlumeExperimentToken,audio_drops,both,TrainerItemDB,REWARD_ITEM_CANDIDATE,single-player AddItem path; persistence unverified
item_944633237,944633237,Items.944633237,Items.944633237,ClaraLille01,audio_drops,both,TrainerItemDB,REWARD_ITEM_CANDIDATE,single-player AddItem path; persistence unverified
item_2586090527,2586090527,Items.2586090527,Items.2586090527,DamienDiary01,audio_drops,both,TrainerItemDB,REWARD_ITEM_CANDIDATE,single-player AddItem path; persistence unverified
item_53333413,53333413,Items.53333413,Items.53333413,DamienDiary02,audio_drops,both,TrainerItemDB,REWARD_ITEM_CANDIDATE,single-player AddItem path; persistence unverified
item_1948974387,1948974387,Items.1948974387,Items.1948974387,DamienDiary03,audio_drops,both,TrainerItemDB,REWARD_ITEM_CANDIDATE,single-player AddItem path; persistence unverified
item_3931007120,3931007120,Items.3931007120,Items.3931007120,DamienDiary04,audio_drops,both,TrainerItemDB,REWARD_ITEM_CANDIDATE,single-player AddItem path; persistence unverified
item_2638829574,2638829574,Items.2638829574,Items.2638829574,DamienDiary05,audio_drops,both,TrainerItemDB,REWARD_ITEM_CANDIDATE,single-player AddItem path; persistence unverified
item_71305660,71305660,Items.71305660,Items.71305660,DamienDiary06,audio_drops,both,TrainerItemDB,REWARD_ITEM_CANDIDATE,single-player AddItem path; persistence unverified
item_1934047530,1934047530,Items.1934047530,Items.1934047530,DamienDiary07,audio_drops,both,TrainerItemDB,REWARD_ITEM_CANDIDATE,single-player AddItem path; persistence unverified
item_3824690363,3824690363,Items.3824690363,Items.3824690363,DamienDiary08,audio_drops,both,TrainerItemDB,REWARD_ITEM_CANDIDATE,single-player AddItem path; persistence unverified
item_2499744813,2499744813,Items.2499744813,Items.2499744813,DamienDiary09,audio_drops,both,TrainerItemDB,REWARD_ITEM_CANDIDATE,single-player AddItem path; persistence unverified
item_1002613903,1002613903,Items.1002613903,Items.1002613903,DedsecAudioDropsToken,audio_drops,both,TrainerItemDB,REWARD_ITEM_CANDIDATE,single-player AddItem path; persistence unverified
item_632135325,632135325,Items.632135325,Items.632135325,DedsecContact01,audio_drops,both,TrainerItemDB,REWARD_ITEM_CANDIDATE,single-player AddItem path; persistence unverified
item_3164917543,3164917543,Items.3164917543,Items.3164917543,DedsecContact02,audio_drops,both,TrainerItemDB,REWARD_ITEM_CANDIDATE,single-player AddItem path; persistence unverified
item_3416522673,3416522673,Items.3416522673,Items.3416522673,DedsecContact03,audio_drops,both,TrainerItemDB,REWARD_ITEM_CANDIDATE,single-player AddItem path; persistence unverified
item_1439132178,1439132178,Items.1439132178,Items.1439132178,DedsecContact04,audio_drops,both,TrainerItemDB,REWARD_ITEM_CANDIDATE,single-player AddItem path; persistence unverified
item_583031428,583031428,Items.583031428,Items.583031428,DedsecContact05,audio_drops,both,TrainerItemDB,REWARD_ITEM_CANDIDATE,single-player AddItem path; persistence unverified
item_3150515006,3150515006,Items.3150515006,Items.3150515006,DedsecContact06,audio_drops,both,TrainerItemDB,REWARD_ITEM_CANDIDATE,single-player AddItem path; persistence unverified
item_3436067752,3436067752,Items.3436067752,Items.3436067752,DedsecContact07,audio_drops,both,TrainerItemDB,REWARD_ITEM_CANDIDATE,single-player AddItem path; persistence unverified
item_1550919225,1550919225,Items.1550919225,Items.1550919225,DedsecContact08,audio_drops,both,TrainerItemDB,REWARD_ITEM_CANDIDATE,single-player AddItem path; persistence unverified
item_49244918,49244918,Items.49244918,Items.49244918,DedsecInsider01,audio_drops,both,TrainerItemDB,REWARD_ITEM_CANDIDATE,single-player AddItem path; persistence unverified
item_2615556940,2615556940,Items.2615556940,Items.2615556940,DedsecInsider02,audio_drops,both,TrainerItemDB,REWARD_ITEM_CANDIDATE,single-player AddItem path; persistence unverified
item_3974171610,3974171610,Items.3974171610,Items.3974171610,DedsecInsider03,audio_drops,both,TrainerItemDB,REWARD_ITEM_CANDIDATE,single-player AddItem path; persistence unverified
item_1921359481,1921359481,Items.1921359481,Items.1921359481,DedsecInsider04,audio_drops,both,TrainerItemDB,REWARD_ITEM_CANDIDATE,single-player AddItem path; persistence unverified
item_92450543,92450543,Items.92450543,Items.92450543,DedsecInsider05,audio_drops,both,TrainerItemDB,REWARD_ITEM_CANDIDATE,single-player AddItem path; persistence unverified
item_2626420565,2626420565,Items.2626420565,Items.2626420565,DedsecInsider06,audio_drops,both,TrainerItemDB,REWARD_ITEM_CANDIDATE,single-player AddItem path; persistence unverified
item_3951873987,3951873987,Items.3951873987,Items.3951873987,DedsecInsider07,audio_drops,both,TrainerItemDB,REWARD_ITEM_CANDIDATE,single-player AddItem path; persistence unverified
item_2066993746,2066993746,Items.2066993746,Items.2066993746,DedsecInsider08,audio_drops,both,TrainerItemDB,REWARD_ITEM_CANDIDATE,single-player AddItem path; persistence unverified
item_450801934,450801934,Items.450801934,Items.450801934,IraqLegacy01,audio_drops,both,TrainerItemDB,REWARD_ITEM_CANDIDATE,single-player AddItem path; persistence unverified
item_205904257,205904257,Items.205904257,Items.205904257,IraqLegacy02,audio_drops,both,TrainerItemDB,REWARD_ITEM_CANDIDATE,single-player AddItem path; persistence unverified
item_2067982615,2067982615,Items.2067982615,Items.2067982615,IraqLegacy03,audio_drops,both,TrainerItemDB,REWARD_ITEM_CANDIDATE,single-player AddItem path; persistence unverified
item_3844504756,3844504756,Items.3844504756,Items.3844504756,IraqLegacy04,audio_drops,both,TrainerItemDB,REWARD_ITEM_CANDIDATE,single-player AddItem path; persistence unverified
item_2451655714,2451655714,Items.2451655714,Items.2451655714,IraqLegacy05,audio_drops,both,TrainerItemDB,REWARD_ITEM_CANDIDATE,single-player AddItem path; persistence unverified
item_187178392,187178392,Items.187178392,Items.187178392,IraqLegacy06,audio_drops,both,TrainerItemDB,REWARD_ITEM_CANDIDATE,single-player AddItem path; persistence unverified
item_2083466510,2083466510,Items.2083466510,Items.2083466510,IraqLegacy07,audio_drops,both,TrainerItemDB,REWARD_ITEM_CANDIDATE,single-player AddItem path; persistence unverified
item_3968872607,3968872607,Items.3968872607,Items.3968872607,IraqLegacy08,audio_drops,both,TrainerItemDB,REWARD_ITEM_CANDIDATE,single-player AddItem path; persistence unverified
item_1473566405,1473566405,Items.1473566405,Items.1473566405,JedTboneCall01,audio_drops,both,TrainerItemDB,REWARD_ITEM_CANDIDATE,single-player AddItem path; persistence unverified
item_1277636269,1277636269,Items.1277636269,Items.1277636269,MauriceLog01,audio_drops,both,TrainerItemDB,REWARD_ITEM_CANDIDATE,single-player AddItem path; persistence unverified
item_3576594199,3576594199,Items.3576594199,Items.3576594199,MauriceLog02,audio_drops,both,TrainerItemDB,REWARD_ITEM_CANDIDATE,single-player AddItem path; persistence unverified
item_2720616321,2720616321,Items.2720616321,Items.2720616321,MauriceLog03,audio_drops,both,TrainerItemDB,REWARD_ITEM_CANDIDATE,single-player AddItem path; persistence unverified
item_1011735074,1011735074,Items.1011735074,Items.1011735074,MauriceLog04,audio_drops,both,TrainerItemDB,REWARD_ITEM_CANDIDATE,single-player AddItem path; persistence unverified
item_1263200948,1263200948,Items.1263200948,Items.1263200948,MauriceLog05,audio_drops,both,TrainerItemDB,REWARD_ITEM_CANDIDATE,single-player AddItem path; persistence unverified
item_3527654158,3527654158,Items.3527654158,Items.3527654158,MauriceLog06,audio_drops,both,TrainerItemDB,REWARD_ITEM_CANDIDATE,single-player AddItem path; persistence unverified
item_2772732824,2772732824,Items.2772732824,Items.2772732824,MauriceLog07,audio_drops,both,TrainerItemDB,REWARD_ITEM_CANDIDATE,single-player AddItem path; persistence unverified
item_905680393,905680393,Items.905680393,Items.905680393,MauriceLog08,audio_drops,both,TrainerItemDB,REWARD_ITEM_CANDIDATE,single-player AddItem path; persistence unverified
item_699789054,699789054,Items.699789054,Items.699789054,MauriceLogToken,audio_drops,both,TrainerItemDB,REWARD_ITEM_CANDIDATE,single-player AddItem path; persistence unverified
item_669904053,669904053,Items.669904053,Items.669904053,QuinnSchemes01,audio_drops,both,TrainerItemDB,REWARD_ITEM_CANDIDATE,single-player AddItem path; persistence unverified
item_1369846758,1369846758,Items.1369846758,Items.1369846758,QuinnSchemes02,audio_drops,both,TrainerItemDB,REWARD_ITEM_CANDIDATE,single-player AddItem path; persistence unverified
item_648086384,648086384,Items.648086384,Items.648086384,QuinnSchemes03,audio_drops,both,TrainerItemDB,REWARD_ITEM_CANDIDATE,single-player AddItem path; persistence unverified
item_3099956947,3099956947,Items.3099956947,Items.3099956947,QuinnSchemes04,audio_drops,both,TrainerItemDB,REWARD_ITEM_CANDIDATE,single-player AddItem path; persistence unverified
item_3485640261,3485640261,Items.3485640261,Items.3485640261,QuinnSchemes05,audio_drops,both,TrainerItemDB,REWARD_ITEM_CANDIDATE,single-player AddItem path; persistence unverified
item_1456207871,1456207871,Items.1456207871,Items.1456207871,QuinnSchemes06,audio_drops,both,TrainerItemDB,REWARD_ITEM_CANDIDATE,single-player AddItem path; persistence unverified
item_567068521,567068521,Items.567068521,Items.567068521,QuinnSchemes07,audio_drops,both,TrainerItemDB,REWARD_ITEM_CANDIDATE,single-player AddItem path; persistence unverified
item_2977159928,2977159928,Items.2977159928,Items.2977159928,QuinnSchemes08,audio_drops,both,TrainerItemDB,REWARD_ITEM_CANDIDATE,single-player AddItem path; persistence unverified
item_1589471436,1589471436,Items.1589471436,Items.1589471436,SerialKiller01,audio_drops,both,TrainerItemDB,REWARD_ITEM_CANDIDATE,single-player AddItem path; persistence unverified
item_3350477174,3350477174,Items.3350477174,Items.3350477174,SerialKiller02,audio_drops,both,TrainerItemDB,REWARD_ITEM_CANDIDATE,single-player AddItem path; persistence unverified
item_2964523488,2964523488,Items.2964523488,Items.2964523488,SerialKiller03,audio_drops,both,TrainerItemDB,REWARD_ITEM_CANDIDATE,single-player AddItem path; persistence unverified
item_785882179,785882179,Items.785882179,Items.785882179,SerialKiller04,audio_drops,both,TrainerItemDB,REWARD_ITEM_CANDIDATE,single-player AddItem path; persistence unverified
item_1506847957,1506847957,Items.1506847957,Items.1506847957,SerialKiller05,audio_drops,both,TrainerItemDB,REWARD_ITEM_CANDIDATE,single-player AddItem path; persistence unverified
item_3235511663,3235511663,Items.3235511663,Items.3235511663,SerialKiller06,audio_drops,both,TrainerItemDB,REWARD_ITEM_CANDIDATE,single-player AddItem path; persistence unverified
item_3320473612,3320473612,Items.3320473612,Items.3320473612,SerialKillerToken,audio_drops,both,TrainerItemDB,REWARD_ITEM_CANDIDATE,single-player AddItem path; persistence unverified
item_2801037458,2801037458,Items.2801037458,Items.2801037458,TboneTobiasGame01,audio_drops,both,TrainerItemDB,REWARD_ITEM_CANDIDATE,single-player AddItem path; persistence unverified
item_1073553704,1073553704,Items.1073553704,Items.1073553704,TboneTobiasGame02,audio_drops,both,TrainerItemDB,REWARD_ITEM_CANDIDATE,single-player AddItem path; persistence unverified
item_1224348094,1224348094,Items.1224348094,Items.1224348094,TboneTobiasGame03,audio_drops,both,TrainerItemDB,REWARD_ITEM_CANDIDATE,single-player AddItem path; persistence unverified
item_3600712733,3600712733,Items.3600712733,Items.3600712733,TboneTobiasGame04,audio_drops,both,TrainerItemDB,REWARD_ITEM_CANDIDATE,single-player AddItem path; persistence unverified
item_2711205003,2711205003,Items.2711205003,Items.2711205003,TboneTobiasGame05,audio_drops,both,TrainerItemDB,REWARD_ITEM_CANDIDATE,single-player AddItem path; persistence unverified
item_949019953,949019953,Items.949019953,Items.949019953,TboneTobiasGame06,audio_drops,both,TrainerItemDB,REWARD_ITEM_CANDIDATE,single-player AddItem path; persistence unverified
item_2195934347,2195934347,Items.2195934347,Items.2195934347,WeaponCrates01,audio_drops,both,TrainerItemDB,REWARD_ITEM_CANDIDATE,single-player AddItem path; persistence unverified
item_468327729,468327729,Items.468327729,Items.468327729,WeaponCrates02,audio_drops,both,TrainerItemDB,REWARD_ITEM_CANDIDATE,single-player AddItem path; persistence unverified
item_1827483047,1827483047,Items.1827483047,Items.1827483047,WeaponCrates03,audio_drops,both,TrainerItemDB,REWARD_ITEM_CANDIDATE,single-player AddItem path; persistence unverified
item_4069111812,4069111812,Items.4069111812,Items.4069111812,WeaponCrates04,audio_drops,both,TrainerItemDB,REWARD_ITEM_CANDIDATE,single-player AddItem path; persistence unverified
item_2240710802,2240710802,Items.2240710802,Items.2240710802,WeaponCrates05,audio_drops,both,TrainerItemDB,REWARD_ITEM_CANDIDATE,single-player AddItem path; persistence unverified
item_478665000,478665000,Items.478665000,Items.478665000,WeaponCrates06,audio_drops,both,TrainerItemDB,REWARD_ITEM_CANDIDATE,single-player AddItem path; persistence unverified
item_1803610558,1803610558,Items.1803610558,Items.1803610558,WeaponCrates07,audio_drops,both,TrainerItemDB,REWARD_ITEM_CANDIDATE,single-player AddItem path; persistence unverified
item_3331113050,3331113050,Items.3331113050,Items.3331113050,WeaponCratesToken,audio_drops,both,TrainerItemDB,REWARD_ITEM_CANDIDATE,single-player AddItem path; persistence unverified
item_474452665,474452665,Items.474452665,Items.474452665,audio,audio_drops,both,TrainerItemDB,REWARD_ITEM_CANDIDATE,single-player AddItem path; persistence unverified
item_2688024159,2688024159,Items.2688024159,Items.2688024159,audio.Charlotte1_CUT,audio_drops,both,TrainerItemDB,REWARD_ITEM_CANDIDATE,single-player AddItem path; persistence unverified
item_960409573,960409573,Items.960409573,Items.960409573,audio.Charlotte2,audio_drops,both,TrainerItemDB,REWARD_ITEM_CANDIDATE,single-player AddItem path; persistence unverified
item_1312399219,1312399219,Items.1312399219,Items.1312399219,audio.Charlotte3,audio_drops,both,TrainerItemDB,REWARD_ITEM_CANDIDATE,single-player AddItem path; persistence unverified
item_3495758544,3495758544,Items.3495758544,Items.3495758544,audio.Charlotte4_CUT,audio_drops,both,TrainerItemDB,REWARD_ITEM_CANDIDATE,single-player AddItem path; persistence unverified
item_2807708230,2807708230,Items.2807708230,Items.2807708230,audio.Charlotte5,audio_drops,both,TrainerItemDB,REWARD_ITEM_CANDIDATE,single-player AddItem path; persistence unverified
item_996727024,996727024,Items.996727024,Items.996727024,audio.Clara1_OLDREPLACE,audio_drops,both,TrainerItemDB,REWARD_ITEM_CANDIDATE,single-player AddItem path; persistence unverified
item_1067551995,1067551995,Items.1067551995,Items.1067551995,audio.Damien1_OLDREPLACE,audio_drops,both,TrainerItemDB,REWARD_ITEM_CANDIDATE,single-player AddItem path; persistence unverified
item_2796084545,2796084545,Items.2796084545,Items.2796084545,audio.Damien2_OLDREPLACE,audio_drops,both,TrainerItemDB,REWARD_ITEM_CANDIDATE,single-player AddItem path; persistence unverified
item_3517967831,3517967831,Items.3517967831,Items.3517967831,audio.Damien3_OLDREPLACE,audio_drops,both,TrainerItemDB,REWARD_ITEM_CANDIDATE,single-player AddItem path; persistence unverified
item_1338734708,1338734708,Items.1338734708,Items.1338734708,audio.Damien4_OLDREPLACE,audio_drops,both,TrainerItemDB,REWARD_ITEM_CANDIDATE,single-player AddItem path; persistence unverified
item_952912098,952912098,Items.952912098,Items.952912098,audio.Damien5_OLDREPLACE,audio_drops,both,TrainerItemDB,REWARD_ITEM_CANDIDATE,single-player AddItem path; persistence unverified
item_4249797651,4249797651,Items.4249797651,Items.4249797651,audio.Damien6_OLDREPLACE,audio_drops,both,TrainerItemDB,REWARD_ITEM_CANDIDATE,single-player AddItem path; persistence unverified
item_2320102533,2320102533,Items.2320102533,Items.2320102533,audio.Damien7_OLDREPLACE,audio_drops,both,TrainerItemDB,REWARD_ITEM_CANDIDATE,single-player AddItem path; persistence unverified
item_872284063,872284063,Items.872284063,Items.872284063,audio.Maurice1_OLDREPLACE,audio_drops,both,TrainerItemDB,REWARD_ITEM_CANDIDATE,single-player AddItem path; persistence unverified
item_938343319,938343319,Items.938343319,Items.938343319,audio.Rose1,audio_drops,both,TrainerItemDB,REWARD_ITEM_CANDIDATE,single-player AddItem path; persistence unverified
item_3244938639,3244938639,Items.3244938639,Items.3244938639,audio.Rose2_CUT,audio_drops,both,TrainerItemDB,REWARD_ITEM_CANDIDATE,single-player AddItem path; persistence unverified
item_3060720921,3060720921,Items.3060720921,Items.3060720921,audio.Rose3_CUT,audio_drops,both,TrainerItemDB,REWARD_ITEM_CANDIDATE,single-player AddItem path; persistence unverified
item_671772858,671772858,Items.671772858,Items.671772858,audio.Rose4,audio_drops,both,TrainerItemDB,REWARD_ITEM_CANDIDATE,single-player AddItem path; persistence unverified
item_1594703916,1594703916,Items.1594703916,Items.1594703916,audio.Rose5,audio_drops,both,TrainerItemDB,REWARD_ITEM_CANDIDATE,single-player AddItem path; persistence unverified
item_4010828639,4010828639,Items.4010828639,Items.4010828639,ctOSBreach001Token,audio_drops,both,TrainerItemDB,REWARD_ITEM_CANDIDATE,single-player AddItem path; persistence unverified
item_1770263025,1770263025,Items.1770263025,Items.1770263025,ctOSBreach002Token,audio_drops,both,TrainerItemDB,REWARD_ITEM_CANDIDATE,single-player AddItem path; persistence unverified
item_2732114516,2732114516,Items.2732114516,Items.2732114516,ctOSBreach003Token,audio_drops,both,TrainerItemDB,REWARD_ITEM_CANDIDATE,single-player AddItem path; persistence unverified
item_3218993900,3218993900,Items.3218993900,Items.3218993900,ctOSBreach004Token,audio_drops,both,TrainerItemDB,REWARD_ITEM_CANDIDATE,single-player AddItem path; persistence unverified
item_1954619721,1954619721,Items.1954619721,Items.1954619721,ctOSBreach005Token,audio_drops,both,TrainerItemDB,REWARD_ITEM_CANDIDATE,single-player AddItem path; persistence unverified
item_4061484007,4061484007,Items.4061484007,Items.4061484007,ctOSBreach006Token,audio_drops,both,TrainerItemDB,REWARD_ITEM_CANDIDATE,single-player AddItem path; persistence unverified
item_961118274,961118274,Items.961118274,Items.961118274,ctOSBreach007Token,audio_drops,both,TrainerItemDB,REWARD_ITEM_CANDIDATE,single-player AddItem path; persistence unverified
item_3357487767,3357487767,Items.3357487767,Items.3357487767,ctOSBreach008Token,audio_drops,both,TrainerItemDB,REWARD_ITEM_CANDIDATE,single-player AddItem path; persistence unverified
item_54780210,54780210,Items.54780210,Items.54780210,ctOSBreach009Token,audio_drops,both,TrainerItemDB,REWARD_ITEM_CANDIDATE,single-player AddItem path; persistence unverified
item_2184952654,2184952654,Items.2184952654,Items.2184952654,ctOSBreach010Token,audio_drops,both,TrainerItemDB,REWARD_ITEM_CANDIDATE,single-player AddItem path; persistence unverified
item_1231513835,1231513835,Items.1231513835,Items.1231513835,ctOSBreach011Token,audio_drops,both,TrainerItemDB,REWARD_ITEM_CANDIDATE,single-player AddItem path; persistence unverified
item_3488815685,3488815685,Items.3488815685,Items.3488815685,ctOSBreach012Token,audio_drops,both,TrainerItemDB,REWARD_ITEM_CANDIDATE,single-player AddItem path; persistence unverified
item_78629344,78629344,Items.78629344,Items.78629344,ctOSBreach013Token,audio_drops,both,TrainerItemDB,REWARD_ITEM_CANDIDATE,single-player AddItem path; persistence unverified
item_430635352,430635352,Items.430635352,Items.430635352,ctOSBreach014Token,audio_drops,both,TrainerItemDB,REWARD_ITEM_CANDIDATE,single-player AddItem path; persistence unverified
item_3539348221,3539348221,Items.3539348221,Items.3539348221,ctOSBreach015Token,audio_drops,both,TrainerItemDB,REWARD_ITEM_CANDIDATE,single-player AddItem path; persistence unverified
item_2671676406,2671676406,Items.2671676406,Items.2671676406,ctOSBreach017Token,audio_drops,both,TrainerItemDB,REWARD_ITEM_CANDIDATE,single-player AddItem path; persistence unverified
item_3356053277,3356053277,Items.3356053277,Items.3356053277,dlc01_M03_Tobias_Paranoia_01,audio_drops,dlc_solo,TrainerItemDB,REWARD_ITEM_CANDIDATE,single-player AddItem path; persistence unverified
item_1358962343,1358962343,Items.1358962343,Items.1358962343,dlc01_M03_Tobias_Paranoia_02,audio_drops,dlc_solo,TrainerItemDB,REWARD_ITEM_CANDIDATE,single-player AddItem path; persistence unverified
item_304057887,304057887,Items.304057887,Items.304057887,dlc01_M03_Tobias_Paranoia_03,audio_drops,dlc_solo,TrainerItemDB,REWARD_ITEM_CANDIDATE,single-player AddItem path; persistence unverified
item_2699260340,2699260340,Items.2699260340,Items.2699260340,dlc01_M05_AlexJavorskiTorture,audio_drops,dlc_solo,TrainerItemDB,REWARD_ITEM_CANDIDATE,single-player AddItem path; persistence unverified
item_3819933037,3819933037,Items.3819933037,Items.3819933037,dlc01_Pearce_Aftermath_01,audio_drops,dlc_solo,TrainerItemDB,REWARD_ITEM_CANDIDATE,single-player AddItem path; persistence unverified
item_2057755863,2057755863,Items.2057755863,Items.2057755863,dlc01_Pearce_Aftermath_02,audio_drops,dlc_solo,TrainerItemDB,REWARD_ITEM_CANDIDATE,single-player AddItem path; persistence unverified
item_145088682,145088682,Items.145088682,Items.145088682,dlc01_Pearce_Baking_Recipe,audio_drops,dlc_solo,TrainerItemDB,REWARD_ITEM_CANDIDATE,single-player AddItem path; persistence unverified
item_2925255011,2925255011,Items.2925255011,Items.2925255011,dlc01_SI01_BodyHack,audio_drops,dlc_solo,TrainerItemDB,REWARD_ITEM_CANDIDATE,single-player AddItem path; persistence unverified
item_2268605582,2268605582,Items.2268605582,Items.2268605582,dlc01_SI01_Crate_AudioDrop01,audio_drops,dlc_solo,TrainerItemDB,REWARD_ITEM_CANDIDATE,single-player AddItem path; persistence unverified
item_1153822981,1153822981,Items.1153822981,Items.1153822981,dlc01_SI01_Hacker_AudioDrop01,audio_drops,dlc_solo,TrainerItemDB,REWARD_ITEM_CANDIDATE,single-player AddItem path; persistence unverified
item_3319505670,3319505670,Items.3319505670,Items.3319505670,dlc01_SI01_QR_AudioDrop01,audio_drops,dlc_solo,TrainerItemDB,REWARD_ITEM_CANDIDATE,single-player AddItem path; persistence unverified
item_611232295,611232295,Items.611232295,Items.611232295,dlc01_SI02_Crate_AudioDrop01,audio_drops,dlc_solo,TrainerItemDB,REWARD_ITEM_CANDIDATE,single-player AddItem path; persistence unverified
item_1191107624,1191107624,Items.1191107624,Items.1191107624,dlc01_SI02_Dave_AudioDrop01,audio_drops,dlc_solo,TrainerItemDB,REWARD_ITEM_CANDIDATE,single-player AddItem path; persistence unverified
item_1997673896,1997673896,Items.1997673896,Items.1997673896,dlc01_SI02_QR01_AudioDrop01,audio_drops,dlc_solo,TrainerItemDB,REWARD_ITEM_CANDIDATE,single-player AddItem path; persistence unverified
item_650871334,650871334,Items.650871334,Items.650871334,dlc01_TBone_Moose_Musings,audio_drops,dlc_solo,TrainerItemDB,REWARD_ITEM_CANDIDATE,single-player AddItem path; persistence unverified
item_2296483312,2296483312,Items.2296483312,Items.2296483312,dlc01_TBone_Musing_01,audio_drops,dlc_solo,TrainerItemDB,REWARD_ITEM_CANDIDATE,single-player AddItem path; persistence unverified
item_300473418,300473418,Items.300473418,Items.300473418,dlc01_TBone_Musing_02,audio_drops,dlc_solo,TrainerItemDB,REWARD_ITEM_CANDIDATE,single-player AddItem path; persistence unverified
item_1726999772,1726999772,Items.1726999772,Items.1726999772,dlc01_TBone_Musing_03,audio_drops,dlc_solo,TrainerItemDB,REWARD_ITEM_CANDIDATE,single-player AddItem path; persistence unverified
item_452913708,452913708,Items.452913708,Items.452913708,dlc01_Taylor_Vines_01,audio_drops,dlc_solo,TrainerItemDB,REWARD_ITEM_CANDIDATE,single-player AddItem path; persistence unverified
item_2214050710,2214050710,Items.2214050710,Items.2214050710,dlc01_Taylor_Vines_02,audio_drops,dlc_solo,TrainerItemDB,REWARD_ITEM_CANDIDATE,single-player AddItem path; persistence unverified
item_1256601028,1256601028,Items.1256601028,Items.1256601028,phone,audio_drops,both,TrainerItemDB,REWARD_ITEM_CANDIDATE,single-player AddItem path; persistence unverified
item_1056194332,1056194332,Items.1056194332,Items.1056194332,phone.01,audio_drops,both,TrainerItemDB,REWARD_ITEM_CANDIDATE,single-player AddItem path; persistence unverified
item_2302009770,2302009770,Items.2302009770,Items.2302009770,phone.02,audio_drops,both,TrainerItemDB,REWARD_ITEM_CANDIDATE,single-player AddItem path; persistence unverified
item_4264743228,4264743228,Items.4264743228,Items.4264743228,phone.03,audio_drops,both,TrainerItemDB,REWARD_ITEM_CANDIDATE,single-player AddItem path; persistence unverified
item_1616266399,1616266399,Items.1616266399,Items.1616266399,phone.04,audio_drops,both,TrainerItemDB,REWARD_ITEM_CANDIDATE,single-player AddItem path; persistence unverified
item_391214089,391214089,Items.391214089,Items.391214089,phone.05,audio_drops,both,TrainerItemDB,REWARD_ITEM_CANDIDATE,single-player AddItem path; persistence unverified
item_2388141491,2388141491,Items.2388141491,Items.2388141491,phone.06,audio_drops,both,TrainerItemDB,REWARD_ITEM_CANDIDATE,single-player AddItem path; persistence unverified
item_4183758117,4183758117,Items.4183758117,Items.4183758117,phone.07,audio_drops,both,TrainerItemDB,REWARD_ITEM_CANDIDATE,single-player AddItem path; persistence unverified
item_1776289972,1776289972,Items.1776289972,Items.1776289972,phone.08,audio_drops,both,TrainerItemDB,REWARD_ITEM_CANDIDATE,single-player AddItem path; persistence unverified
item_518469666,518469666,Items.518469666,Items.518469666,phone.09,audio_drops,both,TrainerItemDB,REWARD_ITEM_CANDIDATE,single-player AddItem path; persistence unverified
item_2116071879,2116071879,Items.2116071879,Items.2116071879,phone.10,audio_drops,both,TrainerItemDB,REWARD_ITEM_CANDIDATE,single-player AddItem path; persistence unverified
item_1059343611,1059343611,Items.1059343611,Items.1059343611,Videos,video_logs,both,TrainerItemDB,REWARD_ITEM_CANDIDATE,single-player AddItem path; persistence unverified
item_1740991296,1740991296,Items.1740991296,Items.1740991296,Videos.Assassin_Video,video_logs,both,TrainerItemDB,REWARD_ITEM_CANDIDATE,single-player AddItem path; persistence unverified
item_3976747813,3976747813,Items.3976747813,Items.3976747813,Videos.BaseballFan_Video,video_logs,both,TrainerItemDB,REWARD_ITEM_CANDIDATE,single-player AddItem path; persistence unverified
item_3695518068,3695518068,Items.3695518068,Items.3695518068,Videos.BathroomDiva_Video,video_logs,both,TrainerItemDB,REWARD_ITEM_CANDIDATE,single-player AddItem path; persistence unverified
item_397385679,397385679,Items.397385679,Items.397385679,Videos.BreakUp_Video,video_logs,both,TrainerItemDB,REWARD_ITEM_CANDIDATE,single-player AddItem path; persistence unverified
item_4274797306,4274797306,Items.4274797306,Items.4274797306,Videos.Bug_Video,video_logs,both,TrainerItemDB,REWARD_ITEM_CANDIDATE,single-player AddItem path; persistence unverified
item_891716673,891716673,Items.891716673,Items.891716673,Videos.Cocktail_Video,video_logs,both,TrainerItemDB,REWARD_ITEM_CANDIDATE,single-player AddItem path; persistence unverified
item_2730831614,2730831614,Items.2730831614,Items.2730831614,Videos.ComputerWall_Video,video_logs,both,TrainerItemDB,REWARD_ITEM_CANDIDATE,single-player AddItem path; persistence unverified
item_714765980,714765980,Items.714765980,Items.714765980,Videos.Computer_Video,video_logs,both,TrainerItemDB,REWARD_ITEM_CANDIDATE,single-player AddItem path; persistence unverified
item_354433928,354433928,Items.354433928,Items.354433928,Videos.Drone_Video,video_logs,both,TrainerItemDB,REWARD_ITEM_CANDIDATE,single-player AddItem path; persistence unverified
item_3676890477,3676890477,Items.3676890477,Items.3676890477,Videos.Elevator_Video,video_logs,both,TrainerItemDB,REWARD_ITEM_CANDIDATE,single-player AddItem path; persistence unverified
item_1291468005,1291468005,Items.1291468005,Items.1291468005,Videos.Fall_Video,video_logs,both,TrainerItemDB,REWARD_ITEM_CANDIDATE,single-player AddItem path; persistence unverified
item_3036603199,3036603199,Items.3036603199,Items.3036603199,Videos.FamilyDinner_Video,video_logs,both,TrainerItemDB,REWARD_ITEM_CANDIDATE,single-player AddItem path; persistence unverified
item_3069208274,3069208274,Items.3069208274,Items.3069208274,Videos.Graffiti_Video,video_logs,both,TrainerItemDB,REWARD_ITEM_CANDIDATE,single-player AddItem path; persistence unverified
item_1839372346,1839372346,Items.1839372346,Items.1839372346,Videos.GuitarPlayer_Video,video_logs,both,TrainerItemDB,REWARD_ITEM_CANDIDATE,single-player AddItem path; persistence unverified
item_447064236,447064236,Items.447064236,Items.447064236,Videos.Insomnia_Video,video_logs,both,TrainerItemDB,REWARD_ITEM_CANDIDATE,single-player AddItem path; persistence unverified
item_2311785068,2311785068,Items.2311785068,Items.2311785068,Videos.Intercom_Video,video_logs,both,TrainerItemDB,REWARD_ITEM_CANDIDATE,single-player AddItem path; persistence unverified
item_1017232221,1017232221,Items.1017232221,Items.1017232221,Videos.KissMirror_Video,video_logs,both,TrainerItemDB,REWARD_ITEM_CANDIDATE,single-player AddItem path; persistence unverified
item_2351524402,2351524402,Items.2351524402,Items.2351524402,Videos.MiddleFinger_Video,video_logs,both,TrainerItemDB,REWARD_ITEM_CANDIDATE,single-player AddItem path; persistence unverified
item_1162637518,1162637518,Items.1162637518,Items.1162637518,Videos.Neighbours_Video,video_logs,both,TrainerItemDB,REWARD_ITEM_CANDIDATE,single-player AddItem path; persistence unverified
item_96267179,96267179,Items.96267179,Items.96267179,Videos.Nursery_Video,video_logs,both,TrainerItemDB,REWARD_ITEM_CANDIDATE,single-player AddItem path; persistence unverified
item_1269205963,1269205963,Items.1269205963,Items.1269205963,Videos.OnTopOfTheWorld_Video,video_logs,both,TrainerItemDB,REWARD_ITEM_CANDIDATE,single-player AddItem path; persistence unverified
item_2629155345,2629155345,Items.2629155345,Items.2629155345,Videos.PelvisMove_Video,video_logs,both,TrainerItemDB,REWARD_ITEM_CANDIDATE,single-player AddItem path; persistence unverified
item_2227256591,2227256591,Items.2227256591,Items.2227256591,Videos.PhoneRings_Video,video_logs,both,TrainerItemDB,REWARD_ITEM_CANDIDATE,single-player AddItem path; persistence unverified
item_804861800,804861800,Items.804861800,Items.804861800,Videos.Runner_Video,video_logs,both,TrainerItemDB,REWARD_ITEM_CANDIDATE,single-player AddItem path; persistence unverified
item_4104898944,4104898944,Items.4104898944,Items.4104898944,Videos.SizeDoesMatter_Video,video_logs,both,TrainerItemDB,REWARD_ITEM_CANDIDATE,single-player AddItem path; persistence unverified
item_3298039728,3298039728,Items.3298039728,Items.3298039728,Videos.SmokeBreak_Video,video_logs,both,TrainerItemDB,REWARD_ITEM_CANDIDATE,single-player AddItem path; persistence unverified
item_1621667673,1621667673,Items.1621667673,Items.1621667673,Videos.TheGamer_Video,video_logs,both,TrainerItemDB,REWARD_ITEM_CANDIDATE,single-player AddItem path; persistence unverified
item_2888816123,2888816123,Items.2888816123,Items.2888816123,Videos.TrashCan_Video,video_logs,both,TrainerItemDB,REWARD_ITEM_CANDIDATE,single-player AddItem path; persistence unverified
item_1288392658,1288392658,Items.1288392658,Items.1288392658,Videos.Vacuum_Video,video_logs,both,TrainerItemDB,REWARD_ITEM_CANDIDATE,single-player AddItem path; persistence unverified
item_843792472,843792472,Items.843792472,Items.843792472,Videos.Voyeur_Video,video_logs,both,TrainerItemDB,REWARD_ITEM_CANDIDATE,single-player AddItem path; persistence unverified
item_1946225311,1946225311,Items.1946225311,Items.1946225311,Videos.WebCam_Video,video_logs,both,TrainerItemDB,REWARD_ITEM_CANDIDATE,single-player AddItem path; persistence unverified
item_1570588170,1570588170,Items.1570588170,Items.1570588170,Videos.WeedCloset_Video,video_logs,both,TrainerItemDB,REWARD_ITEM_CANDIDATE,single-player AddItem path; persistence unverified
item_3547232030,3547232030,Items.3547232030,Items.3547232030,MP_LoadingScreen,survival_guide,both,TrainerItemDB,REWARD_ITEM_CANDIDATE,single-player AddItem path; persistence unverified
item_1263179844,1263179844,Items.1263179844,Items.1263179844,MP_LoadingScreen.AdverserialMode,survival_guide,both,TrainerItemDB,REWARD_ITEM_CANDIDATE,single-player AddItem path; persistence unverified
item_3445685066,3445685066,Items.3445685066,Items.3445685066,MP_LoadingScreen.AdverserialMode.Freeroaming,survival_guide,both,TrainerItemDB,REWARD_ITEM_CANDIDATE,single-player AddItem path; persistence unverified
item_3172054179,3172054179,Items.3172054179,Items.3172054179,MP_LoadingScreen.Autotakedown,survival_guide,both,TrainerItemDB,REWARD_ITEM_CANDIDATE,single-player AddItem path; persistence unverified
item_2866817010,2866817010,Items.2866817010,Items.2866817010,MP_LoadingScreen.Autotakedown.Decryption,survival_guide,both,TrainerItemDB,REWARD_ITEM_CANDIDATE,single-player AddItem path; persistence unverified
item_3656633234,3656633234,Items.3656633234,Items.3656633234,MP_LoadingScreen.Autotakedown.Freeroaming,survival_guide,both,TrainerItemDB,REWARD_ITEM_CANDIDATE,single-player AddItem path; persistence unverified
item_2964119881,2964119881,Items.2964119881,Items.2964119881,MP_LoadingScreen.Autotakedown.Hacking,survival_guide,both,TrainerItemDB,REWARD_ITEM_CANDIDATE,single-player AddItem path; persistence unverified
item_181569740,181569740,Items.181569740,Items.181569740,MP_LoadingScreen.Autotakedown.Race,survival_guide,both,TrainerItemDB,REWARD_ITEM_CANDIDATE,single-player AddItem path; persistence unverified
item_134745719,134745719,Items.134745719,Items.134745719,MP_LoadingScreen.Autotakedown.Tailing,survival_guide,both,TrainerItemDB,REWARD_ITEM_CANDIDATE,single-player AddItem path; persistence unverified
item_2140789161,2140789161,Items.2140789161,Items.2140789161,MP_LoadingScreen.BestTimes,survival_guide,both,TrainerItemDB,REWARD_ITEM_CANDIDATE,single-player AddItem path; persistence unverified
item_2680438855,2680438855,Items.2680438855,Items.2680438855,MP_LoadingScreen.BestTimes.Race,survival_guide,both,TrainerItemDB,REWARD_ITEM_CANDIDATE,single-player AddItem path; persistence unverified
item_2979455782,2979455782,Items.2979455782,Items.2979455782,MP_LoadingScreen.Blackout,survival_guide,both,TrainerItemDB,REWARD_ITEM_CANDIDATE,single-player AddItem path; persistence unverified
item_884952744,884952744,Items.884952744,Items.884952744,MP_LoadingScreen.Blackout.Decryption,survival_guide,both,TrainerItemDB,REWARD_ITEM_CANDIDATE,single-player AddItem path; persistence unverified
item_2466249385,2466249385,Items.2466249385,Items.2466249385,MP_LoadingScreen.Blackout.Freeroaming,survival_guide,both,TrainerItemDB,REWARD_ITEM_CANDIDATE,single-player AddItem path; persistence unverified
item_2336257199,2336257199,Items.2336257199,Items.2336257199,MP_LoadingScreen.Blackout.Hacking,survival_guide,both,TrainerItemDB,REWARD_ITEM_CANDIDATE,single-player AddItem path; persistence unverified
item_4233732621,4233732621,Items.4233732621,Items.4233732621,MP_LoadingScreen.Blackout.Tailing,survival_guide,both,TrainerItemDB,REWARD_ITEM_CANDIDATE,single-player AddItem path; persistence unverified
item_3900481485,3900481485,Items.3900481485,Items.3900481485,MP_LoadingScreen.BlendInCrowds,survival_guide,both,TrainerItemDB,REWARD_ITEM_CANDIDATE,single-player AddItem path; persistence unverified
item_4243481241,4243481241,Items.4243481241,Items.4243481241,MP_LoadingScreen.BlendInCrowds.Hacking,survival_guide,both,TrainerItemDB,REWARD_ITEM_CANDIDATE,single-player AddItem path; persistence unverified
item_2348266555,2348266555,Items.2348266555,Items.2348266555,MP_LoadingScreen.BlendInCrowds.Tailing,survival_guide,both,TrainerItemDB,REWARD_ITEM_CANDIDATE,single-player AddItem path; persistence unverified
item_3939299635,3939299635,Items.3939299635,Items.3939299635,MP_LoadingScreen.BountyDefenders,survival_guide,both,TrainerItemDB,REWARD_ITEM_CANDIDATE,single-player AddItem path; persistence unverified
item_2911638348,2911638348,Items.2911638348,Items.2911638348,MP_LoadingScreen.BountyDefenders.Hacking,survival_guide,both,TrainerItemDB,REWARD_ITEM_CANDIDATE,single-player AddItem path; persistence unverified
item_709640136,709640136,Items.709640136,Items.709640136,MP_LoadingScreen.CarOnDemand,survival_guide,both,TrainerItemDB,REWARD_ITEM_CANDIDATE,single-player AddItem path; persistence unverified
item_4145203918,4145203918,Items.4145203918,Items.4145203918,MP_LoadingScreen.CarOnDemand.Decryption,survival_guide,both,TrainerItemDB,REWARD_ITEM_CANDIDATE,single-player AddItem path; persistence unverified
item_921539392,921539392,Items.921539392,Items.921539392,MP_LoadingScreen.CarOnDemand.Freeroaming,survival_guide,both,TrainerItemDB,REWARD_ITEM_CANDIDATE,single-player AddItem path; persistence unverified
item_1678377861,1678377861,Items.1678377861,Items.1678377861,MP_LoadingScreen.CarOnDemand.Hacking,survival_guide,both,TrainerItemDB,REWARD_ITEM_CANDIDATE,single-player AddItem path; persistence unverified
item_320066855,320066855,Items.320066855,Items.320066855,MP_LoadingScreen.CarOnDemand.Tailing,survival_guide,both,TrainerItemDB,REWARD_ITEM_CANDIDATE,single-player AddItem path; persistence unverified
item_2827788102,2827788102,Items.2827788102,Items.2827788102,MP_LoadingScreen.Companion_BirdDown,survival_guide,both,TrainerItemDB,REWARD_ITEM_CANDIDATE,single-player AddItem path; persistence unverified
item_4208146516,4208146516,Items.4208146516,Items.4208146516,MP_LoadingScreen.Companion_Blackout,survival_guide,both,TrainerItemDB,REWARD_ITEM_CANDIDATE,single-player AddItem path; persistence unverified
item_3200616208,3200616208,Items.3200616208,Items.3200616208,MP_LoadingScreen.Companion_BonusCash,survival_guide,both,TrainerItemDB,REWARD_ITEM_CANDIDATE,single-player AddItem path; persistence unverified
item_3622370028,3622370028,Items.3622370028,Items.3622370028,MP_LoadingScreen.Companion_BonusTime,survival_guide,both,TrainerItemDB,REWARD_ITEM_CANDIDATE,single-player AddItem path; persistence unverified
item_1313789892,1313789892,Items.1313789892,Items.1313789892,MP_LoadingScreen.Companion_EverythingOK,survival_guide,both,TrainerItemDB,REWARD_ITEM_CANDIDATE,single-player AddItem path; persistence unverified
item_3850385313,3850385313,Items.3850385313,Items.3850385313,MP_LoadingScreen.Companion_JamComs,survival_guide,both,TrainerItemDB,REWARD_ITEM_CANDIDATE,single-player AddItem path; persistence unverified
item_2780391957,2780391957,Items.2780391957,Items.2780391957,MP_LoadingScreen.Companion_KillKill,survival_guide,both,TrainerItemDB,REWARD_ITEM_CANDIDATE,single-player AddItem path; persistence unverified
item_2026947742,2026947742,Items.2026947742,Items.2026947742,MP_LoadingScreen.Companion_Shortcuts,survival_guide,both,TrainerItemDB,REWARD_ITEM_CANDIDATE,single-player AddItem path; persistence unverified
item_3091307777,3091307777,Items.3091307777,Items.3091307777,MP_LoadingScreen.Companion_ctOSMobile,survival_guide,both,TrainerItemDB,REWARD_ITEM_CANDIDATE,single-player AddItem path; persistence unverified
item_3719523816,3719523816,Items.3719523816,Items.3719523816,MP_LoadingScreen.DamagedCars,survival_guide,both,TrainerItemDB,REWARD_ITEM_CANDIDATE,single-player AddItem path; persistence unverified
item_3249337646,3249337646,Items.3249337646,Items.3249337646,MP_LoadingScreen.DamagedCars.Race,survival_guide,both,TrainerItemDB,REWARD_ITEM_CANDIDATE,single-player AddItem path; persistence unverified
item_3520078595,3520078595,Items.3520078595,Items.3520078595,MP_LoadingScreen.DataTheftBoosting,survival_guide,both,TrainerItemDB,REWARD_ITEM_CANDIDATE,single-player AddItem path; persistence unverified
item_3332946346,3332946346,Items.3332946346,Items.3332946346,MP_LoadingScreen.DataTheftBoosting.Decryption,survival_guide,both,TrainerItemDB,REWARD_ITEM_CANDIDATE,single-player AddItem path; persistence unverified
item_1546184397,1546184397,Items.1546184397,Items.1546184397,MP_LoadingScreen.DecryptionBoosting,survival_guide,both,TrainerItemDB,REWARD_ITEM_CANDIDATE,single-player AddItem path; persistence unverified
item_1324452528,1324452528,Items.1324452528,Items.1324452528,MP_LoadingScreen.DecryptionBoosting.Decryption,survival_guide,both,TrainerItemDB,REWARD_ITEM_CANDIDATE,single-player AddItem path; persistence unverified
item_1377364790,1377364790,Items.1377364790,Items.1377364790,MP_LoadingScreen.DecryptionFirewall,survival_guide,both,TrainerItemDB,REWARD_ITEM_CANDIDATE,single-player AddItem path; persistence unverified
item_710292424,710292424,Items.710292424,Items.710292424,MP_LoadingScreen.DecryptionFirewall.Decryption,survival_guide,both,TrainerItemDB,REWARD_ITEM_CANDIDATE,single-player AddItem path; persistence unverified
item_15849568,15849568,Items.15849568,Items.15849568,MP_LoadingScreen.DecryptionJamComs,survival_guide,both,TrainerItemDB,REWARD_ITEM_CANDIDATE,single-player AddItem path; persistence unverified
item_3088047775,3088047775,Items.3088047775,Items.3088047775,MP_LoadingScreen.DecryptionJamComs.Decryption,survival_guide,both,TrainerItemDB,REWARD_ITEM_CANDIDATE,single-player AddItem path; persistence unverified
item_1727461785,1727461785,Items.1727461785,Items.1727461785,MP_LoadingScreen.EarningNotoriety,survival_guide,both,TrainerItemDB,REWARD_ITEM_CANDIDATE,single-player AddItem path; persistence unverified
item_2566597485,2566597485,Items.2566597485,Items.2566597485,MP_LoadingScreen.EarningNotoriety.Decryption,survival_guide,both,TrainerItemDB,REWARD_ITEM_CANDIDATE,single-player AddItem path; persistence unverified
item_1947852599,1947852599,Items.1947852599,Items.1947852599,MP_LoadingScreen.EarningNotoriety.Hacking,survival_guide,both,TrainerItemDB,REWARD_ITEM_CANDIDATE,single-player AddItem path; persistence unverified
item_1180463866,1180463866,Items.1180463866,Items.1180463866,MP_LoadingScreen.EarningNotoriety.Race,survival_guide,both,TrainerItemDB,REWARD_ITEM_CANDIDATE,single-player AddItem path; persistence unverified
item_50334101,50334101,Items.50334101,Items.50334101,MP_LoadingScreen.EarningNotoriety.Tailing,survival_guide,both,TrainerItemDB,REWARD_ITEM_CANDIDATE,single-player AddItem path; persistence unverified
item_3479110520,3479110520,Items.3479110520,Items.3479110520,MP_LoadingScreen.Focus,survival_guide,both,TrainerItemDB,REWARD_ITEM_CANDIDATE,single-player AddItem path; persistence unverified
item_2217444170,2217444170,Items.2217444170,Items.2217444170,MP_LoadingScreen.Focus.Decryption,survival_guide,both,TrainerItemDB,REWARD_ITEM_CANDIDATE,single-player AddItem path; persistence unverified
item_3695963440,3695963440,Items.3695963440,Items.3695963440,MP_LoadingScreen.Focus.Freeroaming,survival_guide,both,TrainerItemDB,REWARD_ITEM_CANDIDATE,single-player AddItem path; persistence unverified
item_1149875932,1149875932,Items.1149875932,Items.1149875932,MP_LoadingScreen.FriendlyFire,survival_guide,both,TrainerItemDB,REWARD_ITEM_CANDIDATE,single-player AddItem path; persistence unverified
item_3290213314,3290213314,Items.3290213314,Items.3290213314,MP_LoadingScreen.FriendlyFire.Decryption,survival_guide,both,TrainerItemDB,REWARD_ITEM_CANDIDATE,single-player AddItem path; persistence unverified
item_874780769,874780769,Items.874780769,Items.874780769,MP_LoadingScreen.HackingJamComs,survival_guide,both,TrainerItemDB,REWARD_ITEM_CANDIDATE,single-player AddItem path; persistence unverified
item_3764739300,3764739300,Items.3764739300,Items.3764739300,MP_LoadingScreen.HackingJamComs.Hacking,survival_guide,both,TrainerItemDB,REWARD_ITEM_CANDIDATE,single-player AddItem path; persistence unverified
item_2637487214,2637487214,Items.2637487214,Items.2637487214,MP_LoadingScreen.HackingRetaliation,survival_guide,both,TrainerItemDB,REWARD_ITEM_CANDIDATE,single-player AddItem path; persistence unverified
item_2146831020,2146831020,Items.2146831020,Items.2146831020,MP_LoadingScreen.HackingRetaliation.Hacking,survival_guide,both,TrainerItemDB,REWARD_ITEM_CANDIDATE,single-player AddItem path; persistence unverified
item_441274412,441274412,Items.441274412,Items.441274412,MP_LoadingScreen.InGameScoreboard,survival_guide,both,TrainerItemDB,REWARD_ITEM_CANDIDATE,single-player AddItem path; persistence unverified
item_3533963816,3533963816,Items.3533963816,Items.3533963816,MP_LoadingScreen.InGameScoreboard.Decryption,survival_guide,both,TrainerItemDB,REWARD_ITEM_CANDIDATE,single-player AddItem path; persistence unverified
item_3835266074,3835266074,Items.3835266074,Items.3835266074,MP_LoadingScreen.InGameScoreboard.Race,survival_guide,both,TrainerItemDB,REWARD_ITEM_CANDIDATE,single-player AddItem path; persistence unverified
item_3641595822,3641595822,Items.3641595822,Items.3641595822,MP_LoadingScreen.InvitingFriends,survival_guide,both,TrainerItemDB,REWARD_ITEM_CANDIDATE,single-player AddItem path; persistence unverified
item_214166041,214166041,Items.214166041,Items.214166041,MP_LoadingScreen.InvitingFriends.Decryption,survival_guide,both,TrainerItemDB,REWARD_ITEM_CANDIDATE,single-player AddItem path; persistence unverified
item_782304535,782304535,Items.782304535,Items.782304535,MP_LoadingScreen.InvitingFriends.Freeroaming,survival_guide,both,TrainerItemDB,REWARD_ITEM_CANDIDATE,single-player AddItem path; persistence unverified
item_2278762961,2278762961,Items.2278762961,Items.2278762961,MP_LoadingScreen.InvitingFriends.Hacking,survival_guide,both,TrainerItemDB,REWARD_ITEM_CANDIDATE,single-player AddItem path; persistence unverified
item_543418437,543418437,Items.543418437,Items.543418437,MP_LoadingScreen.InvitingFriends.Race,survival_guide,both,TrainerItemDB,REWARD_ITEM_CANDIDATE,single-player AddItem path; persistence unverified
item_4039835507,4039835507,Items.4039835507,Items.4039835507,MP_LoadingScreen.InvitingFriends.Tailing,survival_guide,both,TrainerItemDB,REWARD_ITEM_CANDIDATE,single-player AddItem path; persistence unverified
item_1454387701,1454387701,Items.1454387701,Items.1454387701,MP_LoadingScreen.JamComsActiveConnections,survival_guide,both,TrainerItemDB,REWARD_ITEM_CANDIDATE,single-player AddItem path; persistence unverified
item_2165852215,2165852215,Items.2165852215,Items.2165852215,MP_LoadingScreen.JamComsActiveConnections.Decryption,survival_guide,both,TrainerItemDB,REWARD_ITEM_CANDIDATE,single-player AddItem path; persistence unverified
item_2943652428,2943652428,Items.2943652428,Items.2943652428,MP_LoadingScreen.Leaderboard,survival_guide,both,TrainerItemDB,REWARD_ITEM_CANDIDATE,single-player AddItem path; persistence unverified
item_3804161222,3804161222,Items.3804161222,Items.3804161222,MP_LoadingScreen.Leaderboard.Decryption,survival_guide,both,TrainerItemDB,REWARD_ITEM_CANDIDATE,single-player AddItem path; persistence unverified
item_69763113,69763113,Items.69763113,Items.69763113,MP_LoadingScreen.Leaderboard.Hacking,survival_guide,both,TrainerItemDB,REWARD_ITEM_CANDIDATE,single-player AddItem path; persistence unverified
item_333926712,333926712,Items.333926712,Items.333926712,MP_LoadingScreen.Leaderboard.Race,survival_guide,both,TrainerItemDB,REWARD_ITEM_CANDIDATE,single-player AddItem path; persistence unverified
item_1932613259,1932613259,Items.1932613259,Items.1932613259,MP_LoadingScreen.Leaderboard.Tailing,survival_guide,both,TrainerItemDB,REWARD_ITEM_CANDIDATE,single-player AddItem path; persistence unverified
item_3063194002,3063194002,Items.3063194002,Items.3063194002,MP_LoadingScreen.LeaveEarly,survival_guide,both,TrainerItemDB,REWARD_ITEM_CANDIDATE,single-player AddItem path; persistence unverified
item_4118853049,4118853049,Items.4118853049,Items.4118853049,MP_LoadingScreen.LeaveEarly.Hacking,survival_guide,both,TrainerItemDB,REWARD_ITEM_CANDIDATE,single-player AddItem path; persistence unverified
item_2191090459,2191090459,Items.2191090459,Items.2191090459,MP_LoadingScreen.LeaveEarly.Tailing,survival_guide,both,TrainerItemDB,REWARD_ITEM_CANDIDATE,single-player AddItem path; persistence unverified
item_694640896,694640896,Items.694640896,Items.694640896,MP_LoadingScreen.MeleeTakedown,survival_guide,both,TrainerItemDB,REWARD_ITEM_CANDIDATE,single-player AddItem path; persistence unverified
item_3314461341,3314461341,Items.3314461341,Items.3314461341,MP_LoadingScreen.MeleeTakedown.Decryption,survival_guide,both,TrainerItemDB,REWARD_ITEM_CANDIDATE,single-player AddItem path; persistence unverified
item_3300724590,3300724590,Items.3300724590,Items.3300724590,MP_LoadingScreen.MeleeTakedown.Freeroaming,survival_guide,both,TrainerItemDB,REWARD_ITEM_CANDIDATE,single-player AddItem path; persistence unverified
item_906524189,906524189,Items.906524189,Items.906524189,MP_LoadingScreen.NitroCheckpoints,survival_guide,both,TrainerItemDB,REWARD_ITEM_CANDIDATE,single-player AddItem path; persistence unverified
item_3001139531,3001139531,Items.3001139531,Items.3001139531,MP_LoadingScreen.NitroCheckpoints.Race,survival_guide,both,TrainerItemDB,REWARD_ITEM_CANDIDATE,single-player AddItem path; persistence unverified
item_2395372980,2395372980,Items.2395372980,Items.2395372980,MP_LoadingScreen.NotorietyPerks,survival_guide,both,TrainerItemDB,REWARD_ITEM_CANDIDATE,single-player AddItem path; persistence unverified
item_1142537920,1142537920,Items.1142537920,Items.1142537920,MP_LoadingScreen.NotorietyPerks.Decryption,survival_guide,both,TrainerItemDB,REWARD_ITEM_CANDIDATE,single-player AddItem path; persistence unverified
item_1995304418,1995304418,Items.1995304418,Items.1995304418,MP_LoadingScreen.NotorietyPerks.Hacking,survival_guide,both,TrainerItemDB,REWARD_ITEM_CANDIDATE,single-player AddItem path; persistence unverified
item_2952406103,2952406103,Items.2952406103,Items.2952406103,MP_LoadingScreen.NotorietyPerks.Race,survival_guide,both,TrainerItemDB,REWARD_ITEM_CANDIDATE,single-player AddItem path; persistence unverified
item_32783168,32783168,Items.32783168,Items.32783168,MP_LoadingScreen.NotorietyPerks.Tailing,survival_guide,both,TrainerItemDB,REWARD_ITEM_CANDIDATE,single-player AddItem path; persistence unverified
item_80456436,80456436,Items.80456436,Items.80456436,MP_LoadingScreen.Passengers,survival_guide,both,TrainerItemDB,REWARD_ITEM_CANDIDATE,single-player AddItem path; persistence unverified
item_472403290,472403290,Items.472403290,Items.472403290,MP_LoadingScreen.Passengers.Decryption,survival_guide,both,TrainerItemDB,REWARD_ITEM_CANDIDATE,single-player AddItem path; persistence unverified
item_3244621466,3244621466,Items.3244621466,Items.3244621466,MP_LoadingScreen.Passengers.Freeroaming,survival_guide,both,TrainerItemDB,REWARD_ITEM_CANDIDATE,single-player AddItem path; persistence unverified
item_183369474,183369474,Items.183369474,Items.183369474,MP_LoadingScreen.RaceJumps,survival_guide,both,TrainerItemDB,REWARD_ITEM_CANDIDATE,single-player AddItem path; persistence unverified
item_484070173,484070173,Items.484070173,Items.484070173,MP_LoadingScreen.RaceJumps.Race,survival_guide,both,TrainerItemDB,REWARD_ITEM_CANDIDATE,single-player AddItem path; persistence unverified
item_316979571,316979571,Items.316979571,Items.316979571,MP_LoadingScreen.Respawning,survival_guide,both,TrainerItemDB,REWARD_ITEM_CANDIDATE,single-player AddItem path; persistence unverified
item_1777803891,1777803891,Items.1777803891,Items.1777803891,MP_LoadingScreen.Respawning.Decryption,survival_guide,both,TrainerItemDB,REWARD_ITEM_CANDIDATE,single-player AddItem path; persistence unverified
item_842529154,842529154,Items.842529154,Items.842529154,MP_LoadingScreen.ShootingTires,survival_guide,both,TrainerItemDB,REWARD_ITEM_CANDIDATE,single-player AddItem path; persistence unverified
item_1811710677,1811710677,Items.1811710677,Items.1811710677,MP_LoadingScreen.ShootingTires.Decryption,survival_guide,both,TrainerItemDB,REWARD_ITEM_CANDIDATE,single-player AddItem path; persistence unverified
item_3155473636,3155473636,Items.3155473636,Items.3155473636,MP_LoadingScreen.ShootingTires.Freeroaming,survival_guide,both,TrainerItemDB,REWARD_ITEM_CANDIDATE,single-player AddItem path; persistence unverified
item_3310569254,3310569254,Items.3310569254,Items.3310569254,MP_LoadingScreen.TheftRadius,survival_guide,both,TrainerItemDB,REWARD_ITEM_CANDIDATE,single-player AddItem path; persistence unverified
item_1313226094,1313226094,Items.1313226094,Items.1313226094,MP_LoadingScreen.TheftRadius.Decryption,survival_guide,both,TrainerItemDB,REWARD_ITEM_CANDIDATE,single-player AddItem path; persistence unverified
item_3409582515,3409582515,Items.3409582515,Items.3409582515,MP_LoadingScreen.UnlockingLoadouts,survival_guide,both,TrainerItemDB,REWARD_ITEM_CANDIDATE,single-player AddItem path; persistence unverified
item_2761028430,2761028430,Items.2761028430,Items.2761028430,MP_LoadingScreen.UnlockingLoadouts.Decryption,survival_guide,both,TrainerItemDB,REWARD_ITEM_CANDIDATE,single-player AddItem path; persistence unverified
item_765289995,765289995,Items.765289995,Items.765289995,MP_LoadingScreen.UsingBikes,survival_guide,both,TrainerItemDB,REWARD_ITEM_CANDIDATE,single-player AddItem path; persistence unverified
item_1294793903,1294793903,Items.1294793903,Items.1294793903,MP_LoadingScreen.UsingBikes.Hacking,survival_guide,both,TrainerItemDB,REWARD_ITEM_CANDIDATE,single-player AddItem path; persistence unverified
item_976562701,976562701,Items.976562701,Items.976562701,MP_LoadingScreen.UsingBikes.Tailing,survival_guide,both,TrainerItemDB,REWARD_ITEM_CANDIDATE,single-player AddItem path; persistence unverified
item_2008043242,2008043242,Items.2008043242,Items.2008043242,MP_LoadingScreen.UsingCameras,survival_guide,both,TrainerItemDB,REWARD_ITEM_CANDIDATE,single-player AddItem path; persistence unverified
item_932540201,932540201,Items.932540201,Items.932540201,MP_LoadingScreen.UsingCameras.Hacking,survival_guide,both,TrainerItemDB,REWARD_ITEM_CANDIDATE,single-player AddItem path; persistence unverified
item_1082964363,1082964363,Items.1082964363,Items.1082964363,MP_LoadingScreen.UsingCameras.Tailing,survival_guide,both,TrainerItemDB,REWARD_ITEM_CANDIDATE,single-player AddItem path; persistence unverified
item_1957990729,1957990729,Items.1957990729,Items.1957990729,Tutorials,survival_guide,both,TrainerItemDB,REWARD_ITEM_CANDIDATE,single-player AddItem path; persistence unverified
item_1233386816,1233386816,Items.1233386816,Items.1233386816,Tutorials.Collectibles,survival_guide,both,TrainerItemDB,REWARD_ITEM_CANDIDATE,single-player AddItem path; persistence unverified
item_319213051,319213051,Items.319213051,Items.319213051,Tutorials.Collectibles.BlackMarketHDD,survival_guide,both,TrainerItemDB,REWARD_ITEM_CANDIDATE,single-player AddItem path; persistence unverified
item_778386834,778386834,Items.778386834,Items.778386834,Tutorials.Collectibles.BurnerPhones,survival_guide,both,TrainerItemDB,REWARD_ITEM_CANDIDATE,single-player AddItem path; persistence unverified
item_166450924,166450924,Items.166450924,Items.166450924,Tutorials.Collectibles.HumanTrafficLead,survival_guide,both,TrainerItemDB,REWARD_ITEM_CANDIDATE,single-player AddItem path; persistence unverified
item_1622963219,1622963219,Items.1622963219,Items.1622963219,Tutorials.Collectibles.ItemsOfInterest,survival_guide,both,TrainerItemDB,REWARD_ITEM_CANDIDATE,single-player AddItem path; persistence unverified
item_917706887,917706887,Items.917706887,Items.917706887,Tutorials.Collectibles.MissingPerson,survival_guide,both,TrainerItemDB,REWARD_ITEM_CANDIDATE,single-player AddItem path; persistence unverified
item_3115904692,3115904692,Items.3115904692,Items.3115904692,Tutorials.Collectibles.PrivacyInvasion,survival_guide,both,TrainerItemDB,REWARD_ITEM_CANDIDATE,single-player AddItem path; persistence unverified
item_3027622942,3027622942,Items.3027622942,Items.3027622942,Tutorials.Collectibles.QRCodes,survival_guide,both,TrainerItemDB,REWARD_ITEM_CANDIDATE,single-player AddItem path; persistence unverified
item_1376168479,1376168479,Items.1376168479,Items.1376168479,Tutorials.Collectibles.ShippingCrates,survival_guide,both,TrainerItemDB,REWARD_ITEM_CANDIDATE,single-player AddItem path; persistence unverified
item_2633523334,2633523334,Items.2633523334,Items.2633523334,Tutorials.Collectibles.dlc01_Aiden_Hunt,survival_guide,dlc_solo,TrainerItemDB,REWARD_ITEM_CANDIDATE,single-player AddItem path; persistence unverified
item_2199773022,2199773022,Items.2199773022,Items.2199773022,Tutorials.Collectibles.dlc01_BurnerPhones,survival_guide,dlc_solo,TrainerItemDB,REWARD_ITEM_CANDIDATE,single-player AddItem path; persistence unverified
item_1374862901,1374862901,Items.1374862901,Items.1374862901,Tutorials.Collectibles.dlc01_Dedsec_Hunt,survival_guide,dlc_solo,TrainerItemDB,REWARD_ITEM_CANDIDATE,single-player AddItem path; persistence unverified
item_3980657010,3980657010,Items.3980657010,Items.3980657010,Tutorials.Gameplay,survival_guide,both,TrainerItemDB,REWARD_ITEM_CANDIDATE,single-player AddItem path; persistence unverified
item_447322369,447322369,Items.447322369,Items.447322369,Tutorials.Gameplay.BankAccounts,survival_guide,both,TrainerItemDB,REWARD_ITEM_CANDIDATE,single-player AddItem path; persistence unverified
item_2810794234,2810794234,Items.2810794234,Items.2810794234,Tutorials.Gameplay.BountyBlumeAgent,survival_guide,both,TrainerItemDB,REWARD_ITEM_CANDIDATE,single-player AddItem path; persistence unverified
item_2761826330,2761826330,Items.2761826330,Items.2761826330,Tutorials.Gameplay.BreakingNewsReports,survival_guide,both,TrainerItemDB,REWARD_ITEM_CANDIDATE,single-player AddItem path; persistence unverified
item_3943854977,3943854977,Items.3943854977,Items.3943854977,Tutorials.Gameplay.BuyingComponents,survival_guide,both,TrainerItemDB,REWARD_ITEM_CANDIDATE,single-player AddItem path; persistence unverified
item_3934616471,3934616471,Items.3934616471,Items.3934616471,Tutorials.Gameplay.CameraTagging,survival_guide,both,TrainerItemDB,REWARD_ITEM_CANDIDATE,single-player AddItem path; persistence unverified
item_1918432756,1918432756,Items.1918432756,Items.1918432756,Tutorials.Gameplay.CoverNavigation,survival_guide,both,TrainerItemDB,REWARD_ITEM_CANDIDATE,single-player AddItem path; persistence unverified
item_1414030862,1414030862,Items.1414030862,Items.1414030862,Tutorials.Gameplay.Crafting,survival_guide,both,TrainerItemDB,REWARD_ITEM_CANDIDATE,single-player AddItem path; persistence unverified
item_2003808132,2003808132,Items.2003808132,Items.2003808132,Tutorials.Gameplay.Driving,survival_guide,both,TrainerItemDB,REWARD_ITEM_CANDIDATE,single-player AddItem path; persistence unverified
item_420083356,420083356,Items.420083356,Items.420083356,Tutorials.Gameplay.EconomyLoop,survival_guide,both,TrainerItemDB,REWARD_ITEM_CANDIDATE,single-player AddItem path; persistence unverified
item_1892658766,1892658766,Items.1892658766,Items.1892658766,Tutorials.Gameplay.EnemyClasses,survival_guide,both,TrainerItemDB,REWARD_ITEM_CANDIDATE,single-player AddItem path; persistence unverified
item_1471563729,1471563729,Items.1471563729,Items.1471563729,Tutorials.Gameplay.GameProgression,survival_guide,both,TrainerItemDB,REWARD_ITEM_CANDIDATE,single-player AddItem path; persistence unverified
item_2375456054,2375456054,Items.2375456054,Items.2375456054,Tutorials.Gameplay.HeatSystem,survival_guide,both,TrainerItemDB,REWARD_ITEM_CANDIDATE,single-player AddItem path; persistence unverified
item_1644448749,1644448749,Items.1644448749,Items.1644448749,Tutorials.Gameplay.Hideouts,survival_guide,both,TrainerItemDB,REWARD_ITEM_CANDIDATE,single-player AddItem path; persistence unverified
item_3163028501,3163028501,Items.3163028501,Items.3163028501,Tutorials.Gameplay.InventoryWheel,survival_guide,both,TrainerItemDB,REWARD_ITEM_CANDIDATE,single-player AddItem path; persistence unverified
item_2814890433,2814890433,Items.2814890433,Items.2814890433,Tutorials.Gameplay.LootingSellingLoop,survival_guide,both,TrainerItemDB,REWARD_ITEM_CANDIDATE,single-player AddItem path; persistence unverified
item_2888069171,2888069171,Items.2888069171,Items.2888069171,Tutorials.Gameplay.Parkour,survival_guide,both,TrainerItemDB,REWARD_ITEM_CANDIDATE,single-player AddItem path; persistence unverified
item_1861643296,1861643296,Items.1861643296,Items.1861643296,Tutorials.Gameplay.PoliceChase,survival_guide,both,TrainerItemDB,REWARD_ITEM_CANDIDATE,single-player AddItem path; persistence unverified
item_3494131675,3494131675,Items.3494131675,Items.3494131675,Tutorials.Gameplay.Reputation,survival_guide,both,TrainerItemDB,REWARD_ITEM_CANDIDATE,single-player AddItem path; persistence unverified
item_2565920632,2565920632,Items.2565920632,Items.2565920632,Tutorials.Gameplay.RestSystem,survival_guide,both,TrainerItemDB,REWARD_ITEM_CANDIDATE,single-player AddItem path; persistence unverified
item_3383791433,3383791433,Items.3383791433,Items.3383791433,Tutorials.Gameplay.StealthDriving,survival_guide,both,TrainerItemDB,REWARD_ITEM_CANDIDATE,single-player AddItem path; persistence unverified
item_37743393,37743393,Items.37743393,Items.37743393,Tutorials.Gameplay.UnlockingSideContent,survival_guide,both,TrainerItemDB,REWARD_ITEM_CANDIDATE,single-player AddItem path; persistence unverified
item_3029141087,3029141087,Items.3029141087,Items.3029141087,Tutorials.Gameplay.WitnessCalls,survival_guide,both,TrainerItemDB,REWARD_ITEM_CANDIDATE,single-player AddItem path; persistence unverified
item_1181287818,1181287818,Items.1181287818,Items.1181287818,Tutorials.Gameplay.dlc01_RC_Car,survival_guide,dlc_solo,TrainerItemDB,REWARD_ITEM_CANDIDATE,single-player AddItem path; persistence unverified
item_1590245139,1590245139,Items.1590245139,Items.1590245139,Tutorials.Gameplay.dlc01_RC_Car_Craft,survival_guide,dlc_solo,TrainerItemDB,REWARD_ITEM_CANDIDATE,single-player AddItem path; persistence unverified
item_738323347,738323347,Items.738323347,Items.738323347,Tutorials.Online,survival_guide,both,TrainerItemDB,REWARD_ITEM_CANDIDATE,single-player AddItem path; persistence unverified
item_239293157,239293157,Items.239293157,Items.239293157,Tutorials.Online.Companion_ChallengeCtosMobileFollowers,survival_guide,both,TrainerItemDB,REWARD_ITEM_CANDIDATE,single-player AddItem path; persistence unverified
item_1973405053,1973405053,Items.1973405053,Items.1973405053,Tutorials.Online.Companion_ctosMobileContract,survival_guide,both,TrainerItemDB,REWARD_ITEM_CANDIDATE,single-player AddItem path; persistence unverified
item_3889065803,3889065803,Items.3889065803,Items.3889065803,Tutorials.Online.Companion_ctosMobileContract.Companion_ctosMobileContract_GRID,survival_guide,both,TrainerItemDB,REWARD_ITEM_CANDIDATE,single-player AddItem path; persistence unverified
item_2960214625,2960214625,Items.2960214625,Items.2960214625,Tutorials.Online.Companion_ctosMobileContract.Companion_ctosMobileContract_GRID.Companion_FreeRide_GRID,survival_guide,both,TrainerItemDB,REWARD_ITEM_CANDIDATE,single-player AddItem path; persistence unverified
item_2181113683,2181113683,Items.2181113683,Items.2181113683,Tutorials.Online.Companion_ctosMobileContract.Companion_ctosMobileContract_GRID.Companion_Race_GRID,survival_guide,both,TrainerItemDB,REWARD_ITEM_CANDIDATE,single-player AddItem path; persistence unverified
item_1788691031,1788691031,Items.1788691031,Items.1788691031,Tutorials.Online.DecryptionContract,survival_guide,both,TrainerItemDB,REWARD_ITEM_CANDIDATE,single-player AddItem path; persistence unverified
item_1419918544,1419918544,Items.1419918544,Items.1419918544,Tutorials.Online.DecryptionContract.DecryptionContract_GRID,survival_guide,both,TrainerItemDB,REWARD_ITEM_CANDIDATE,single-player AddItem path; persistence unverified
item_395846831,395846831,Items.395846831,Items.395846831,Tutorials.Online.DecryptionContractBoosting,survival_guide,both,TrainerItemDB,REWARD_ITEM_CANDIDATE,single-player AddItem path; persistence unverified
item_1333431766,1333431766,Items.1333431766,Items.1333431766,Tutorials.Online.DecryptionContractFirewall,survival_guide,both,TrainerItemDB,REWARD_ITEM_CANDIDATE,single-player AddItem path; persistence unverified
item_3784366720,3784366720,Items.3784366720,Items.3784366720,Tutorials.Online.DecryptionContractWirelessTheft,survival_guide,both,TrainerItemDB,REWARD_ITEM_CANDIDATE,single-player AddItem path; persistence unverified
item_4154826873,4154826873,Items.4154826873,Items.4154826873,Tutorials.Online.Freeroam,survival_guide,both,TrainerItemDB,REWARD_ITEM_CANDIDATE,single-player AddItem path; persistence unverified
item_3661697777,3661697777,Items.3661697777,Items.3661697777,Tutorials.Online.Freeroam.Freeroam_GRID,survival_guide,both,TrainerItemDB,REWARD_ITEM_CANDIDATE,single-player AddItem path; persistence unverified
item_4048512736,4048512736,Items.4048512736,Items.4048512736,Tutorials.Online.Freeroam.dlc01_GangWarsCoop_GRID,survival_guide,dlc_solo,TrainerItemDB,REWARD_ITEM_CANDIDATE,single-player AddItem path; persistence unverified
item_2399859221,2399859221,Items.2399859221,Items.2399859221,Tutorials.Online.MultiplayerApp,survival_guide,both,TrainerItemDB,REWARD_ITEM_CANDIDATE,single-player AddItem path; persistence unverified
item_2516715983,2516715983,Items.2516715983,Items.2516715983,Tutorials.Online.Notoriety,survival_guide,both,TrainerItemDB,REWARD_ITEM_CANDIDATE,single-player AddItem path; persistence unverified
item_2855879457,2855879457,Items.2855879457,Items.2855879457,Tutorials.Online.OnlineHackingContract,survival_guide,both,TrainerItemDB,REWARD_ITEM_CANDIDATE,single-player AddItem path; persistence unverified
item_1439105550,1439105550,Items.1439105550,Items.1439105550,Tutorials.Online.OnlineHackingContract.OnlineHackingContract_GRID,survival_guide,both,TrainerItemDB,REWARD_ITEM_CANDIDATE,single-player AddItem path; persistence unverified
item_1514199265,1514199265,Items.1514199265,Items.1514199265,Tutorials.Online.OnlineHackingContractBeingHacked,survival_guide,both,TrainerItemDB,REWARD_ITEM_CANDIDATE,single-player AddItem path; persistence unverified
item_2607267680,2607267680,Items.2607267680,Items.2607267680,Tutorials.Online.OnlineHacking_PlayerCard,survival_guide,both,TrainerItemDB,REWARD_ITEM_CANDIDATE,single-player AddItem path; persistence unverified
item_2733469176,2733469176,Items.2733469176,Items.2733469176,Tutorials.Online.OnlineRaceContract,survival_guide,both,TrainerItemDB,REWARD_ITEM_CANDIDATE,single-player AddItem path; persistence unverified
item_307995136,307995136,Items.307995136,Items.307995136,Tutorials.Online.OnlineRaceContract.OnlineRaceContract_GRID,survival_guide,both,TrainerItemDB,REWARD_ITEM_CANDIDATE,single-player AddItem path; persistence unverified
item_3709900163,3709900163,Items.3709900163,Items.3709900163,Tutorials.Online.OnlineTailingContract,survival_guide,both,TrainerItemDB,REWARD_ITEM_CANDIDATE,single-player AddItem path; persistence unverified
item_1790836360,1790836360,Items.1790836360,Items.1790836360,Tutorials.Online.OnlineTailingContract.OnlineTailingContract_GRID,survival_guide,both,TrainerItemDB,REWARD_ITEM_CANDIDATE,single-player AddItem path; persistence unverified
item_3087769201,3087769201,Items.3087769201,Items.3087769201,Tutorials.Online.OnlineTailingContract.OnlineTailingContract_GRID.dlc01_OnlineTailingContract_GRID,survival_guide,dlc_solo,TrainerItemDB,REWARD_ITEM_CANDIDATE,single-player AddItem path; persistence unverified
item_876251459,876251459,Items.876251459,Items.876251459,Tutorials.Online.OnlineTailingContract.dlc01_OnlineTailingContract,survival_guide,dlc_solo,TrainerItemDB,REWARD_ITEM_CANDIDATE,single-player AddItem path; persistence unverified
item_1612145173,1612145173,Items.1612145173,Items.1612145173,Tutorials.Online.PoliceChaseInMP,survival_guide,both,TrainerItemDB,REWARD_ITEM_CANDIDATE,single-player AddItem path; persistence unverified
item_4070431230,4070431230,Items.4070431230,Items.4070431230,Tutorials.Online.TheGrid,survival_guide,both,TrainerItemDB,REWARD_ITEM_CANDIDATE,single-player AddItem path; persistence unverified
item_3394484205,3394484205,Items.3394484205,Items.3394484205,Tutorials.Online.TheGrid.CG,survival_guide,both,TrainerItemDB,REWARD_ITEM_CANDIDATE,single-player AddItem path; persistence unverified
item_697425401,697425401,Items.697425401,Items.697425401,Tutorials.Online.TheGrid.dlc01_TheGrid,survival_guide,dlc_solo,TrainerItemDB,REWARD_ITEM_CANDIDATE,single-player AddItem path; persistence unverified
item_3809123059,3809123059,Items.3809123059,Items.3809123059,Tutorials.Online.dlc01_OnlineHackingContract,survival_guide,dlc_solo,TrainerItemDB,REWARD_ITEM_CANDIDATE,single-player AddItem path; persistence unverified
item_1347168752,1347168752,Items.1347168752,Items.1347168752,Tutorials.Online.dlc01_OnlineHackingContract.dlc01_OnlineHackingContract_GRID,survival_guide,dlc_solo,TrainerItemDB,REWARD_ITEM_CANDIDATE,single-player AddItem path; persistence unverified
item_2640270837,2640270837,Items.2640270837,Items.2640270837,Tutorials.SideMissions,survival_guide,both,TrainerItemDB,REWARD_ITEM_CANDIDATE,single-player AddItem path; persistence unverified
item_3454907557,3454907557,Items.3454907557,Items.3454907557,Tutorials.SideMissions.ConvoyContracts,survival_guide,both,TrainerItemDB,REWARD_ITEM_CANDIDATE,single-player AddItem path; persistence unverified
item_3366780521,3366780521,Items.3366780521,Items.3366780521,Tutorials.SideMissions.CrimeDetection,survival_guide,both,TrainerItemDB,REWARD_ITEM_CANDIDATE,single-player AddItem path; persistence unverified
item_3534784207,3534784207,Items.3534784207,Items.3534784207,Tutorials.SideMissions.FixerContractsDecoy,survival_guide,both,TrainerItemDB,REWARD_ITEM_CANDIDATE,single-player AddItem path; persistence unverified
item_1429648787,1429648787,Items.1429648787,Items.1429648787,Tutorials.SideMissions.FixerContractsGetaway,survival_guide,both,TrainerItemDB,REWARD_ITEM_CANDIDATE,single-player AddItem path; persistence unverified
item_3010715681,3010715681,Items.3010715681,Items.3010715681,Tutorials.SideMissions.FixerContractsInterception,survival_guide,both,TrainerItemDB,REWARD_ITEM_CANDIDATE,single-player AddItem path; persistence unverified
item_4110550028,4110550028,Items.4110550028,Items.4110550028,Tutorials.SideMissions.FixerContractsTransporter,survival_guide,both,TrainerItemDB,REWARD_ITEM_CANDIDATE,single-player AddItem path; persistence unverified
item_2089424930,2089424930,Items.2089424930,Items.2089424930,Tutorials.SideMissions.IntimidationContract,survival_guide,both,TrainerItemDB,REWARD_ITEM_CANDIDATE,single-player AddItem path; persistence unverified
item_2339131253,2339131253,Items.2339131253,Items.2339131253,Tutorials.SideMissions.PillConspiracy,survival_guide,both,TrainerItemDB,REWARD_ITEM_CANDIDATE,single-player AddItem path; persistence unverified
item_1915553290,1915553290,Items.1915553290,Items.1915553290,Tutorials.SideMissions.PillMadness,survival_guide,both,TrainerItemDB,REWARD_ITEM_CANDIDATE,single-player AddItem path; persistence unverified
item_1800434375,1800434375,Items.1800434375,Items.1800434375,Tutorials.SideMissions.PillPsychedelic,survival_guide,both,TrainerItemDB,REWARD_ITEM_CANDIDATE,single-player AddItem path; persistence unverified
item_740157271,740157271,Items.740157271,Items.740157271,Tutorials.SideMissions.ctosBreach,survival_guide,both,TrainerItemDB,REWARD_ITEM_CANDIDATE,single-player AddItem path; persistence unverified
item_3965331367,3965331367,Items.3965331367,Items.3965331367,Tutorials.SideMissions.dlc01_EscortChicago,survival_guide,dlc_solo,TrainerItemDB,REWARD_ITEM_CANDIDATE,single-player AddItem path; persistence unverified
item_2809221486,2809221486,Items.2809221486,Items.2809221486,Tutorials.SideMissions.dlc01_HackFixers,survival_guide,dlc_solo,TrainerItemDB,REWARD_ITEM_CANDIDATE,single-player AddItem path; persistence unverified
item_2532408595,2532408595,Items.2532408595,Items.2532408595,Tutorials.SideMissions.dlc01_SafetyChicago,survival_guide,dlc_solo,TrainerItemDB,REWARD_ITEM_CANDIDATE,single-player AddItem path; persistence unverified
item_219122855,219122855,Items.219122855,Items.219122855,Tutorials.SideMissions.dlc01_SafetyFixers,survival_guide,dlc_solo,TrainerItemDB,REWARD_ITEM_CANDIDATE,single-player AddItem path; persistence unverified
item_24174409,24174409,Items.24174409,Items.24174409,Tutorials.SideMissions.dlc01_SafetyMilitita,survival_guide,dlc_solo,TrainerItemDB,REWARD_ITEM_CANDIDATE,single-player AddItem path; persistence unverified
item_939779897,939779897,Items.939779897,Items.939779897,Tutorials.SideMissions.dlc01_SpeedMilitia,survival_guide,dlc_solo,TrainerItemDB,REWARD_ITEM_CANDIDATE,single-player AddItem path; persistence unverified
item_624330761,624330761,Items.624330761,Items.624330761,Tutorials.Tools&Apps,survival_guide,both,TrainerItemDB,REWARD_ITEM_CANDIDATE,single-player AddItem path; persistence unverified
item_1184677708,1184677708,Items.1184677708,Items.1184677708,Tutorials.Tools&Apps.Blackout,survival_guide,both,TrainerItemDB,REWARD_ITEM_CANDIDATE,single-player AddItem path; persistence unverified
item_1456638539,1456638539,Items.1456638539,Items.1456638539,Tutorials.Tools&Apps.CarOnDemand,survival_guide,both,TrainerItemDB,REWARD_ITEM_CANDIDATE,single-player AddItem path; persistence unverified
item_2058291904,2058291904,Items.2058291904,Items.2058291904,Tutorials.Tools&Apps.CityHotspotApp,survival_guide,both,TrainerItemDB,REWARD_ITEM_CANDIDATE,single-player AddItem path; persistence unverified
item_3982242678,3982242678,Items.3982242678,Items.3982242678,Tutorials.Tools&Apps.Distracting&Lures,survival_guide,both,TrainerItemDB,REWARD_ITEM_CANDIDATE,single-player AddItem path; persistence unverified
item_2600454008,2600454008,Items.2600454008,Items.2600454008,Tutorials.Tools&Apps.FocusBoost,survival_guide,both,TrainerItemDB,REWARD_ITEM_CANDIDATE,single-player AddItem path; persistence unverified
item_1706114005,1706114005,Items.1706114005,Items.1706114005,Tutorials.Tools&Apps.FragGrenades,survival_guide,both,TrainerItemDB,REWARD_ITEM_CANDIDATE,single-player AddItem path; persistence unverified
item_2423910179,2423910179,Items.2423910179,Items.2423910179,Tutorials.Tools&Apps.IED,survival_guide,both,TrainerItemDB,REWARD_ITEM_CANDIDATE,single-player AddItem path; persistence unverified
item_1701406313,1701406313,Items.1701406313,Items.1701406313,Tutorials.Tools&Apps.JamComs,survival_guide,both,TrainerItemDB,REWARD_ITEM_CANDIDATE,single-player AddItem path; persistence unverified
item_3564977944,3564977944,Items.3564977944,Items.3564977944,Tutorials.Tools&Apps.Maps&GPS,survival_guide,both,TrainerItemDB,REWARD_ITEM_CANDIDATE,single-player AddItem path; persistence unverified
item_1359724321,1359724321,Items.1359724321,Items.1359724321,Tutorials.Tools&Apps.Profiler,survival_guide,both,TrainerItemDB,REWARD_ITEM_CANDIDATE,single-player AddItem path; persistence unverified
item_3376847662,3376847662,Items.3376847662,Items.3376847662,Tutorials.Tools&Apps.ProximityIEDs,survival_guide,both,TrainerItemDB,REWARD_ITEM_CANDIDATE,single-player AddItem path; persistence unverified
item_3956312263,3956312263,Items.3956312263,Items.3956312263,Tutorials.Tools&Apps.SongSneak,survival_guide,both,TrainerItemDB,REWARD_ITEM_CANDIDATE,single-player AddItem path; persistence unverified
item_184902178,184902178,Items.184902178,Items.184902178,Tutorials.Tools&Apps.UGC,survival_guide,both,TrainerItemDB,REWARD_ITEM_CANDIDATE,single-player AddItem path; persistence unverified
item_691624321,691624321,Items.691624321,Items.691624321,Tutorials.Tools&Apps.ctosScan,survival_guide,both,TrainerItemDB,REWARD_ITEM_CANDIDATE,single-player AddItem path; persistence unverified
item_1549007294,1549007294,Items.1549007294,Items.1549007294,WorldmapTips,survival_guide,both,TrainerItemDB,REWARD_ITEM_CANDIDATE,single-player AddItem path; persistence unverified
item_68990396,68990396,Items.68990396,Items.68990396,WorldmapTips.CashRun,survival_guide,both,TrainerItemDB,REWARD_ITEM_CANDIDATE,single-player AddItem path; persistence unverified
item_4283042279,4283042279,Items.4283042279,Items.4283042279,WorldmapTips.CashRun.dlc01_DLCCashRun,survival_guide,dlc_solo,TrainerItemDB,REWARD_ITEM_CANDIDATE,single-player AddItem path; persistence unverified
item_3359787942,3359787942,Items.3359787942,Items.3359787942,WorldmapTips.Chess,survival_guide,both,TrainerItemDB,REWARD_ITEM_CANDIDATE,single-player AddItem path; persistence unverified
item_490132512,490132512,Items.490132512,Items.490132512,WorldmapTips.ClothingShop,survival_guide,both,TrainerItemDB,REWARD_ITEM_CANDIDATE,single-player AddItem path; persistence unverified
item_3192729963,3192729963,Items.3192729963,Items.3192729963,WorldmapTips.ClothingShop.dlc01_DLCClothingShop,survival_guide,dlc_solo,TrainerItemDB,REWARD_ITEM_CANDIDATE,single-player AddItem path; persistence unverified
item_3940140025,3940140025,Items.3940140025,Items.3940140025,WorldmapTips.DigitalTrip,survival_guide,both,TrainerItemDB,REWARD_ITEM_CANDIDATE,single-player AddItem path; persistence unverified
item_2390047690,2390047690,Items.2390047690,Items.2390047690,WorldmapTips.DigitalTrip.dlc01_DLCDigitalTrip,survival_guide,dlc_solo,TrainerItemDB,REWARD_ITEM_CANDIDATE,single-player AddItem path; persistence unverified
item_985807400,985807400,Items.985807400,Items.985807400,WorldmapTips.DrinkingGame,survival_guide,both,TrainerItemDB,REWARD_ITEM_CANDIDATE,single-player AddItem path; persistence unverified
item_2182265081,2182265081,Items.2182265081,Items.2182265081,WorldmapTips.Flashback,survival_guide,both,TrainerItemDB,REWARD_ITEM_CANDIDATE,single-player AddItem path; persistence unverified
item_1757405128,1757405128,Items.1757405128,Items.1757405128,WorldmapTips.GunShop,survival_guide,both,TrainerItemDB,REWARD_ITEM_CANDIDATE,single-player AddItem path; persistence unverified
item_2145810697,2145810697,Items.2145810697,Items.2145810697,WorldmapTips.LTrain,survival_guide,both,TrainerItemDB,REWARD_ITEM_CANDIDATE,single-player AddItem path; persistence unverified
item_1380081839,1380081839,Items.1380081839,Items.1380081839,WorldmapTips.LTrain.dlc01_DLCLTrain,survival_guide,dlc_solo,TrainerItemDB,REWARD_ITEM_CANDIDATE,single-player AddItem path; persistence unverified
item_480613822,480613822,Items.480613822,Items.480613822,WorldmapTips.NVZN,survival_guide,both,TrainerItemDB,REWARD_ITEM_CANDIDATE,single-player AddItem path; persistence unverified
item_191832794,191832794,Items.191832794,Items.191832794,WorldmapTips.NVZN.dlc01_DLCNVZN,survival_guide,dlc_solo,TrainerItemDB,REWARD_ITEM_CANDIDATE,single-player AddItem path; persistence unverified
item_253519967,253519967,Items.253519967,Items.253519967,WorldmapTips.PawnShop,survival_guide,both,TrainerItemDB,REWARD_ITEM_CANDIDATE,single-player AddItem path; persistence unverified
item_2618402951,2618402951,Items.2618402951,Items.2618402951,WorldmapTips.Pharmacy,survival_guide,both,TrainerItemDB,REWARD_ITEM_CANDIDATE,single-player AddItem path; persistence unverified
item_508526129,508526129,Items.508526129,Items.508526129,WorldmapTips.Poker,survival_guide,both,TrainerItemDB,REWARD_ITEM_CANDIDATE,single-player AddItem path; persistence unverified
item_3516328350,3516328350,Items.3516328350,Items.3516328350,WorldmapTips.Restaurant,survival_guide,both,TrainerItemDB,REWARD_ITEM_CANDIDATE,single-player AddItem path; persistence unverified
item_3133325772,3133325772,Items.3133325772,Items.3133325772,WorldmapTips.ShellGame,survival_guide,both,TrainerItemDB,REWARD_ITEM_CANDIDATE,single-player AddItem path; persistence unverified
item_4018650950,4018650950,Items.4018650950,Items.4018650950,WorldmapTips.SlotsClassic,survival_guide,both,TrainerItemDB,REWARD_ITEM_CANDIDATE,single-player AddItem path; persistence unverified
item_2327260719,2327260719,Items.2327260719,Items.2327260719,WorldmapTips.SlotsMulti,survival_guide,both,TrainerItemDB,REWARD_ITEM_CANDIDATE,single-player AddItem path; persistence unverified
item_2875001086,2875001086,Items.2875001086,Items.2875001086,WorldmapTips.SlotsNudge,survival_guide,both,TrainerItemDB,REWARD_ITEM_CANDIDATE,single-player AddItem path; persistence unverified
item_3696251801,3696251801,Items.3696251801,Items.3696251801,WorldmapTips.TobiasCraftingShop,survival_guide,both,TrainerItemDB,REWARD_ITEM_CANDIDATE,single-player AddItem path; persistence unverified
item_261597819,261597819,Items.261597819,Items.261597819,WorldmapTips.ctOSControlCenter,survival_guide,both,TrainerItemDB,REWARD_ITEM_CANDIDATE,single-player AddItem path; persistence unverified
item_3028164433,3028164433,Items.3028164433,Items.3028164433,WorldmapTips.ctOSStingrayTowers,survival_guide,both,TrainerItemDB,REWARD_ITEM_CANDIDATE,single-player AddItem path; persistence unverified
item_421683298,421683298,Items.421683298,Items.421683298,dlc01_Default,survival_guide,dlc_solo,TrainerItemDB,REWARD_ITEM_CANDIDATE,single-player AddItem path; persistence unverified
item_3332577919,3332577919,Items.3332577919,Items.3332577919,dlc01_Default.ChicagoClub,survival_guide,dlc_solo,TrainerItemDB,REWARD_ITEM_CANDIDATE,single-player AddItem path; persistence unverified
item_3450627598,3450627598,Items.3450627598,Items.3450627598,dlc01_Default.Fixers,survival_guide,dlc_solo,TrainerItemDB,REWARD_ITEM_CANDIDATE,single-player AddItem path; persistence unverified
item_1725129547,1725129547,Items.1725129547,Items.1725129547,dlc01_Default.Militia,survival_guide,dlc_solo,TrainerItemDB,REWARD_ITEM_CANDIDATE,single-player AddItem path; persistence unverified
item_1832764556,1832764556,Items.1832764556,Items.1832764556,3DMap,apps,both,TrainerItemDB,REWARD_ITEM_CANDIDATE,single-player AddItem path; persistence unverified
item_313010140,313010140,Items.313010140,Items.313010140,3DMonitoringMap,apps,both,TrainerItemDB,REWARD_ITEM_CANDIDATE,single-player AddItem path; persistence unverified
item_3739435410,3739435410,Items.3739435410,Items.3739435410,AOS,apps,both,TrainerItemDB,REWARD_ITEM_CANDIDATE,single-player AddItem path; persistence unverified
item_4245317723,4245317723,Items.4245317723,Items.4245317723,AlienInvasion,apps,both,TrainerItemDB,REWARD_ITEM_CANDIDATE,single-player AddItem path; persistence unverified
item_4220210663,4220210663,Items.4220210663,Items.4220210663,AudioLogs,apps,both,TrainerItemDB,REWARD_ITEM_CANDIDATE,single-player AddItem path; persistence unverified
item_2230690128,2230690128,Items.2230690128,Items.2230690128,Blackout,apps,both,TrainerItemDB,REWARD_ITEM_CANDIDATE,single-player AddItem path; persistence unverified
item_3788408606,3788408606,Items.3788408606,Items.3788408606,Chat,apps,both,TrainerItemDB,REWARD_ITEM_CANDIDATE,single-player AddItem path; persistence unverified
item_3710558211,3710558211,Items.3710558211,Items.3710558211,CityTraveller,apps,both,TrainerItemDB,REWARD_ITEM_CANDIDATE,single-player AddItem path; persistence unverified
item_4143016456,4143016456,Items.4143016456,Items.4143016456,ContractResults,apps,both,TrainerItemDB,REWARD_ITEM_CANDIDATE,single-player AddItem path; persistence unverified
item_1025829032,1025829032,Items.1025829032,Items.1025829032,ContractVote,apps,both,TrainerItemDB,REWARD_ITEM_CANDIDATE,single-player AddItem path; persistence unverified
item_2435524289,2435524289,Items.2435524289,Items.2435524289,CtOsScramble,apps,both,TrainerItemDB,REWARD_ITEM_CANDIDATE,single-player AddItem path; persistence unverified
item_3769310271,3769310271,Items.3769310271,Items.3769310271,DisruptComm,apps,both,TrainerItemDB,REWARD_ITEM_CANDIDATE,single-player AddItem path; persistence unverified
item_1651390100,1651390100,Items.1651390100,Items.1651390100,DownloadFeedback,apps,both,TrainerItemDB,REWARD_ITEM_CANDIDATE,single-player AddItem path; persistence unverified
item_102507006,102507006,Items.102507006,Items.102507006,DrivingMission,apps,both,TrainerItemDB,REWARD_ITEM_CANDIDATE,single-player AddItem path; persistence unverified
item_3922023780,3922023780,Items.3922023780,Items.3922023780,ElectronicWarfare,apps,both,TrainerItemDB,REWARD_ITEM_CANDIDATE,single-player AddItem path; persistence unverified
item_1948619389,1948619389,Items.1948619389,Items.1948619389,EnemyScan,apps,both,TrainerItemDB,REWARD_ITEM_CANDIDATE,single-player AddItem path; persistence unverified
item_2837541666,2837541666,Items.2837541666,Items.2837541666,FastTravelMap,apps,both,TrainerItemDB,REWARD_ITEM_CANDIDATE,single-player AddItem path; persistence unverified
item_2794807171,2794807171,Items.2794807171,Items.2794807171,FixerApp,apps,both,TrainerItemDB,REWARD_ITEM_CANDIDATE,single-player AddItem path; persistence unverified
item_3006894655,3006894655,Items.3006894655,Items.3006894655,GoToMulti,apps,both,TrainerItemDB,REWARD_ITEM_CANDIDATE,single-player AddItem path; persistence unverified
item_215832186,215832186,Items.215832186,Items.215832186,GoToSingle,apps,both,TrainerItemDB,REWARD_ITEM_CANDIDATE,single-player AddItem path; persistence unverified
item_4010286287,4010286287,Items.4010286287,Items.4010286287,GoldRushApp,apps,both,TrainerItemDB,REWARD_ITEM_CANDIDATE,single-player AddItem path; persistence unverified
item_1938175329,1938175329,Items.1938175329,Items.1938175329,HackedFeedback,apps,both,TrainerItemDB,REWARD_ITEM_CANDIDATE,single-player AddItem path; persistence unverified
item_1519546090,1519546090,Items.1519546090,Items.1519546090,HackingNetwork,apps,both,TrainerItemDB,REWARD_ITEM_CANDIDATE,single-player AddItem path; persistence unverified
item_1981774860,1981774860,Items.1981774860,Items.1981774860,HideOut,apps,both,TrainerItemDB,REWARD_ITEM_CANDIDATE,single-player AddItem path; persistence unverified
item_3575176514,3575176514,Items.3575176514,Items.3575176514,InGameScoreboard,apps,both,TrainerItemDB,REWARD_ITEM_CANDIDATE,single-player AddItem path; persistence unverified
item_908462939,908462939,Items.908462939,Items.908462939,Leaderboard,apps,both,TrainerItemDB,REWARD_ITEM_CANDIDATE,single-player AddItem path; persistence unverified
item_471340535,471340535,Items.471340535,Items.471340535,Loadout,apps,both,TrainerItemDB,REWARD_ITEM_CANDIDATE,single-player AddItem path; persistence unverified
item_3569413066,3569413066,Items.3569413066,Items.3569413066,Message,apps,both,TrainerItemDB,REWARD_ITEM_CANDIDATE,single-player AddItem path; persistence unverified
item_3763964849,3763964849,Items.3763964849,Items.3763964849,MusicPlayer,apps,both,TrainerItemDB,REWARD_ITEM_CANDIDATE,single-player AddItem path; persistence unverified
item_3024689468,3024689468,Items.3024689468,Items.3024689468,Nitro,apps,both,TrainerItemDB,REWARD_ITEM_CANDIDATE,single-player AddItem path; persistence unverified
item_3024689469,3024689469,Items.3024689469,Items.3024689469,NitroSchematic,apps,both,TrainerItemDB,REWARD_ITEM_CANDIDATE,single-player AddItem path; persistence unverified
item_4214187128,4214187128,Items.4214187128,Items.4214187128,OnlineStore,apps,both,TrainerItemDB,REWARD_ITEM_CANDIDATE,single-player AddItem path; persistence unverified
item_703529790,703529790,Items.703529790,Items.703529790,PdaRadio,apps,both,TrainerItemDB,REWARD_ITEM_CANDIDATE,single-player AddItem path; persistence unverified
item_3460147886,3460147886,Items.3460147886,Items.3460147886,PhoneCall,apps,both,TrainerItemDB,REWARD_ITEM_CANDIDATE,single-player AddItem path; persistence unverified
item_1325222223,1325222223,Items.1325222223,Items.1325222223,PlayerProfile,apps,both,TrainerItemDB,REWARD_ITEM_CANDIDATE,single-player AddItem path; persistence unverified
item_674838806,674838806,Items.674838806,Items.674838806,Shop,apps,both,TrainerItemDB,REWARD_ITEM_CANDIDATE,single-player AddItem path; persistence unverified
item_2704647122,2704647122,Items.2704647122,Items.2704647122,Singleplayer,apps,both,TrainerItemDB,REWARD_ITEM_CANDIDATE,single-player AddItem path; persistence unverified
item_1106022159,1106022159,Items.1106022159,Items.1106022159,SkillTree,apps,both,TrainerItemDB,REWARD_ITEM_CANDIDATE,single-player AddItem path; persistence unverified
item_754433273,754433273,Items.754433273,Items.754433273,SongSneak,apps,both,TrainerItemDB,REWARD_ITEM_CANDIDATE,single-player AddItem path; persistence unverified
item_1832822510,1832822510,Items.1832822510,Items.1832822510,Statistics,apps,both,TrainerItemDB,REWARD_ITEM_CANDIDATE,single-player AddItem path; persistence unverified
item_476559478,476559478,Items.476559478,Items.476559478,StatisticsPlayer,apps,both,TrainerItemDB,REWARD_ITEM_CANDIDATE,single-player AddItem path; persistence unverified
item_30232709,30232709,Items.30232709,Items.30232709,TagEnemy,apps,both,TrainerItemDB,REWARD_ITEM_CANDIDATE,single-player AddItem path; persistence unverified
item_525016946,525016946,Items.525016946,Items.525016946,TailingFeedback,apps,both,TrainerItemDB,REWARD_ITEM_CANDIDATE,single-player AddItem path; persistence unverified
item_279105618,279105618,Items.279105618,Items.279105618,UGC,apps,both,TrainerItemDB,REWARD_ITEM_CANDIDATE,single-player AddItem path; persistence unverified
item_4171911383,4171911383,Items.4171911383,Items.4171911383,UGCEditor,apps,both,TrainerItemDB,REWARD_ITEM_CANDIDATE,single-player AddItem path; persistence unverified
item_2798595266,2798595266,Items.2798595266,Items.2798595266,dlc01_Gangwars,apps,dlc_solo,TrainerItemDB,REWARD_ITEM_CANDIDATE,single-player AddItem path; persistence unverified
item_994371392,994371392,Items.994371392,Items.994371392,dlc01_ScoreDebrief,apps,dlc_solo,TrainerItemDB,REWARD_ITEM_CANDIDATE,single-player AddItem path; persistence unverified
item_1806799992,1806799992,Items.1806799992,Items.1806799992,A01_D00_DriveCall01,mission_tokens,both,TrainerItemDB,REWARD_ITEM_CANDIDATE,single-player AddItem path; persistence unverified
item_3195453049,3195453049,Items.3195453049,Items.3195453049,A01_D00_DriveCall02,mission_tokens,both,TrainerItemDB,REWARD_ITEM_CANDIDATE,single-player AddItem path; persistence unverified
item_903378053,903378053,Items.903378053,Items.903378053,A01_F01_ChessAndDamien,mission_tokens,both,TrainerItemDB,REWARD_ITEM_CANDIDATE,single-player AddItem path; persistence unverified
item_1132017667,1132017667,Items.1132017667,Items.1132017667,A01_M01,mission_tokens,both,TrainerItemDB,REWARD_ITEM_CANDIDATE,single-player AddItem path; persistence unverified
item_4263581453,4263581453,Items.4263581453,Items.4263581453,A01_M01_BaseballPhone01,mission_tokens,both,TrainerItemDB,REWARD_ITEM_CANDIDATE,single-player AddItem path; persistence unverified
item_1730692791,1730692791,Items.1730692791,Items.1730692791,A01_M01_BaseballPhone02,mission_tokens,both,TrainerItemDB,REWARD_ITEM_CANDIDATE,single-player AddItem path; persistence unverified
item_2761321233,2761321233,Items.2761321233,Items.2761321233,A01_M01_BaseballPhone03,mission_tokens,both,TrainerItemDB,REWARD_ITEM_CANDIDATE,single-player AddItem path; persistence unverified
item_989003442,989003442,Items.989003442,Items.989003442,A01_M01_BaseballPhone04,mission_tokens,both,TrainerItemDB,REWARD_ITEM_CANDIDATE,single-player AddItem path; persistence unverified
item_1307954724,1307954724,Items.1307954724,Items.1307954724,A01_M01_BaseballPhone05,mission_tokens,both,TrainerItemDB,REWARD_ITEM_CANDIDATE,single-player AddItem path; persistence unverified
item_2989180083,2989180083,Items.2989180083,Items.2989180083,A01_M01_BlackoutShock,mission_tokens,both,TrainerItemDB,REWARD_ITEM_CANDIDATE,single-player AddItem path; persistence unverified
item_1689068896,1689068896,Items.1689068896,Items.1689068896,A01_M01_FixerPhone01,mission_tokens,both,TrainerItemDB,REWARD_ITEM_CANDIDATE,single-player AddItem path; persistence unverified
item_4255413466,4255413466,Items.4255413466,Items.4255413466,A01_M01_FixerPhone02,mission_tokens,both,TrainerItemDB,REWARD_ITEM_CANDIDATE,single-player AddItem path; persistence unverified
item_2217237225,2217237225,Items.2217237225,Items.2217237225,A01_M01_UnlockStadium,mission_tokens,both,TrainerItemDB,REWARD_ITEM_CANDIDATE,single-player AddItem path; persistence unverified
item_3646404205,3646404205,Items.3646404205,Items.3646404205,A01_M01_UnlockStadium.A01_M01_UnlockStadium_Dummy,mission_tokens,both,TrainerItemDB,REWARD_ITEM_CANDIDATE,single-player AddItem path; persistence unverified
item_1490273287,1490273287,Items.1490273287,Items.1490273287,A01_M03_NikkiCPU,mission_tokens,both,TrainerItemDB,REWARD_ITEM_CANDIDATE,single-player AddItem path; persistence unverified
item_2098059167,2098059167,Items.2098059167,Items.2098059167,A01_M03_UnlockCarOnDemand,mission_tokens,both,TrainerItemDB,REWARD_ITEM_CANDIDATE,single-player AddItem path; persistence unverified
item_1539620388,1539620388,Items.1539620388,Items.1539620388,A01_M03b_CashForGunshop,mission_tokens,both,TrainerItemDB,REWARD_ITEM_CANDIDATE,single-player AddItem path; persistence unverified
item_198522905,198522905,Items.198522905,Items.198522905,A01_M03b_UnlockWeapon,mission_tokens,both,TrainerItemDB,REWARD_ITEM_CANDIDATE,single-player AddItem path; persistence unverified
item_2587867975,2587867975,Items.2587867975,Items.2587867975,A01_M04_HubUnlock01,mission_tokens,both,TrainerItemDB,REWARD_ITEM_CANDIDATE,single-player AddItem path; persistence unverified
item_53930749,53930749,Items.53930749,Items.53930749,A01_M04_HubUnlock02,mission_tokens,both,TrainerItemDB,REWARD_ITEM_CANDIDATE,single-player AddItem path; persistence unverified
item_1173020069,1173020069,Items.1173020069,Items.1173020069,A01_M05_BadBoy,mission_tokens,both,TrainerItemDB,REWARD_ITEM_CANDIDATE,single-player AddItem path; persistence unverified
item_1010737107,1010737107,Items.1010737107,Items.1010737107,A01_M05_Creepy,mission_tokens,both,TrainerItemDB,REWARD_ITEM_CANDIDATE,single-player AddItem path; persistence unverified
item_3776109260,3776109260,Items.3776109260,Items.3776109260,A01_M05_Creepy,mission_tokens,both,TrainerItemDB,REWARD_ITEM_CANDIDATE,single-player AddItem path; persistence unverified
item_3709709728,3709709728,Items.3709709728,Items.3709709728,A01_M06,mission_tokens,both,TrainerItemDB,REWARD_ITEM_CANDIDATE,single-player AddItem path; persistence unverified
item_1134768000,1134768000,Items.1134768000,Items.1134768000,A01_M06_UnlockCTOS,mission_tokens,both,TrainerItemDB,REWARD_ITEM_CANDIDATE,single-player AddItem path; persistence unverified
item_2613963084,2613963084,Items.2613963084,Items.2613963084,A01_M06_ctOSAnomaly01,mission_tokens,both,TrainerItemDB,REWARD_ITEM_CANDIDATE,single-player AddItem path; persistence unverified
item_46446838,46446838,Items.46446838,Items.46446838,A01_M06_ctOSAnomaly02,mission_tokens,both,TrainerItemDB,REWARD_ITEM_CANDIDATE,single-player AddItem path; persistence unverified
item_685767630,685767630,Items.685767630,Items.685767630,A01_M07_UnlockVR,mission_tokens,both,TrainerItemDB,REWARD_ITEM_CANDIDATE,single-player AddItem path; persistence unverified
item_3928921328,3928921328,Items.3928921328,Items.3928921328,A01_M07_UnlockVR.BLOCKED,mission_tokens,both,TrainerItemDB,REWARD_ITEM_CANDIDATE,single-player AddItem path; persistence unverified
item_2167939894,2167939894,Items.2167939894,Items.2167939894,A01_M10_PhoneCam,mission_tokens,both,TrainerItemDB,REWARD_ITEM_CANDIDATE,single-player AddItem path; persistence unverified
item_1468377985,1468377985,Items.1468377985,Items.1468377985,A01_M10_Prison01,mission_tokens,both,TrainerItemDB,REWARD_ITEM_CANDIDATE,single-player AddItem path; persistence unverified
item_1524171409,1524171409,Items.1524171409,Items.1524171409,A01_M10_Prison02,mission_tokens,both,TrainerItemDB,REWARD_ITEM_CANDIDATE,single-player AddItem path; persistence unverified
item_1590077622,1590077622,Items.1590077622,Items.1590077622,A01_M11_ConfrontDamien,mission_tokens,both,TrainerItemDB,REWARD_ITEM_CANDIDATE,single-player AddItem path; persistence unverified
item_1214328651,1214328651,Items.1214328651,Items.1214328651,A02_F01_DoorAAccessID,mission_tokens,both,TrainerItemDB,REWARD_ITEM_CANDIDATE,single-player AddItem path; persistence unverified
item_3492656462,3492656462,Items.3492656462,Items.3492656462,A02_F01_NPCPhone01,mission_tokens,both,TrainerItemDB,REWARD_ITEM_CANDIDATE,single-player AddItem path; persistence unverified
item_1227154676,1227154676,Items.1227154676,Items.1227154676,A02_F01_NPCPhone02,mission_tokens,both,TrainerItemDB,REWARD_ITEM_CANDIDATE,single-player AddItem path; persistence unverified
item_1042535522,1042535522,Items.1042535522,Items.1042535522,A02_F01_NPCPhone03,mission_tokens,both,TrainerItemDB,REWARD_ITEM_CANDIDATE,single-player AddItem path; persistence unverified
item_2590278721,2590278721,Items.2590278721,Items.2590278721,A02_F01_Racine01,mission_tokens,both,TrainerItemDB,REWARD_ITEM_CANDIDATE,single-player AddItem path; persistence unverified
item_57529851,57529851,Items.57529851,Items.57529851,A02_F01_Racine02,mission_tokens,both,TrainerItemDB,REWARD_ITEM_CANDIDATE,single-player AddItem path; persistence unverified
item_3103695142,3103695142,Items.3103695142,Items.3103695142,A02_F01_RewardEndMission,mission_tokens,both,TrainerItemDB,REWARD_ITEM_CANDIDATE,single-player AddItem path; persistence unverified
item_4192297169,4192297169,Items.4192297169,Items.4192297169,A02_F02_DedSec,mission_tokens,both,TrainerItemDB,REWARD_ITEM_CANDIDATE,single-player AddItem path; persistence unverified
item_3256061356,3256061356,Items.3256061356,Items.3256061356,A02_F02_JacksonMsg,mission_tokens,both,TrainerItemDB,REWARD_ITEM_CANDIDATE,single-player AddItem path; persistence unverified
item_604123416,604123416,Items.604123416,Items.604123416,A02_F02_PearceToBadBoy,mission_tokens,both,TrainerItemDB,REWARD_ITEM_CANDIDATE,single-player AddItem path; persistence unverified
item_1735272429,1735272429,Items.1735272429,Items.1735272429,A02_M00_SideProject01,mission_tokens,both,TrainerItemDB,REWARD_ITEM_CANDIDATE,single-player AddItem path; persistence unverified
item_4268193367,4268193367,Items.4268193367,Items.4268193367,A02_M00_SideProject02,mission_tokens,both,TrainerItemDB,REWARD_ITEM_CANDIDATE,single-player AddItem path; persistence unverified
item_407637189,407637189,Items.407637189,Items.407637189,A02_M02_FindJackson01,mission_tokens,both,TrainerItemDB,REWARD_ITEM_CANDIDATE,single-player AddItem path; persistence unverified
item_489007623,489007623,Items.489007623,Items.489007623,A02_M02_GaveOneTimeTrainHack,mission_tokens,both,TrainerItemDB,REWARD_ITEM_CANDIDATE,single-player AddItem path; persistence unverified
item_1957934684,1957934684,Items.1957934684,Items.1957934684,A02_M04,mission_tokens,both,TrainerItemDB,REWARD_ITEM_CANDIDATE,single-player AddItem path; persistence unverified
item_3179683406,3179683406,Items.3179683406,Items.3179683406,A02_M04_FlushOutTobias01,mission_tokens,both,TrainerItemDB,REWARD_ITEM_CANDIDATE,single-player AddItem path; persistence unverified
item_2438210950,2438210950,Items.2438210950,Items.2438210950,A02_M04_Unlock_IllegalGunshop,mission_tokens,both,TrainerItemDB,REWARD_ITEM_CANDIDATE,single-player AddItem path; persistence unverified
item_62162634,62162634,Items.62162634,Items.62162634,A02_M05,mission_tokens,both,TrainerItemDB,REWARD_ITEM_CANDIDATE,single-player AddItem path; persistence unverified
item_260740294,260740294,Items.260740294,Items.260740294,A02_M05_UnlockHQ,mission_tokens,both,TrainerItemDB,REWARD_ITEM_CANDIDATE,single-player AddItem path; persistence unverified
item_281855046,281855046,Items.281855046,Items.281855046,A02_M06_ViceroysHubUnlock01,mission_tokens,both,TrainerItemDB,REWARD_ITEM_CANDIDATE,single-player AddItem path; persistence unverified
item_2311427580,2311427580,Items.2311427580,Items.2311427580,A02_M06_ViceroysHubUnlock02,mission_tokens,both,TrainerItemDB,REWARD_ITEM_CANDIDATE,single-player AddItem path; persistence unverified
item_2890185048,2890185048,Items.2890185048,Items.2890185048,A02_M07_PC01,mission_tokens,both,TrainerItemDB,REWARD_ITEM_CANDIDATE,single-player AddItem path; persistence unverified
item_894298338,894298338,Items.894298338,Items.894298338,A02_M07_PC02,mission_tokens,both,TrainerItemDB,REWARD_ITEM_CANDIDATE,single-player AddItem path; persistence unverified
item_1112201332,1112201332,Items.1112201332,Items.1112201332,A02_M07_PC03,mission_tokens,both,TrainerItemDB,REWARD_ITEM_CANDIDATE,single-player AddItem path; persistence unverified
item_3313778823,3313778823,Items.3313778823,Items.3313778823,A02_M07_ViceroyPhone01,mission_tokens,both,TrainerItemDB,REWARD_ITEM_CANDIDATE,single-player AddItem path; persistence unverified
item_1552748861,1552748861,Items.1552748861,Items.1552748861,A02_M07_ViceroyPhone02,mission_tokens,both,TrainerItemDB,REWARD_ITEM_CANDIDATE,single-player AddItem path; persistence unverified
item_788568537,788568537,Items.788568537,Items.788568537,A02_M08_PhoneCam,mission_tokens,both,TrainerItemDB,REWARD_ITEM_CANDIDATE,single-player AddItem path; persistence unverified
item_4232229846,4232229846,Items.4232229846,Items.4232229846,A02_M08_WhoIsBedbug01,mission_tokens,both,TrainerItemDB,REWARD_ITEM_CANDIDATE,single-player AddItem path; persistence unverified
item_1699471980,1699471980,Items.1699471980,Items.1699471980,A02_M08_WhoIsBedbug02,mission_tokens,both,TrainerItemDB,REWARD_ITEM_CANDIDATE,single-player AddItem path; persistence unverified
item_1450881424,1450881424,Items.1450881424,Items.1450881424,A02_M08c_JordiExplosives,mission_tokens,both,TrainerItemDB,REWARD_ITEM_CANDIDATE,single-player AddItem path; persistence unverified
item_3842422316,3842422316,Items.3842422316,Items.3842422316,A02_M09_ViceroyPhone01,mission_tokens,both,TrainerItemDB,REWARD_ITEM_CANDIDATE,single-player AddItem path; persistence unverified
item_2081417110,2081417110,Items.2081417110,Items.2081417110,A02_M09_ViceroyPhone02,mission_tokens,both,TrainerItemDB,REWARD_ITEM_CANDIDATE,single-player AddItem path; persistence unverified
item_1881067610,1881067610,Items.1881067610,Items.1881067610,A02_M09a_BadBoy,mission_tokens,both,TrainerItemDB,REWARD_ITEM_CANDIDATE,single-player AddItem path; persistence unverified
item_152581111,152581111,Items.152581111,Items.152581111,A02_M09b_CrispinAgenda,mission_tokens,both,TrainerItemDB,REWARD_ITEM_CANDIDATE,single-player AddItem path; persistence unverified
item_3166728530,3166728530,Items.3166728530,Items.3166728530,A02_M09b_DownloadActive,mission_tokens,both,TrainerItemDB,REWARD_ITEM_CANDIDATE,single-player AddItem path; persistence unverified
item_3877675986,3877675986,Items.3877675986,Items.3877675986,A02_M09b_IdentityTheft01,mission_tokens,both,TrainerItemDB,REWARD_ITEM_CANDIDATE,single-player AddItem path; persistence unverified
item_2116678248,2116678248,Items.2116678248,Items.2116678248,A02_M09b_IdentityTheft02,mission_tokens,both,TrainerItemDB,REWARD_ITEM_CANDIDATE,single-player AddItem path; persistence unverified
item_241378054,241378054,Items.241378054,Items.241378054,A02_M09c_AuctionBidder01,mission_tokens,both,TrainerItemDB,REWARD_ITEM_CANDIDATE,single-player AddItem path; persistence unverified
item_2540335804,2540335804,Items.2540335804,Items.2540335804,A02_M09c_AuctionBidder02,mission_tokens,both,TrainerItemDB,REWARD_ITEM_CANDIDATE,single-player AddItem path; persistence unverified
item_3765256746,3765256746,Items.3765256746,Items.3765256746,A02_M09c_AuctionBidder03,mission_tokens,both,TrainerItemDB,REWARD_ITEM_CANDIDATE,single-player AddItem path; persistence unverified
item_2114574217,2114574217,Items.2114574217,Items.2114574217,A02_M09c_AuctionBidder04,mission_tokens,both,TrainerItemDB,REWARD_ITEM_CANDIDATE,single-player AddItem path; persistence unverified
item_151971615,151971615,Items.151971615,Items.151971615,A02_M09c_AuctionBidder05,mission_tokens,both,TrainerItemDB,REWARD_ITEM_CANDIDATE,single-player AddItem path; persistence unverified
item_2416424613,2416424613,Items.2416424613,Items.2416424613,A02_M09c_AuctionBidder06,mission_tokens,both,TrainerItemDB,REWARD_ITEM_CANDIDATE,single-player AddItem path; persistence unverified
item_3875571251,3875571251,Items.3875571251,Items.3875571251,A02_M09c_AuctionBidder07,mission_tokens,both,TrainerItemDB,REWARD_ITEM_CANDIDATE,single-player AddItem path; persistence unverified
item_2009045922,2009045922,Items.2009045922,Items.2009045922,A02_M09c_AuctionBidder08,mission_tokens,both,TrainerItemDB,REWARD_ITEM_CANDIDATE,single-player AddItem path; persistence unverified
item_12102452,12102452,Items.12102452,Items.12102452,A02_M09c_AuctionBidder09,mission_tokens,both,TrainerItemDB,REWARD_ITEM_CANDIDATE,single-player AddItem path; persistence unverified
item_1618944721,1618944721,Items.1618944721,Items.1618944721,A02_M09c_AuctionBidder10,mission_tokens,both,TrainerItemDB,REWARD_ITEM_CANDIDATE,single-player AddItem path; persistence unverified
item_393744967,393744967,Items.393744967,Items.393744967,A02_M09c_AuctionBidder11,mission_tokens,both,TrainerItemDB,REWARD_ITEM_CANDIDATE,single-player AddItem path; persistence unverified
item_2389787645,2389787645,Items.2389787645,Items.2389787645,A02_M09c_AuctionBidder12,mission_tokens,both,TrainerItemDB,REWARD_ITEM_CANDIDATE,single-player AddItem path; persistence unverified
item_4185289579,4185289579,Items.4185289579,Items.4185289579,A02_M09c_AuctionBidder13,mission_tokens,both,TrainerItemDB,REWARD_ITEM_CANDIDATE,single-player AddItem path; persistence unverified
item_1729291976,1729291976,Items.1729291976,Items.1729291976,A02_M09c_AuctionBidder14,mission_tokens,both,TrainerItemDB,REWARD_ITEM_CANDIDATE,single-player AddItem path; persistence unverified
item_269866590,269866590,Items.269866590,Items.269866590,A02_M09c_AuctionBidder15,mission_tokens,both,TrainerItemDB,REWARD_ITEM_CANDIDATE,single-player AddItem path; persistence unverified
item_4056561176,4056561176,Items.4056561176,Items.4056561176,A02_M09c_AuctionClientGraften,mission_tokens,both,TrainerItemDB,REWARD_ITEM_CANDIDATE,single-player AddItem path; persistence unverified
item_3263417826,3263417826,Items.3263417826,Items.3263417826,A02_M09c_AuctionClientKramer,mission_tokens,both,TrainerItemDB,REWARD_ITEM_CANDIDATE,single-player AddItem path; persistence unverified
item_2352454709,2352454709,Items.2352454709,Items.2352454709,A02_M09c_AuctionClientPeccorino,mission_tokens,both,TrainerItemDB,REWARD_ITEM_CANDIDATE,single-player AddItem path; persistence unverified
item_2297687433,2297687433,Items.2297687433,Items.2297687433,A02_M09c_DeMarco,mission_tokens,both,TrainerItemDB,REWARD_ITEM_CANDIDATE,single-player AddItem path; persistence unverified
item_833228454,833228454,Items.833228454,Items.833228454,A02_M09c_IRAQAlert,mission_tokens,both,TrainerItemDB,REWARD_ITEM_CANDIDATE,single-player AddItem path; persistence unverified
item_2018250263,2018250263,Items.2018250263,Items.2018250263,A02_M09c_Viceroy01,mission_tokens,both,TrainerItemDB,REWARD_ITEM_CANDIDATE,single-player AddItem path; persistence unverified
item_3779420077,3779420077,Items.3779420077,Items.3779420077,A02_M09c_Viceroy02,mission_tokens,both,TrainerItemDB,REWARD_ITEM_CANDIDATE,single-player AddItem path; persistence unverified
item_2520936251,2520936251,Items.2520936251,Items.2520936251,A02_M09c_Viceroy03,mission_tokens,both,TrainerItemDB,REWARD_ITEM_CANDIDATE,single-player AddItem path; persistence unverified
item_136772248,136772248,Items.136772248,Items.136772248,A02_M09c_Viceroy04,mission_tokens,both,TrainerItemDB,REWARD_ITEM_CANDIDATE,single-player AddItem path; persistence unverified
item_2132920846,2132920846,Items.2132920846,Items.2132920846,A02_M09c_Viceroy05,mission_tokens,both,TrainerItemDB,REWARD_ITEM_CANDIDATE,single-player AddItem path; persistence unverified
item_1581026254,1581026254,Items.1581026254,Items.1581026254,A02_M10_PearceToBedbug,mission_tokens,both,TrainerItemDB,REWARD_ITEM_CANDIDATE,single-player AddItem path; persistence unverified
item_3218830257,3218830257,Items.3218830257,Items.3218830257,A02_M10_ViceroyPhone01,mission_tokens,both,TrainerItemDB,REWARD_ITEM_CANDIDATE,single-player AddItem path; persistence unverified
item_651305483,651305483,Items.651305483,Items.651305483,A02_M10_ViceroyPhone02,mission_tokens,both,TrainerItemDB,REWARD_ITEM_CANDIDATE,single-player AddItem path; persistence unverified
item_3041155760,3041155760,Items.3041155760,Items.3041155760,A02_M12_DefaltTaunt,mission_tokens,both,TrainerItemDB,REWARD_ITEM_CANDIDATE,single-player AddItem path; persistence unverified
item_3913474323,3913474323,Items.3913474323,Items.3913474323,A03_F01_Jackson01,mission_tokens,both,TrainerItemDB,REWARD_ITEM_CANDIDATE,single-player AddItem path; persistence unverified
item_1884008617,1884008617,Items.1884008617,Items.1884008617,A03_F01_Jackson02,mission_tokens,both,TrainerItemDB,REWARD_ITEM_CANDIDATE,single-player AddItem path; persistence unverified
item_2518409682,2518409682,Items.2518409682,Items.2518409682,A03_M01,mission_tokens,both,TrainerItemDB,REWARD_ITEM_CANDIDATE,single-player AddItem path; persistence unverified
item_3168077601,3168077601,Items.3168077601,Items.3168077601,A03_M01.Email_DeadThief_001,mission_tokens,both,TrainerItemDB,REWARD_ITEM_CANDIDATE,single-player AddItem path; persistence unverified
item_2020323164,2020323164,Items.2020323164,Items.2020323164,A03_M01.Email_DeadThief_002,mission_tokens,both,TrainerItemDB,REWARD_ITEM_CANDIDATE,single-player AddItem path; persistence unverified
item_4014566358,4014566358,Items.4014566358,Items.4014566358,A03_M01_JakeAndTBone,mission_tokens,both,TrainerItemDB,REWARD_ITEM_CANDIDATE,single-player AddItem path; persistence unverified
item_1550914845,1550914845,Items.1550914845,Items.1550914845,A03_M01_ManagerEmail,mission_tokens,both,TrainerItemDB,REWARD_ITEM_CANDIDATE,single-player AddItem path; persistence unverified
item_1890336519,1890336519,Items.1890336519,Items.1890336519,A03_M01_MarinaComputer01,mission_tokens,both,TrainerItemDB,REWARD_ITEM_CANDIDATE,single-player AddItem path; persistence unverified
item_3919933117,3919933117,Items.3919933117,Items.3919933117,A03_M01_MarinaComputer02,mission_tokens,both,TrainerItemDB,REWARD_ITEM_CANDIDATE,single-player AddItem path; persistence unverified
item_2636357696,2636357696,Items.2636357696,Items.2636357696,A03_M01_MarinaEmail,mission_tokens,both,TrainerItemDB,REWARD_ITEM_CANDIDATE,single-player AddItem path; persistence unverified
item_121102656,121102656,Items.121102656,Items.121102656,A03_M01_PcTower,mission_tokens,both,TrainerItemDB,REWARD_ITEM_CANDIDATE,single-player AddItem path; persistence unverified
item_2164562040,2164562040,Items.2164562040,Items.2164562040,A03_M01_UnlockHub,mission_tokens,both,TrainerItemDB,REWARD_ITEM_CANDIDATE,single-player AddItem path; persistence unverified
item_520212251,520212251,Items.520212251,Items.520212251,A03_M02_TBonesPlace01,mission_tokens,both,TrainerItemDB,REWARD_ITEM_CANDIDATE,single-player AddItem path; persistence unverified
item_2248711841,2248711841,Items.2248711841,Items.2248711841,A03_M02_TBonesPlace02,mission_tokens,both,TrainerItemDB,REWARD_ITEM_CANDIDATE,single-player AddItem path; persistence unverified
item_3862120134,3862120134,Items.3862120134,Items.3862120134,A03_M03_BlumeClearance,mission_tokens,both,TrainerItemDB,REWARD_ITEM_CANDIDATE,single-player AddItem path; persistence unverified
item_3806455778,3806455778,Items.3806455778,Items.3806455778,A03_M03_MonitoringEmployee01,mission_tokens,both,TrainerItemDB,REWARD_ITEM_CANDIDATE,single-player AddItem path; persistence unverified
item_2078848600,2078848600,Items.2078848600,Items.2078848600,A03_M03_MonitoringEmployee02,mission_tokens,both,TrainerItemDB,REWARD_ITEM_CANDIDATE,single-player AddItem path; persistence unverified
item_4199138174,4199138174,Items.4199138174,Items.4199138174,A03_M06_BlumeInformationKiosk,mission_tokens,both,TrainerItemDB,REWARD_ITEM_CANDIDATE,single-player AddItem path; persistence unverified
item_78963747,78963747,Items.78963747,Items.78963747,A03_M06_FixerPhone01,mission_tokens,both,TrainerItemDB,REWARD_ITEM_CANDIDATE,single-player AddItem path; persistence unverified
item_2646455705,2646455705,Items.2646455705,Items.2646455705,A03_M06_FixerPhone02,mission_tokens,both,TrainerItemDB,REWARD_ITEM_CANDIDATE,single-player AddItem path; persistence unverified
item_2352287061,2352287061,Items.2352287061,Items.2352287061,A03_M06_OfficeInflitration,mission_tokens,both,TrainerItemDB,REWARD_ITEM_CANDIDATE,single-player AddItem path; persistence unverified
item_3067824215,3067824215,Items.3067824215,Items.3067824215,A03_M06_UnlockBlume,mission_tokens,both,TrainerItemDB,REWARD_ITEM_CANDIDATE,single-player AddItem path; persistence unverified
item_645092445,645092445,Items.645092445,Items.645092445,A03_M06_UnlockVR,mission_tokens,both,TrainerItemDB,REWARD_ITEM_CANDIDATE,single-player AddItem path; persistence unverified
item_724364177,724364177,Items.724364177,Items.724364177,A03_M06_UnlockVR.BLOCKED,mission_tokens,both,TrainerItemDB,REWARD_ITEM_CANDIDATE,single-player AddItem path; persistence unverified
item_321121344,321121344,Items.321121344,Items.321121344,A03_M10_Badboy17,mission_tokens,both,TrainerItemDB,REWARD_ITEM_CANDIDATE,single-player AddItem path; persistence unverified
item_2487406011,2487406011,Items.2487406011,Items.2487406011,A04_F01_NikkiRescue01,mission_tokens,both,TrainerItemDB,REWARD_ITEM_CANDIDATE,single-player AddItem path; persistence unverified
item_223058945,223058945,Items.223058945,Items.223058945,A04_F01_NikkiRescue02,mission_tokens,both,TrainerItemDB,REWARD_ITEM_CANDIDATE,single-player AddItem path; persistence unverified
item_3898770870,3898770870,Items.3898770870,Items.3898770870,A04_M04_Bouncer,mission_tokens,both,TrainerItemDB,REWARD_ITEM_CANDIDATE,single-player AddItem path; persistence unverified
item_2217244311,2217244311,Items.2217244311,Items.2217244311,A04_M04_DedSecToDefalt,mission_tokens,both,TrainerItemDB,REWARD_ITEM_CANDIDATE,single-player AddItem path; persistence unverified
item_2805596433,2805596433,Items.2805596433,Items.2805596433,A04_M04_Defalt01,mission_tokens,both,TrainerItemDB,REWARD_ITEM_CANDIDATE,single-player AddItem path; persistence unverified
item_1043550379,1043550379,Items.1043550379,Items.1043550379,A04_M04_Defalt02,mission_tokens,both,TrainerItemDB,REWARD_ITEM_CANDIDATE,single-player AddItem path; persistence unverified
item_1825990588,1825990588,Items.1825990588,Items.1825990588,A04_M04_DefaltsContract,mission_tokens,both,TrainerItemDB,REWARD_ITEM_CANDIDATE,single-player AddItem path; persistence unverified
item_3220143070,3220143070,Items.3220143070,Items.3220143070,A04_M04_DoorCodeHack,mission_tokens,both,TrainerItemDB,REWARD_ITEM_CANDIDATE,single-player AddItem path; persistence unverified
item_2368748337,2368748337,Items.2368748337,Items.2368748337,A04_M04_DotConnexionClue,mission_tokens,both,TrainerItemDB,REWARD_ITEM_CANDIDATE,single-player AddItem path; persistence unverified
item_395830622,395830622,Items.395830622,Items.395830622,A04_M04_QRCodeInvitation2,mission_tokens,both,TrainerItemDB,REWARD_ITEM_CANDIDATE,single-player AddItem path; persistence unverified
item_4123411553,4123411553,Items.4123411553,Items.4123411553,A04_M06_Club01,mission_tokens,both,TrainerItemDB,REWARD_ITEM_CANDIDATE,single-player AddItem path; persistence unverified
item_686424446,686424446,Items.686424446,Items.686424446,A04_M06_Club01,mission_tokens,both,TrainerItemDB,REWARD_ITEM_CANDIDATE,single-player AddItem path; persistence unverified
item_1825510875,1825510875,Items.1825510875,Items.1825510875,A04_M06_Club02,mission_tokens,both,TrainerItemDB,REWARD_ITEM_CANDIDATE,single-player AddItem path; persistence unverified
item_466101581,466101581,Items.466101581,Items.466101581,A04_M06_Club03,mission_tokens,both,TrainerItemDB,REWARD_ITEM_CANDIDATE,single-player AddItem path; persistence unverified
item_824564200,824564200,Items.824564200,Items.824564200,A04_M06_GenericClub04,mission_tokens,both,TrainerItemDB,REWARD_ITEM_CANDIDATE,single-player AddItem path; persistence unverified
item_1176693118,1176693118,Items.1176693118,Items.1176693118,A04_M06_GenericClub05,mission_tokens,both,TrainerItemDB,REWARD_ITEM_CANDIDATE,single-player AddItem path; persistence unverified
item_3240306874,3240306874,Items.3240306874,Items.3240306874,A04_M06_OfficeLaptop,mission_tokens,both,TrainerItemDB,REWARD_ITEM_CANDIDATE,single-player AddItem path; persistence unverified
item_2105184011,2105184011,Items.2105184011,Items.2105184011,A04_M06_PanicRoomLaptop01,mission_tokens,both,TrainerItemDB,REWARD_ITEM_CANDIDATE,single-player AddItem path; persistence unverified
item_3832798897,3832798897,Items.3832798897,Items.3832798897,A04_M06_PanicRoomLaptop02,mission_tokens,both,TrainerItemDB,REWARD_ITEM_CANDIDATE,single-player AddItem path; persistence unverified
item_2214080577,2214080577,Items.2214080577,Items.2214080577,A04_M06_Phone,mission_tokens,both,TrainerItemDB,REWARD_ITEM_CANDIDATE,single-player AddItem path; persistence unverified
item_2799448226,2799448226,Items.2799448226,Items.2799448226,A04_M07_DedSec,mission_tokens,both,TrainerItemDB,REWARD_ITEM_CANDIDATE,single-player AddItem path; persistence unverified
item_1183326714,1183326714,Items.1183326714,Items.1183326714,A05_M01_UnlockCarOnDemandAltVendor,mission_tokens,both,TrainerItemDB,REWARD_ITEM_CANDIDATE,single-player AddItem path; persistence unverified
item_2677216099,2677216099,Items.2677216099,Items.2677216099,A05_M02_Clara,mission_tokens,both,TrainerItemDB,REWARD_ITEM_CANDIDATE,single-player AddItem path; persistence unverified
item_2422692418,2422692418,Items.2422692418,Items.2422692418,ActivityRewardScreen,mission_tokens,both,TrainerItemDB,REWARD_ITEM_CANDIDATE,single-player AddItem path; persistence unverified
item_3780354973,3780354973,Items.3780354973,Items.3780354973,ActivityRewardScreen.Act1M06,mission_tokens,both,TrainerItemDB,REWARD_ITEM_CANDIDATE,single-player AddItem path; persistence unverified
item_3789329791,3789329791,Items.3789329791,Items.3789329791,ActivityRewardScreen.Act1M10,mission_tokens,both,TrainerItemDB,REWARD_ITEM_CANDIDATE,single-player AddItem path; persistence unverified
item_3895751291,3895751291,Items.3895751291,Items.3895751291,ActivityRewardScreen.Act2M09b,mission_tokens,both,TrainerItemDB,REWARD_ITEM_CANDIDATE,single-player AddItem path; persistence unverified
item_2593638845,2593638845,Items.2593638845,Items.2593638845,ActivityRewardScreen.Act2M13,mission_tokens,both,TrainerItemDB,REWARD_ITEM_CANDIDATE,single-player AddItem path; persistence unverified
item_2670936813,2670936813,Items.2670936813,Items.2670936813,ActivityRewardScreen.Act3M10,mission_tokens,both,TrainerItemDB,REWARD_ITEM_CANDIDATE,single-player AddItem path; persistence unverified
item_22533966,22533966,Items.22533966,Items.22533966,ActivityRewardScreen.Act4M04,mission_tokens,both,TrainerItemDB,REWARD_ITEM_CANDIDATE,single-player AddItem path; persistence unverified
item_3599586223,3599586223,Items.3599586223,Items.3599586223,ActivityRewardScreen.Act4M06,mission_tokens,both,TrainerItemDB,REWARD_ITEM_CANDIDATE,single-player AddItem path; persistence unverified
item_825589416,825589416,Items.825589416,Items.825589416,ActivityRewardScreen.Act4M08,mission_tokens,both,TrainerItemDB,REWARD_ITEM_CANDIDATE,single-player AddItem path; persistence unverified
item_1985013720,1985013720,Items.1985013720,Items.1985013720,ActivityRewardScreen.Act5M02,mission_tokens,both,TrainerItemDB,REWARD_ITEM_CANDIDATE,single-player AddItem path; persistence unverified
item_3182446092,3182446092,Items.3182446092,Items.3182446092,ActivityRewardScreen.AudioLog04,mission_tokens,both,TrainerItemDB,REWARD_ITEM_CANDIDATE,single-player AddItem path; persistence unverified
item_2747708244,2747708244,Items.2747708244,Items.2747708244,ActivityRewardScreen.AudioLog10,mission_tokens,both,TrainerItemDB,REWARD_ITEM_CANDIDATE,single-player AddItem path; persistence unverified
item_3627180145,3627180145,Items.3627180145,Items.3627180145,ActivityRewardScreen.CashRun01,mission_tokens,both,TrainerItemDB,REWARD_ITEM_CANDIDATE,single-player AddItem path; persistence unverified
item_73350482,73350482,Items.73350482,Items.73350482,ActivityRewardScreen.CashRun03,mission_tokens,both,TrainerItemDB,REWARD_ITEM_CANDIDATE,single-player AddItem path; persistence unverified
item_2471539847,2471539847,Items.2471539847,Items.2471539847,ActivityRewardScreen.ChessPuzzle20,mission_tokens,both,TrainerItemDB,REWARD_ITEM_CANDIDATE,single-player AddItem path; persistence unverified
item_2202687076,2202687076,Items.2202687076,Items.2202687076,ActivityRewardScreen.CityHotSpots100,mission_tokens,both,TrainerItemDB,REWARD_ITEM_CANDIDATE,single-player AddItem path; persistence unverified
item_4041467150,4041467150,Items.4041467150,Items.4041467150,ActivityRewardScreen.ConvoyContract01,mission_tokens,both,TrainerItemDB,REWARD_ITEM_CANDIDATE,single-player AddItem path; persistence unverified
item_4022267515,4022267515,Items.4022267515,Items.4022267515,ActivityRewardScreen.ConvoyContract10,mission_tokens,both,TrainerItemDB,REWARD_ITEM_CANDIDATE,single-player AddItem path; persistence unverified
item_3781518921,3781518921,Items.3781518921,Items.3781518921,ActivityRewardScreen.ConvoyContract18,mission_tokens,both,TrainerItemDB,REWARD_ITEM_CANDIDATE,single-player AddItem path; persistence unverified
item_4146350336,4146350336,Items.4146350336,Items.4146350336,ActivityRewardScreen.Decryption05,mission_tokens,both,TrainerItemDB,REWARD_ITEM_CANDIDATE,single-player AddItem path; persistence unverified
item_422193196,422193196,Items.422193196,Items.422193196,ActivityRewardScreen.Decryption10,mission_tokens,both,TrainerItemDB,REWARD_ITEM_CANDIDATE,single-player AddItem path; persistence unverified
item_2328230066,2328230066,Items.2328230066,Items.2328230066,ActivityRewardScreen.DecryptionKit1,mission_tokens,both,TrainerItemDB,REWARD_ITEM_CANDIDATE,single-player AddItem path; persistence unverified
item_332179720,332179720,Items.332179720,Items.332179720,ActivityRewardScreen.DecryptionKit2,mission_tokens,both,TrainerItemDB,REWARD_ITEM_CANDIDATE,single-player AddItem path; persistence unverified
item_1691064734,1691064734,Items.1691064734,Items.1691064734,ActivityRewardScreen.DecryptionKit3,mission_tokens,both,TrainerItemDB,REWARD_ITEM_CANDIDATE,single-player AddItem path; persistence unverified
item_2543797740,2543797740,Items.2543797740,Items.2543797740,ActivityRewardScreen.Drinking01,mission_tokens,both,TrainerItemDB,REWARD_ITEM_CANDIDATE,single-player AddItem path; persistence unverified
item_2774020085,2774020085,Items.2774020085,Items.2774020085,ActivityRewardScreen.Drinking06,mission_tokens,both,TrainerItemDB,REWARD_ITEM_CANDIDATE,single-player AddItem path; persistence unverified
item_3335148091,3335148091,Items.3335148091,Items.3335148091,ActivityRewardScreen.DrivingContract01,mission_tokens,both,TrainerItemDB,REWARD_ITEM_CANDIDATE,single-player AddItem path; persistence unverified
item_1912338693,1912338693,Items.1912338693,Items.1912338693,ActivityRewardScreen.DrivingContract05,mission_tokens,both,TrainerItemDB,REWARD_ITEM_CANDIDATE,single-player AddItem path; persistence unverified
item_866610952,866610952,Items.866610952,Items.866610952,ActivityRewardScreen.DrivingContract20,mission_tokens,both,TrainerItemDB,REWARD_ITEM_CANDIDATE,single-player AddItem path; persistence unverified
item_1711130766,1711130766,Items.1711130766,Items.1711130766,ActivityRewardScreen.DrivingContract40,mission_tokens,both,TrainerItemDB,REWARD_ITEM_CANDIDATE,single-player AddItem path; persistence unverified
item_77475317,77475317,Items.77475317,Items.77475317,ActivityRewardScreen.HUBTowers01,mission_tokens,both,TrainerItemDB,REWARD_ITEM_CANDIDATE,single-player AddItem path; persistence unverified
item_66316780,66316780,Items.66316780,Items.66316780,ActivityRewardScreen.HUBTowers05,mission_tokens,both,TrainerItemDB,REWARD_ITEM_CANDIDATE,single-player AddItem path; persistence unverified
item_4086005144,4086005144,Items.4086005144,Items.4086005144,ActivityRewardScreen.HUBTowers13,mission_tokens,both,TrainerItemDB,REWARD_ITEM_CANDIDATE,single-player AddItem path; persistence unverified
item_2790156175,2790156175,Items.2790156175,Items.2790156175,ActivityRewardScreen.HackingInvasion01,mission_tokens,both,TrainerItemDB,REWARD_ITEM_CANDIDATE,single-player AddItem path; persistence unverified
item_2816554526,2816554526,Items.2816554526,Items.2816554526,ActivityRewardScreen.HackingInvasion05,mission_tokens,both,TrainerItemDB,REWARD_ITEM_CANDIDATE,single-player AddItem path; persistence unverified
item_3465606096,3465606096,Items.3465606096,Items.3465606096,ActivityRewardScreen.HackingInvasion10,mission_tokens,both,TrainerItemDB,REWARD_ITEM_CANDIDATE,single-player AddItem path; persistence unverified
item_1020574913,1020574913,Items.1020574913,Items.1020574913,ActivityRewardScreen.InvestigationCyberCrimesCollect,mission_tokens,both,TrainerItemDB,REWARD_ITEM_CANDIDATE,single-player AddItem path; persistence unverified
item_2234570222,2234570222,Items.2234570222,Items.2234570222,ActivityRewardScreen.InvestigationCyberCrimesComplete,mission_tokens,both,TrainerItemDB,REWARD_ITEM_CANDIDATE,single-player AddItem path; persistence unverified
item_1167591177,1167591177,Items.1167591177,Items.1167591177,ActivityRewardScreen.InvestigationFamilyTiesCollect,mission_tokens,both,TrainerItemDB,REWARD_ITEM_CANDIDATE,single-player AddItem path; persistence unverified
item_1530591966,1530591966,Items.1530591966,Items.1530591966,ActivityRewardScreen.InvestigationFamilyTiesComplete,mission_tokens,both,TrainerItemDB,REWARD_ITEM_CANDIDATE,single-player AddItem path; persistence unverified
item_2471539848,2471539848,Items.2471539848,Items.2471539848,ActivityRewardScreen.InvestigationHumanTraffickingCollect,mission_tokens,both,TrainerItemDB,REWARD_ITEM_CANDIDATE,single-player AddItem path; persistence unverified
item_2823581424,2823581424,Items.2823581424,Items.2823581424,ActivityRewardScreen.InvestigationHumanTraffickingComplete,mission_tokens,both,TrainerItemDB,REWARD_ITEM_CANDIDATE,single-player AddItem path; persistence unverified
item_2860110063,2860110063,Items.2860110063,Items.2860110063,ActivityRewardScreen.InvestigationSerialKillerCollect,mission_tokens,both,TrainerItemDB,REWARD_ITEM_CANDIDATE,single-player AddItem path; persistence unverified
item_4110418581,4110418581,Items.4110418581,Items.4110418581,ActivityRewardScreen.InvestigationSerialKillerComplete,mission_tokens,both,TrainerItemDB,REWARD_ITEM_CANDIDATE,single-player AddItem path; persistence unverified
item_1960761541,1960761541,Items.1960761541,Items.1960761541,ActivityRewardScreen.InvestigationWeaponsTradeCollect,mission_tokens,both,TrainerItemDB,REWARD_ITEM_CANDIDATE,single-player AddItem path; persistence unverified
item_1345311388,1345311388,Items.1345311388,Items.1345311388,ActivityRewardScreen.InvestigationWeaponsTradeComplete,mission_tokens,both,TrainerItemDB,REWARD_ITEM_CANDIDATE,single-player AddItem path; persistence unverified
item_2860110062,2860110062,Items.2860110062,Items.2860110062,ActivityRewardScreen.LairContract01,mission_tokens,both,TrainerItemDB,REWARD_ITEM_CANDIDATE,single-player AddItem path; persistence unverified
item_2882557105,2882557105,Items.2882557105,Items.2882557105,ActivityRewardScreen.LairContract05,mission_tokens,both,TrainerItemDB,REWARD_ITEM_CANDIDATE,single-player AddItem path; persistence unverified
item_3265368447,3265368447,Items.3265368447,Items.3265368447,ActivityRewardScreen.LairContract10,mission_tokens,both,TrainerItemDB,REWARD_ITEM_CANDIDATE,single-player AddItem path; persistence unverified
item_2999674352,2999674352,Items.2999674352,Items.2999674352,ActivityRewardScreen.LairContract15,mission_tokens,both,TrainerItemDB,REWARD_ITEM_CANDIDATE,single-player AddItem path; persistence unverified
item_3225645421,3225645421,Items.3225645421,Items.3225645421,ActivityRewardScreen.NVZN,mission_tokens,both,TrainerItemDB,REWARD_ITEM_CANDIDATE,single-player AddItem path; persistence unverified
item_3534888013,3534888013,Items.3534888013,Items.3534888013,ActivityRewardScreen.OnlineRace07,mission_tokens,both,TrainerItemDB,REWARD_ITEM_CANDIDATE,single-player AddItem path; persistence unverified
item_4035680852,4035680852,Items.4035680852,Items.4035680852,ActivityRewardScreen.OnlineRace10,mission_tokens,both,TrainerItemDB,REWARD_ITEM_CANDIDATE,single-player AddItem path; persistence unverified
item_3575418589,3575418589,Items.3575418589,Items.3575418589,ActivityRewardScreen.Poker,mission_tokens,both,TrainerItemDB,REWARD_ITEM_CANDIDATE,single-player AddItem path; persistence unverified
item_2781127750,2781127750,Items.2781127750,Items.2781127750,ActivityRewardScreen.Shell,mission_tokens,both,TrainerItemDB,REWARD_ITEM_CANDIDATE,single-player AddItem path; persistence unverified
item_1551688881,1551688881,Items.1551688881,Items.1551688881,ActivityRewardScreen.SongSneak23,mission_tokens,both,TrainerItemDB,REWARD_ITEM_CANDIDATE,single-player AddItem path; persistence unverified
item_3911114381,3911114381,Items.3911114381,Items.3911114381,ActivityRewardScreen.TailingInvasion01,mission_tokens,both,TrainerItemDB,REWARD_ITEM_CANDIDATE,single-player AddItem path; persistence unverified
item_661262564,661262564,Items.661262564,Items.661262564,ActivityRewardScreen.TailingInvasion05,mission_tokens,both,TrainerItemDB,REWARD_ITEM_CANDIDATE,single-player AddItem path; persistence unverified
item_1310446890,1310446890,Items.1310446890,Items.1310446890,ActivityRewardScreen.TailingInvasion10,mission_tokens,both,TrainerItemDB,REWARD_ITEM_CANDIDATE,single-player AddItem path; persistence unverified
item_123327958,123327958,Items.123327958,Items.123327958,ActivityRewardScreen.ToBeDeleted_CompanionChallenge,mission_tokens,both,TrainerItemDB,REWARD_ITEM_CANDIDATE,single-player AddItem path; persistence unverified
item_2531732932,2531732932,Items.2531732932,Items.2531732932,ActivityRewardScreen.ToBeDeleted_DeadDrops,mission_tokens,both,TrainerItemDB,REWARD_ITEM_CANDIDATE,single-player AddItem path; persistence unverified
item_4155791641,4155791641,Items.4155791641,Items.4155791641,ActivityRewardScreen.ToBeDeleted_Feats,mission_tokens,both,TrainerItemDB,REWARD_ITEM_CANDIDATE,single-player AddItem path; persistence unverified
item_497674749,497674749,Items.497674749,Items.497674749,ActivityRewardScreen.ToBeDeleted_HUBBrandonDocks,mission_tokens,both,TrainerItemDB,REWARD_ITEM_CANDIDATE,single-player AddItem path; persistence unverified
item_113485067,113485067,Items.113485067,Items.113485067,ActivityRewardScreen.ToBeDeleted_HUBMadMile,mission_tokens,both,TrainerItemDB,REWARD_ITEM_CANDIDATE,single-player AddItem path; persistence unverified
item_81978937,81978937,Items.81978937,Items.81978937,ActivityRewardScreen.ToBeDeleted_HUBParkerSquare,mission_tokens,both,TrainerItemDB,REWARD_ITEM_CANDIDATE,single-player AddItem path; persistence unverified
item_1761378851,1761378851,Items.1761378851,Items.1761378851,ActivityRewardScreen.ToBeDeleted_HUBPawnee,mission_tokens,both,TrainerItemDB,REWARD_ITEM_CANDIDATE,single-player AddItem path; persistence unverified
item_3401254704,3401254704,Items.3401254704,Items.3401254704,ActivityRewardScreen.ToBeDeleted_HUBTheLoop,mission_tokens,both,TrainerItemDB,REWARD_ITEM_CANDIDATE,single-player AddItem path; persistence unverified
item_1370321319,1370321319,Items.1370321319,Items.1370321319,ActivityRewardScreen.ToBeDeleted_HUBTheWards,mission_tokens,both,TrainerItemDB,REWARD_ITEM_CANDIDATE,single-player AddItem path; persistence unverified
item_2970628253,2970628253,Items.2970628253,Items.2970628253,ActivityRewardScreen.ToBeDeleted_Truth,mission_tokens,both,TrainerItemDB,REWARD_ITEM_CANDIDATE,single-player AddItem path; persistence unverified
item_1636119467,1636119467,Items.1636119467,Items.1636119467,ActivityRewardScreen.ToBeDeleted_UrbanStunts,mission_tokens,both,TrainerItemDB,REWARD_ITEM_CANDIDATE,single-player AddItem path; persistence unverified
item_37041963,37041963,Items.37041963,Items.37041963,ActivityRewardScreen.VRPuzzleIOP01,mission_tokens,both,TrainerItemDB,REWARD_ITEM_CANDIDATE,single-player AddItem path; persistence unverified
item_4018483160,4018483160,Items.4018483160,Items.4018483160,ActivityRewardScreen.VRPuzzleIOP05,mission_tokens,both,TrainerItemDB,REWARD_ITEM_CANDIDATE,single-player AddItem path; persistence unverified
item_3032647828,3032647828,Items.3032647828,Items.3032647828,ActivityRewardScreen.VRPuzzleIOP30,mission_tokens,both,TrainerItemDB,REWARD_ITEM_CANDIDATE,single-player AddItem path; persistence unverified
item_3193434702,3193434702,Items.3193434702,Items.3193434702,ActivityRewardScreen.Vigilante01,mission_tokens,both,TrainerItemDB,REWARD_ITEM_CANDIDATE,single-player AddItem path; persistence unverified
item_2618583565,2618583565,Items.2618583565,Items.2618583565,ActivityRewardScreen.Vigilante10,mission_tokens,both,TrainerItemDB,REWARD_ITEM_CANDIDATE,single-player AddItem path; persistence unverified
item_3073980878,3073980878,Items.3073980878,Items.3073980878,ActivityRewardScreen.Vigilante20,mission_tokens,both,TrainerItemDB,REWARD_ITEM_CANDIDATE,single-player AddItem path; persistence unverified
item_1257813719,1257813719,Items.1257813719,Items.1257813719,ActivityRewardScreen.ctOSBreach16,mission_tokens,both,TrainerItemDB,REWARD_ITEM_CANDIDATE,single-player AddItem path; persistence unverified
item_2352086814,2352086814,Items.2352086814,Items.2352086814,ActivityRewardScreen.dlc01_Act1M03,mission_tokens,dlc_solo,TrainerItemDB,REWARD_ITEM_CANDIDATE,single-player AddItem path; persistence unverified
item_2011690437,2011690437,Items.2011690437,Items.2011690437,ActivityRewardScreen.dlc01_Act2M04,mission_tokens,dlc_solo,TrainerItemDB,REWARD_ITEM_CANDIDATE,single-player AddItem path; persistence unverified
item_1363085059,1363085059,Items.1363085059,Items.1363085059,ActivityRewardScreen.dlc01_Act3M03,mission_tokens,dlc_solo,TrainerItemDB,REWARD_ITEM_CANDIDATE,single-player AddItem path; persistence unverified
item_1429874543,1429874543,Items.1429874543,Items.1429874543,ActivityRewardScreen.dlc01_AudioLogAll,mission_tokens,dlc_solo,TrainerItemDB,REWARD_ITEM_CANDIDATE,single-player AddItem path; persistence unverified
item_3331657889,3331657889,Items.3331657889,Items.3331657889,ActivityRewardScreen.dlc01_ChicagoAll,mission_tokens,dlc_solo,TrainerItemDB,REWARD_ITEM_CANDIDATE,single-player AddItem path; persistence unverified
item_906553528,906553528,Items.906553528,Items.906553528,ActivityRewardScreen.dlc01_CoopAll,mission_tokens,dlc_solo,TrainerItemDB,REWARD_ITEM_CANDIDATE,single-player AddItem path; persistence unverified
item_2134056847,2134056847,Items.2134056847,Items.2134056847,ActivityRewardScreen.dlc01_DailyAll,mission_tokens,dlc_solo,TrainerItemDB,REWARD_ITEM_CANDIDATE,single-player AddItem path; persistence unverified
item_213301421,213301421,Items.213301421,Items.213301421,ActivityRewardScreen.dlc01_DrivingAll,mission_tokens,dlc_solo,TrainerItemDB,REWARD_ITEM_CANDIDATE,single-player AddItem path; persistence unverified
item_3987492441,3987492441,Items.3987492441,Items.3987492441,ActivityRewardScreen.dlc01_FixersAll,mission_tokens,dlc_solo,TrainerItemDB,REWARD_ITEM_CANDIDATE,single-player AddItem path; persistence unverified
item_792936193,792936193,Items.792936193,Items.792936193,ActivityRewardScreen.dlc01_MilitiaAll,mission_tokens,dlc_solo,TrainerItemDB,REWARD_ITEM_CANDIDATE,single-player AddItem path; persistence unverified
item_1741572870,1741572870,Items.1741572870,Items.1741572870,ActivityRewardScreen.dlc01_SI1All,mission_tokens,dlc_solo,TrainerItemDB,REWARD_ITEM_CANDIDATE,single-player AddItem path; persistence unverified
item_1971053800,1971053800,Items.1971053800,Items.1971053800,ActivityRewardScreen.dlc01_SI2All,mission_tokens,dlc_solo,TrainerItemDB,REWARD_ITEM_CANDIDATE,single-player AddItem path; persistence unverified
item_976180060,976180060,Items.976180060,Items.976180060,ActivityRewardScreen.dlc01_SideInvestigations_Thread01Collect,mission_tokens,dlc_solo,TrainerItemDB,REWARD_ITEM_CANDIDATE,single-player AddItem path; persistence unverified
item_2599736008,2599736008,Items.2599736008,Items.2599736008,ActivityRewardScreen.dlc01_SideInvestigations_Thread01Complete,mission_tokens,dlc_solo,TrainerItemDB,REWARD_ITEM_CANDIDATE,single-player AddItem path; persistence unverified
item_3030406335,3030406335,Items.3030406335,Items.3030406335,ActivityRewardScreen.dlc01_SideInvestigations_Thread02Collect,mission_tokens,dlc_solo,TrainerItemDB,REWARD_ITEM_CANDIDATE,single-player AddItem path; persistence unverified
item_2742677005,2742677005,Items.2742677005,Items.2742677005,ActivityRewardScreen.dlc01_SideInvestigations_Thread02Complete,mission_tokens,dlc_solo,TrainerItemDB,REWARD_ITEM_CANDIDATE,single-player AddItem path; persistence unverified
item_2013942817,2013942817,Items.2013942817,Items.2013942817,ActivityRewardScreen.dlc01_SideInvestigations_Thread03Collect,mission_tokens,dlc_solo,TrainerItemDB,REWARD_ITEM_CANDIDATE,single-player AddItem path; persistence unverified
item_3020094030,3020094030,Items.3020094030,Items.3020094030,ActivityRewardScreen.dlc01_SideInvestigations_Thread03Complete,mission_tokens,dlc_solo,TrainerItemDB,REWARD_ITEM_CANDIDATE,single-player AddItem path; persistence unverified
item_738338857,738338857,Items.738338857,Items.738338857,AuctionBuyerUnlocks,mission_tokens,both,TrainerItemDB,REWARD_ITEM_CANDIDATE,single-player AddItem path; persistence unverified
item_4278516734,4278516734,Items.4278516734,Items.4278516734,AuctionBuyerUnlocks.AuctionBuyer01_Unlock,mission_tokens,both,TrainerItemDB,REWARD_ITEM_CANDIDATE,single-player AddItem path; persistence unverified
item_1904999453,1904999453,Items.1904999453,Items.1904999453,AuctionBuyerUnlocks.AuctionBuyer02_Unlock,mission_tokens,both,TrainerItemDB,REWARD_ITEM_CANDIDATE,single-player AddItem path; persistence unverified
item_3173121155,3173121155,Items.3173121155,Items.3173121155,AuctionBuyerUnlocks.AuctionBuyer03_Unlock,mission_tokens,both,TrainerItemDB,REWARD_ITEM_CANDIDATE,single-player AddItem path; persistence unverified
item_3085235610,3085235610,Items.3085235610,Items.3085235610,AuctionBuyerUnlocks.AuctionBuyer04_Unlock,mission_tokens,both,TrainerItemDB,REWARD_ITEM_CANDIDATE,single-player AddItem path; persistence unverified
item_2227856731,2227856731,Items.2227856731,Items.2227856731,AuctionBuyerUnlocks.AuctionBuyer05_Unlock,mission_tokens,both,TrainerItemDB,REWARD_ITEM_CANDIDATE,single-player AddItem path; persistence unverified
item_4123128551,4123128551,Items.4123128551,Items.4123128551,AuctionBuyerUnlocks.AuctionBuyer06_Unlock,mission_tokens,both,TrainerItemDB,REWARD_ITEM_CANDIDATE,single-player AddItem path; persistence unverified
item_963375737,963375737,Items.963375737,Items.963375737,AuctionBuyerUnlocks.AuctionBuyer07_Unlock,mission_tokens,both,TrainerItemDB,REWARD_ITEM_CANDIDATE,single-player AddItem path; persistence unverified
item_3763069141,3763069141,Items.3763069141,Items.3763069141,AuctionBuyerUnlocks.AuctionBuyer08_Unlock,mission_tokens,both,TrainerItemDB,REWARD_ITEM_CANDIDATE,single-player AddItem path; persistence unverified
item_753000523,753000523,Items.753000523,Items.753000523,AuctionBuyerUnlocks.AuctionBuyer09_Unlock,mission_tokens,both,TrainerItemDB,REWARD_ITEM_CANDIDATE,single-player AddItem path; persistence unverified
item_618000163,618000163,Items.618000163,Items.618000163,AuctionBuyerUnlocks.AuctionBuyer10_Unlock,mission_tokens,both,TrainerItemDB,REWARD_ITEM_CANDIDATE,single-player AddItem path; persistence unverified
item_2219381387,2219381387,Items.2219381387,Items.2219381387,AuctionBuyers,mission_tokens,both,TrainerItemDB,REWARD_ITEM_CANDIDATE,single-player AddItem path; persistence unverified
item_1420568273,1420568273,Items.1420568273,Items.1420568273,AuctionBuyers.AuctionBuyer01,mission_tokens,both,TrainerItemDB,REWARD_ITEM_CANDIDATE,single-player AddItem path; persistence unverified
item_3450173291,3450173291,Items.3450173291,Items.3450173291,AuctionBuyers.AuctionBuyer02,mission_tokens,both,TrainerItemDB,REWARD_ITEM_CANDIDATE,single-player AddItem path; persistence unverified
item_3131197437,3131197437,Items.3131197437,Items.3131197437,AuctionBuyers.AuctionBuyer03,mission_tokens,both,TrainerItemDB,REWARD_ITEM_CANDIDATE,single-player AddItem path; persistence unverified
item_617009758,617009758,Items.617009758,Items.617009758,AuctionBuyers.AuctionBuyer04,mission_tokens,both,TrainerItemDB,REWARD_ITEM_CANDIDATE,single-player AddItem path; persistence unverified
item_1405215432,1405215432,Items.1405215432,Items.1405215432,AuctionBuyers.AuctionBuyer05,mission_tokens,both,TrainerItemDB,REWARD_ITEM_CANDIDATE,single-player AddItem path; persistence unverified
item_3402150770,3402150770,Items.3402150770,Items.3402150770,AuctionBuyers.AuctionBuyer06,mission_tokens,both,TrainerItemDB,REWARD_ITEM_CANDIDATE,single-player AddItem path; persistence unverified
item_3184493540,3184493540,Items.3184493540,Items.3184493540,AuctionBuyers.AuctionBuyer07,mission_tokens,both,TrainerItemDB,REWARD_ITEM_CANDIDATE,single-player AddItem path; persistence unverified
item_762355317,762355317,Items.762355317,Items.762355317,AuctionBuyers.AuctionBuyer08,mission_tokens,both,TrainerItemDB,REWARD_ITEM_CANDIDATE,single-player AddItem path; persistence unverified
item_1517792995,1517792995,Items.1517792995,Items.1517792995,AuctionBuyers.AuctionBuyer09,mission_tokens,both,TrainerItemDB,REWARD_ITEM_CANDIDATE,single-player AddItem path; persistence unverified
item_984622854,984622854,Items.984622854,Items.984622854,AuctionBuyers.AuctionBuyer10,mission_tokens,both,TrainerItemDB,REWARD_ITEM_CANDIDATE,single-player AddItem path; persistence unverified
item_1348796148,1348796148,Items.1348796148,Items.1348796148,BlackOut,mission_tokens,both,TrainerItemDB,REWARD_ITEM_CANDIDATE,single-player AddItem path; persistence unverified
item_590387790,590387790,Items.590387790,Items.590387790,CarOnDemandTutorialToken,mission_tokens,both,TrainerItemDB,REWARD_ITEM_CANDIDATE,single-player AddItem path; persistence unverified
item_3622666213,3622666213,Items.3622666213,Items.3622666213,CorruptCopCall,mission_tokens,both,TrainerItemDB,REWARD_ITEM_CANDIDATE,single-player AddItem path; persistence unverified
item_2063425878,2063425878,Items.2063425878,Items.2063425878,Crafting,mission_tokens,both,TrainerItemDB,REWARD_ITEM_CANDIDATE,single-player AddItem path; persistence unverified
item_3061190898,3061190898,Items.3061190898,Items.3061190898,Crafting.BlackOut,mission_tokens,both,TrainerItemDB,REWARD_ITEM_CANDIDATE,single-player AddItem path; persistence unverified
item_1729177049,1729177049,Items.1729177049,Items.1729177049,Crafting.FocusBoost,mission_tokens,both,TrainerItemDB,REWARD_ITEM_CANDIDATE,single-player AddItem path; persistence unverified
item_766544352,766544352,Items.766544352,Items.766544352,Crafting.FragGrenade,mission_tokens,both,TrainerItemDB,REWARD_ITEM_CANDIDATE,single-player AddItem path; persistence unverified
item_1424783660,1424783660,Items.1424783660,Items.1424783660,Crafting.IED,mission_tokens,both,TrainerItemDB,REWARD_ITEM_CANDIDATE,single-player AddItem path; persistence unverified
item_478589500,478589500,Items.478589500,Items.478589500,Crafting.IEDProximity,mission_tokens,both,TrainerItemDB,REWARD_ITEM_CANDIDATE,single-player AddItem path; persistence unverified
item_1177802305,1177802305,Items.1177802305,Items.1177802305,Crafting.JamComm,mission_tokens,both,TrainerItemDB,REWARD_ITEM_CANDIDATE,single-player AddItem path; persistence unverified
item_2618834358,2618834358,Items.2618834358,Items.2618834358,Crafting.ctOSScan,mission_tokens,both,TrainerItemDB,REWARD_ITEM_CANDIDATE,single-player AddItem path; persistence unverified
item_749874342,749874342,Items.749874342,Items.749874342,Crafting.dlc01_ToyCar,mission_tokens,dlc_solo,TrainerItemDB,REWARD_ITEM_CANDIDATE,single-player AddItem path; persistence unverified
item_740147914,740147914,Items.740147914,Items.740147914,CyberCrimeAudioDropPlayed,mission_tokens,both,TrainerItemDB,REWARD_ITEM_CANDIDATE,single-player AddItem path; persistence unverified
item_916195424,916195424,Items.916195424,Items.916195424,CyberCrimePhoneCallFull,mission_tokens,both,TrainerItemDB,REWARD_ITEM_CANDIDATE,single-player AddItem path; persistence unverified
item_1085692404,1085692404,Items.1085692404,Items.1085692404,CyberCrimePhoneCallNone,mission_tokens,both,TrainerItemDB,REWARD_ITEM_CANDIDATE,single-player AddItem path; persistence unverified
item_1786693759,1786693759,Items.1786693759,Items.1786693759,DRush,mission_tokens,both,TrainerItemDB,REWARD_ITEM_CANDIDATE,single-player AddItem path; persistence unverified
item_2822351435,2822351435,Items.2822351435,Items.2822351435,DRush.01,mission_tokens,both,TrainerItemDB,REWARD_ITEM_CANDIDATE,single-player AddItem path; persistence unverified
item_825293809,825293809,Items.825293809,Items.825293809,DRush.02,mission_tokens,both,TrainerItemDB,REWARD_ITEM_CANDIDATE,single-player AddItem path; persistence unverified
item_1178061671,1178061671,Items.1178061671,Items.1178061671,DRush.03,mission_tokens,both,TrainerItemDB,REWARD_ITEM_CANDIDATE,single-player AddItem path; persistence unverified
item_3629342404,3629342404,Items.3629342404,Items.3629342404,DRush.04,mission_tokens,both,TrainerItemDB,REWARD_ITEM_CANDIDATE,single-player AddItem path; persistence unverified
item_2941546066,2941546066,Items.2941546066,Items.2941546066,DRush.05,mission_tokens,both,TrainerItemDB,REWARD_ITEM_CANDIDATE,single-player AddItem path; persistence unverified
item_1096421246,1096421246,Items.1096421246,Items.1096421246,DRush.07,mission_tokens,both,TrainerItemDB,REWARD_ITEM_CANDIDATE,single-player AddItem path; persistence unverified
item_3521450735,3521450735,Items.3521450735,Items.3521450735,DRush.08,mission_tokens,both,TrainerItemDB,REWARD_ITEM_CANDIDATE,single-player AddItem path; persistence unverified
item_2799837817,2799837817,Items.2799837817,Items.2799837817,DRush.09,mission_tokens,both,TrainerItemDB,REWARD_ITEM_CANDIDATE,single-player AddItem path; persistence unverified
item_3324357532,3324357532,Items.3324357532,Items.3324357532,DRush.10,mission_tokens,both,TrainerItemDB,REWARD_ITEM_CANDIDATE,single-player AddItem path; persistence unverified
item_2971835146,2971835146,Items.2971835146,Items.2971835146,DRush.11,mission_tokens,both,TrainerItemDB,REWARD_ITEM_CANDIDATE,single-player AddItem path; persistence unverified
item_673958576,673958576,Items.673958576,Items.673958576,DRush.12,mission_tokens,both,TrainerItemDB,REWARD_ITEM_CANDIDATE,single-player AddItem path; persistence unverified
item_1671501014,1671501014,Items.1671501014,Items.1671501014,DiffUnlockConvoyEasy,mission_tokens,both,TrainerItemDB,REWARD_ITEM_CANDIDATE,single-player AddItem path; persistence unverified
item_621920023,621920023,Items.621920023,Items.621920023,DiffUnlockConvoyMedium,mission_tokens,both,TrainerItemDB,REWARD_ITEM_CANDIDATE,single-player AddItem path; persistence unverified
item_3192334251,3192334251,Items.3192334251,Items.3192334251,DiffUnlockDataRushEasy,mission_tokens,both,TrainerItemDB,REWARD_ITEM_CANDIDATE,single-player AddItem path; persistence unverified
item_5243996,5243996,Items.5243996,Items.5243996,DiffUnlockDataRushMedium,mission_tokens,both,TrainerItemDB,REWARD_ITEM_CANDIDATE,single-player AddItem path; persistence unverified
item_1763394387,1763394387,Items.1763394387,Items.1763394387,DiffUnlockGetawayEasy,mission_tokens,both,TrainerItemDB,REWARD_ITEM_CANDIDATE,single-player AddItem path; persistence unverified
item_2531925492,2531925492,Items.2531925492,Items.2531925492,DiffUnlockGetawayMedium,mission_tokens,both,TrainerItemDB,REWARD_ITEM_CANDIDATE,single-player AddItem path; persistence unverified
item_3128458342,3128458342,Items.3128458342,Items.3128458342,DiffUnlockInterceptorEasy,mission_tokens,both,TrainerItemDB,REWARD_ITEM_CANDIDATE,single-player AddItem path; persistence unverified
item_2193432860,2193432860,Items.2193432860,Items.2193432860,DiffUnlockInterceptorMedium,mission_tokens,both,TrainerItemDB,REWARD_ITEM_CANDIDATE,single-player AddItem path; persistence unverified
item_1553607872,1553607872,Items.1553607872,Items.1553607872,DiffUnlockLairEasy,mission_tokens,both,TrainerItemDB,REWARD_ITEM_CANDIDATE,single-player AddItem path; persistence unverified
item_294358373,294358373,Items.294358373,Items.294358373,DiffUnlockLairMedium,mission_tokens,both,TrainerItemDB,REWARD_ITEM_CANDIDATE,single-player AddItem path; persistence unverified
item_3983459853,3983459853,Items.3983459853,Items.3983459853,DiffUnlockTransporterEasy,mission_tokens,both,TrainerItemDB,REWARD_ITEM_CANDIDATE,single-player AddItem path; persistence unverified
item_788569844,788569844,Items.788569844,Items.788569844,DiffUnlockTransporterMedium,mission_tokens,both,TrainerItemDB,REWARD_ITEM_CANDIDATE,single-player AddItem path; persistence unverified
item_2335375817,2335375817,Items.2335375817,Items.2335375817,DigitalDevices,mission_tokens,both,TrainerItemDB,REWARD_ITEM_CANDIDATE,single-player AddItem path; persistence unverified
item_3891796061,3891796061,Items.3891796061,Items.3891796061,DigitalDevices.DigitalDevice01,mission_tokens,both,TrainerItemDB,REWARD_ITEM_CANDIDATE,single-player AddItem path; persistence unverified
item_2129742311,2129742311,Items.2129742311,Items.2129742311,DigitalDevices.DigitalDevice02,mission_tokens,both,TrainerItemDB,REWARD_ITEM_CANDIDATE,single-player AddItem path; persistence unverified
item_167147889,167147889,Items.167147889,Items.167147889,DigitalDevices.DigitalDevice03,mission_tokens,both,TrainerItemDB,REWARD_ITEM_CANDIDATE,single-player AddItem path; persistence unverified
item_2542988498,2542988498,Items.2542988498,Items.2542988498,DigitalDevices.DigitalDevice04,mission_tokens,both,TrainerItemDB,REWARD_ITEM_CANDIDATE,single-player AddItem path; persistence unverified
item_3767917636,3767917636,Items.3767917636,Items.3767917636,DigitalDevices.DigitalDevice05,mission_tokens,both,TrainerItemDB,REWARD_ITEM_CANDIDATE,single-player AddItem path; persistence unverified
item_2040303102,2040303102,Items.2040303102,Items.2040303102,DigitalDevices.DigitalDevice06,mission_tokens,both,TrainerItemDB,REWARD_ITEM_CANDIDATE,single-player AddItem path; persistence unverified
item_245087592,245087592,Items.245087592,Items.245087592,DigitalDevices.DigitalDevice07,mission_tokens,both,TrainerItemDB,REWARD_ITEM_CANDIDATE,single-player AddItem path; persistence unverified
item_2653200633,2653200633,Items.2653200633,Items.2653200633,DigitalDevices.DigitalDevice08,mission_tokens,both,TrainerItemDB,REWARD_ITEM_CANDIDATE,single-player AddItem path; persistence unverified
item_3911422063,3911422063,Items.3911422063,Items.3911422063,DigitalDevices.DigitalDevice09,mission_tokens,both,TrainerItemDB,REWARD_ITEM_CANDIDATE,single-player AddItem path; persistence unverified
item_2313427338,2313427338,Items.2313427338,Items.2313427338,DigitalDevices.DigitalDevice10,mission_tokens,both,TrainerItemDB,REWARD_ITEM_CANDIDATE,single-player AddItem path; persistence unverified
item_874430126,874430126,Items.874430126,Items.874430126,Disable_RewardLabel,mission_tokens,both,TrainerItemDB,REWARD_ITEM_CANDIDATE,single-player AddItem path; persistence unverified
item_2203913768,2203913768,Items.2203913768,Items.2203913768,DisruptComm,mission_tokens,both,TrainerItemDB,REWARD_ITEM_CANDIDATE,single-player AddItem path; persistence unverified
item_21264009,21264009,Items.21264009,Items.21264009,Disrupt_RewardLabel,mission_tokens,both,TrainerItemDB,REWARD_ITEM_CANDIDATE,single-player AddItem path; persistence unverified
item_1932267651,1932267651,Items.1932267651,Items.1932267651,Distract_RewardLabel,mission_tokens,both,TrainerItemDB,REWARD_ITEM_CANDIDATE,single-player AddItem path; persistence unverified
item_592931739,592931739,Items.592931739,Items.592931739,EventManagerIgnoreEventRange,mission_tokens,both,TrainerItemDB,REWARD_ITEM_CANDIDATE,single-player AddItem path; persistence unverified
item_3176992565,3176992565,Items.3176992565,Items.3176992565,EventManagerRequest,mission_tokens,both,TrainerItemDB,REWARD_ITEM_CANDIDATE,single-player AddItem path; persistence unverified
item_3320724337,3320724337,Items.3320724337,Items.3320724337,Explosive_RewardLabel,mission_tokens,both,TrainerItemDB,REWARD_ITEM_CANDIDATE,single-player AddItem path; persistence unverified
item_4136079265,4136079265,Items.4136079265,Items.4136079265,ForcedConvoy,mission_tokens,both,TrainerItemDB,REWARD_ITEM_CANDIDATE,single-player AddItem path; persistence unverified
item_902564637,902564637,Items.902564637,Items.902564637,ForcedDrivingJob,mission_tokens,both,TrainerItemDB,REWARD_ITEM_CANDIDATE,single-player AddItem path; persistence unverified
item_3099556453,3099556453,Items.3099556453,Items.3099556453,ForcedLair,mission_tokens,both,TrainerItemDB,REWARD_ITEM_CANDIDATE,single-player AddItem path; persistence unverified
item_3512974117,3512974117,Items.3512974117,Items.3512974117,Getaway,mission_tokens,both,TrainerItemDB,REWARD_ITEM_CANDIDATE,single-player AddItem path; persistence unverified
item_2919647098,2919647098,Items.2919647098,Items.2919647098,Getaway.01,mission_tokens,both,TrainerItemDB,REWARD_ITEM_CANDIDATE,single-player AddItem path; persistence unverified
item_923735744,923735744,Items.923735744,Items.923735744,Getaway.02,mission_tokens,both,TrainerItemDB,REWARD_ITEM_CANDIDATE,single-player AddItem path; persistence unverified
item_1074275926,1074275926,Items.1074275926,Items.1074275926,Getaway.03,mission_tokens,both,TrainerItemDB,REWARD_ITEM_CANDIDATE,single-player AddItem path; persistence unverified
item_3731665909,3731665909,Items.3731665909,Items.3731665909,Getaway.04,mission_tokens,both,TrainerItemDB,REWARD_ITEM_CANDIDATE,single-player AddItem path; persistence unverified
item_2842395491,2842395491,Items.2842395491,Items.2842395491,Getaway.05,mission_tokens,both,TrainerItemDB,REWARD_ITEM_CANDIDATE,single-player AddItem path; persistence unverified
item_811782873,811782873,Items.811782873,Items.811782873,Getaway.06,mission_tokens,both,TrainerItemDB,REWARD_ITEM_CANDIDATE,single-player AddItem path; persistence unverified
item_1197859407,1197859407,Items.1197859407,Items.1197859407,Getaway.07,mission_tokens,both,TrainerItemDB,REWARD_ITEM_CANDIDATE,single-player AddItem path; persistence unverified
item_3621453790,3621453790,Items.3621453790,Items.3621453790,Getaway.08,mission_tokens,both,TrainerItemDB,REWARD_ITEM_CANDIDATE,single-player AddItem path; persistence unverified
item_2698891080,2698891080,Items.2698891080,Items.2698891080,Getaway.09,mission_tokens,both,TrainerItemDB,REWARD_ITEM_CANDIDATE,single-player AddItem path; persistence unverified
item_3222947501,3222947501,Items.3222947501,Items.3222947501,Getaway.10,mission_tokens,both,TrainerItemDB,REWARD_ITEM_CANDIDATE,single-player AddItem path; persistence unverified
item_3072161339,3072161339,Items.3072161339,Items.3072161339,Getaway.11,mission_tokens,both,TrainerItemDB,REWARD_ITEM_CANDIDATE,single-player AddItem path; persistence unverified
item_1502524801,1502524801,Items.1502524801,Items.1502524801,GoldULC_01,mission_tokens,both,TrainerItemDB,REWARD_ITEM_CANDIDATE,single-player AddItem path; persistence unverified
item_3230131259,3230131259,Items.3230131259,Items.3230131259,GoldULC_02,mission_tokens,both,TrainerItemDB,REWARD_ITEM_CANDIDATE,single-player AddItem path; persistence unverified
item_3068692468,3068692468,Items.3068692468,Items.3068692468,GoldULC_WKZPC,mission_tokens,both,TrainerItemDB,REWARD_ITEM_CANDIDATE,single-player AddItem path; persistence unverified
item_2125619659,2125619659,Items.2125619659,Items.2125619659,HQ_Bridge_A02M05,mission_tokens,both,TrainerItemDB,REWARD_ITEM_CANDIDATE,single-player AddItem path; persistence unverified
item_1732585718,1732585718,Items.1732585718,Items.1732585718,HQ_Elevator_A02M05,mission_tokens,both,TrainerItemDB,REWARD_ITEM_CANDIDATE,single-player AddItem path; persistence unverified
item_483566031,483566031,Items.483566031,Items.483566031,HQ_Lights01_A02M05,mission_tokens,both,TrainerItemDB,REWARD_ITEM_CANDIDATE,single-player AddItem path; persistence unverified
item_1639814598,1639814598,Items.1639814598,Items.1639814598,HQ_Tarp01_A02M05,mission_tokens,both,TrainerItemDB,REWARD_ITEM_CANDIDATE,single-player AddItem path; persistence unverified
item_2036378691,2036378691,Items.2036378691,Items.2036378691,HT_M01_CopSMS,mission_tokens,both,TrainerItemDB,REWARD_ITEM_CANDIDATE,single-player AddItem path; persistence unverified
item_2785697293,2785697293,Items.2785697293,Items.2785697293,HumanTraffickingPhoneCall01,mission_tokens,both,TrainerItemDB,REWARD_ITEM_CANDIDATE,single-player AddItem path; persistence unverified
item_3425658319,3425658319,Items.3425658319,Items.3425658319,HumanTraffickingPhoneCallFull,mission_tokens,both,TrainerItemDB,REWARD_ITEM_CANDIDATE,single-player AddItem path; persistence unverified
item_3572439368,3572439368,Items.3572439368,Items.3572439368,HumanTraffickingPhoneCallNone,mission_tokens,both,TrainerItemDB,REWARD_ITEM_CANDIDATE,single-player AddItem path; persistence unverified
item_2103415031,2103415031,Items.2103415031,Items.2103415031,IC_10_IdentityTheft,mission_tokens,both,TrainerItemDB,REWARD_ITEM_CANDIDATE,single-player AddItem path; persistence unverified
item_2646753562,2646753562,Items.2646753562,Items.2646753562,IC_11_Racine,mission_tokens,both,TrainerItemDB,REWARD_ITEM_CANDIDATE,single-player AddItem path; persistence unverified
item_1087084619,1087084619,Items.1087084619,Items.1087084619,IC_12_BedbugInfiltration,mission_tokens,both,TrainerItemDB,REWARD_ITEM_CANDIDATE,single-player AddItem path; persistence unverified
item_4246401633,4246401633,Items.4246401633,Items.4246401633,IC_13_TBonesPlace,mission_tokens,both,TrainerItemDB,REWARD_ITEM_CANDIDATE,single-player AddItem path; persistence unverified
item_759286719,759286719,Items.759286719,Items.759286719,IC_14_MonitoringEmployee,mission_tokens,both,TrainerItemDB,REWARD_ITEM_CANDIDATE,single-player AddItem path; persistence unverified
item_3242124407,3242124407,Items.3242124407,Items.3242124407,IC_15_BlumeOffice,mission_tokens,both,TrainerItemDB,REWARD_ITEM_CANDIDATE,single-player AddItem path; persistence unverified
item_2066405139,2066405139,Items.2066405139,Items.2066405139,IC_16_NikkiRescue,mission_tokens,both,TrainerItemDB,REWARD_ITEM_CANDIDATE,single-player AddItem path; persistence unverified
item_3457195663,3457195663,Items.3457195663,Items.3457195663,IC_17_QuinnFight,mission_tokens,both,TrainerItemDB,REWARD_ITEM_CANDIDATE,single-player AddItem path; persistence unverified
item_2819054426,2819054426,Items.2819054426,Items.2819054426,IC_1_LoopHubUnlock,mission_tokens,both,TrainerItemDB,REWARD_ITEM_CANDIDATE,single-player AddItem path; persistence unverified
item_495233629,495233629,Items.495233629,Items.495233629,IC_2_ctOSAnomaly,mission_tokens,both,TrainerItemDB,REWARD_ITEM_CANDIDATE,single-player AddItem path; persistence unverified
item_2458148698,2458148698,Items.2458148698,Items.2458148698,IC_3_MeetJordi,mission_tokens,both,TrainerItemDB,REWARD_ITEM_CANDIDATE,single-player AddItem path; persistence unverified
item_862604754,862604754,Items.862604754,Items.862604754,IC_4_Prison,mission_tokens,both,TrainerItemDB,REWARD_ITEM_CANDIDATE,single-player AddItem path; persistence unverified
item_292336870,292336870,Items.292336870,Items.292336870,IC_5_ViceroysHubUnlock,mission_tokens,both,TrainerItemDB,REWARD_ITEM_CANDIDATE,single-player AddItem path; persistence unverified
item_3007020944,3007020944,Items.3007020944,Items.3007020944,IC_6_ObserveRossiFremont,mission_tokens,both,TrainerItemDB,REWARD_ITEM_CANDIDATE,single-player AddItem path; persistence unverified
item_3912148265,3912148265,Items.3912148265,Items.3912148265,IC_7_WhoIsBedBug,mission_tokens,both,TrainerItemDB,REWARD_ITEM_CANDIDATE,single-player AddItem path; persistence unverified
item_1219325494,1219325494,Items.1219325494,Items.1219325494,IC_8_SideProject,mission_tokens,both,TrainerItemDB,REWARD_ITEM_CANDIDATE,single-player AddItem path; persistence unverified
item_3825009482,3825009482,Items.3825009482,Items.3825009482,IC_9_TailBriefcase,mission_tokens,both,TrainerItemDB,REWARD_ITEM_CANDIDATE,single-player AddItem path; persistence unverified
item_1031255738,1031255738,Items.1031255738,Items.1031255738,IC_A01_M03_SC009_BRK_PolicePresence,mission_tokens,both,TrainerItemDB,REWARD_ITEM_CANDIDATE,single-player AddItem path; persistence unverified
item_1532945140,1532945140,Items.1532945140,Items.1532945140,IC_A01_M03_SC031_IG_NikkiGetsACall,mission_tokens,both,TrainerItemDB,REWARD_ITEM_CANDIDATE,single-player AddItem path; persistence unverified
item_1141463387,1141463387,Items.1141463387,Items.1141463387,IC_A01_M04_MotelHubUnlock_SupportLines,mission_tokens,both,TrainerItemDB,REWARD_ITEM_CANDIDATE,single-player AddItem path; persistence unverified
item_512144202,512144202,Items.512144202,Items.512144202,IC_A01_M09_SC020_IG_HackingRelativesPhone,mission_tokens,both,TrainerItemDB,REWARD_ITEM_CANDIDATE,single-player AddItem path; persistence unverified
item_3562446030,3562446030,Items.3562446030,Items.3562446030,IC_A02_F01_SC010_IG_Racine,mission_tokens,both,TrainerItemDB,REWARD_ITEM_CANDIDATE,single-player AddItem path; persistence unverified
item_1492978970,1492978970,Items.1492978970,Items.1492978970,IC_A02_M04_HomelessChatter,mission_tokens,both,TrainerItemDB,REWARD_ITEM_CANDIDATE,single-player AddItem path; persistence unverified
item_1278352786,1278352786,Items.1278352786,Items.1278352786,IC_A02_M04_HomelessPhoneMale01,mission_tokens,both,TrainerItemDB,REWARD_ITEM_CANDIDATE,single-player AddItem path; persistence unverified
item_3656970013,3656970013,Items.3656970013,Items.3656970013,IC_A02_M04_TobiasChatter,mission_tokens,both,TrainerItemDB,REWARD_ITEM_CANDIDATE,single-player AddItem path; persistence unverified
item_2499312636,2499312636,Items.2499312636,Items.2499312636,IC_A02_M04_TobiasChatterLeaning,mission_tokens,both,TrainerItemDB,REWARD_ITEM_CANDIDATE,single-player AddItem path; persistence unverified
item_3842570409,3842570409,Items.3842570409,Items.3842570409,IC_A02_M04_TobiasChatterSitting,mission_tokens,both,TrainerItemDB,REWARD_ITEM_CANDIDATE,single-player AddItem path; persistence unverified
item_2911805422,2911805422,Items.2911805422,Items.2911805422,IC_A02_M06_BRK_ViceroysHubUnlock,mission_tokens,both,TrainerItemDB,REWARD_ITEM_CANDIDATE,single-player AddItem path; persistence unverified
item_2207970562,2207970562,Items.2207970562,Items.2207970562,IC_A02_M08A_SC030_IG_ScaredRabbitCall,mission_tokens,both,TrainerItemDB,REWARD_ITEM_CANDIDATE,single-player AddItem path; persistence unverified
item_2885575015,2885575015,Items.2885575015,Items.2885575015,IC_A02_M08D_SC010_IG_ExposeBedbug,mission_tokens,both,TrainerItemDB,REWARD_ITEM_CANDIDATE,single-player AddItem path; persistence unverified
item_704156046,704156046,Items.704156046,Items.704156046,IC_A02_M09A_SC010_IG_FollowBriefcase,mission_tokens,both,TrainerItemDB,REWARD_ITEM_CANDIDATE,single-player AddItem path; persistence unverified
item_3932700223,3932700223,Items.3932700223,Items.3932700223,IC_A02_M09B_SC013_IG_StealingIdentity,mission_tokens,both,TrainerItemDB,REWARD_ITEM_CANDIDATE,single-player AddItem path; persistence unverified
item_2091172900,2091172900,Items.2091172900,Items.2091172900,IC_A02_M10_SC012_BRK_RemoteBedbug2,mission_tokens,both,TrainerItemDB,REWARD_ITEM_CANDIDATE,single-player AddItem path; persistence unverified
item_4020690590,4020690590,Items.4020690590,Items.4020690590,IC_A02_M10_SC012_BRK_RemoteBedbug2A,mission_tokens,both,TrainerItemDB,REWARD_ITEM_CANDIDATE,single-player AddItem path; persistence unverified
item_2798399799,2798399799,Items.2798399799,Items.2798399799,IC_A04_M04_SC020_BRK_DJParty,mission_tokens,both,TrainerItemDB,REWARD_ITEM_CANDIDATE,single-player AddItem path; persistence unverified
item_2355134472,2355134472,Items.2355134472,Items.2355134472,IC_IOP_10_AishaTylerALT3,mission_tokens,both,TrainerItemDB,REWARD_ITEM_CANDIDATE,single-player AddItem path; persistence unverified
item_1059554357,1059554357,Items.1059554357,Items.1059554357,IC_IOP_11,mission_tokens,both,TrainerItemDB,REWARD_ITEM_CANDIDATE,single-player AddItem path; persistence unverified
item_336254966,336254966,Items.336254966,Items.336254966,IC_IOP_21,mission_tokens,both,TrainerItemDB,REWARD_ITEM_CANDIDATE,single-player AddItem path; persistence unverified
item_4251546307,4251546307,Items.4251546307,Items.4251546307,IC_IOP_27,mission_tokens,both,TrainerItemDB,REWARD_ITEM_CANDIDATE,single-player AddItem path; persistence unverified
item_3810494363,3810494363,Items.3810494363,Items.3810494363,IC_IOP_33,mission_tokens,both,TrainerItemDB,REWARD_ITEM_CANDIDATE,single-player AddItem path; persistence unverified
item_2105217592,2105217592,Items.2105217592,Items.2105217592,IC_IOP_34,mission_tokens,both,TrainerItemDB,REWARD_ITEM_CANDIDATE,single-player AddItem path; persistence unverified
item_3832693634,3832693634,Items.3832693634,Items.3832693634,IC_IOP_37,mission_tokens,both,TrainerItemDB,REWARD_ITEM_CANDIDATE,single-player AddItem path; persistence unverified
item_1512549884,1512549884,Items.1512549884,Items.1512549884,IC_XA01_M03_SC40_COM_CreepyJobOffer,mission_tokens,both,TrainerItemDB,REWARD_ITEM_CANDIDATE,single-player AddItem path; persistence unverified
item_191129886,191129886,Items.191129886,Items.191129886,IC_XA01_M10_SC010_COM_PrisonCallsAndConvo,mission_tokens,both,TrainerItemDB,REWARD_ITEM_CANDIDATE,single-player AddItem path; persistence unverified
item_335677187,335677187,Items.335677187,Items.335677187,IC_XA01_M10_SC020_COM_InterceptedOrders,mission_tokens,both,TrainerItemDB,REWARD_ITEM_CANDIDATE,single-player AddItem path; persistence unverified
item_2245831262,2245831262,Items.2245831262,Items.2245831262,IC_XA02_M04_SC020_COM_PokerCall,mission_tokens,both,TrainerItemDB,REWARD_ITEM_CANDIDATE,single-player AddItem path; persistence unverified
item_3547782212,3547782212,Items.3547782212,Items.3547782212,IC_XA02_M08A_SC030_COM_RabbitDead,mission_tokens,both,TrainerItemDB,REWARD_ITEM_CANDIDATE,single-player AddItem path; persistence unverified
item_3544012240,3544012240,Items.3544012240,Items.3544012240,IconDisableCallReinforcement,mission_tokens,both,TrainerItemDB,REWARD_ITEM_CANDIDATE,single-player AddItem path; persistence unverified
item_3030545286,3030545286,Items.3030545286,Items.3030545286,IconDisableCallReinforcement.Example,mission_tokens,both,TrainerItemDB,REWARD_ITEM_CANDIDATE,single-player AddItem path; persistence unverified
item_910333516,910333516,Items.910333516,Items.910333516,IconDisruptComm,mission_tokens,both,TrainerItemDB,REWARD_ITEM_CANDIDATE,single-player AddItem path; persistence unverified
item_725131413,725131413,Items.725131413,Items.725131413,IconDisruptComm.Example,mission_tokens,both,TrainerItemDB,REWARD_ITEM_CANDIDATE,single-player AddItem path; persistence unverified
item_462973371,462973371,Items.462973371,Items.462973371,IconDistract,mission_tokens,both,TrainerItemDB,REWARD_ITEM_CANDIDATE,single-player AddItem path; persistence unverified
item_3716593198,3716593198,Items.3716593198,Items.3716593198,IconDistract.Distract_Outcome01,mission_tokens,both,TrainerItemDB,REWARD_ITEM_CANDIDATE,single-player AddItem path; persistence unverified
item_3349004333,3349004333,Items.3349004333,Items.3349004333,IconDistract.Distract_Outcome01.01,mission_tokens,both,TrainerItemDB,REWARD_ITEM_CANDIDATE,single-player AddItem path; persistence unverified
item_1586794903,1586794903,Items.1586794903,Items.1586794903,IconDistract.Distract_Outcome01.02,mission_tokens,both,TrainerItemDB,REWARD_ITEM_CANDIDATE,single-player AddItem path; persistence unverified
item_697540865,697540865,Items.697540865,Items.697540865,IconDistract.Distract_Outcome01.03,mission_tokens,both,TrainerItemDB,REWARD_ITEM_CANDIDATE,single-player AddItem path; persistence unverified
item_3086431394,3086431394,Items.3086431394,Items.3086431394,IconDistract.Distract_Outcome01.04,mission_tokens,both,TrainerItemDB,REWARD_ITEM_CANDIDATE,single-player AddItem path; persistence unverified
item_3236955188,3236955188,Items.3236955188,Items.3236955188,IconDistract.Distract_Outcome01.05,mission_tokens,both,TrainerItemDB,REWARD_ITEM_CANDIDATE,single-player AddItem path; persistence unverified
item_1509512590,1509512590,Items.1509512590,Items.1509512590,IconDistract.Distract_Outcome01.06,mission_tokens,both,TrainerItemDB,REWARD_ITEM_CANDIDATE,single-player AddItem path; persistence unverified
item_788423960,788423960,Items.788423960,Items.788423960,IconDistract.Distract_Outcome01.07,mission_tokens,both,TrainerItemDB,REWARD_ITEM_CANDIDATE,single-player AddItem path; persistence unverified
item_3191961737,3191961737,Items.3191961737,Items.3191961737,IconDistract.Distract_Outcome01.08,mission_tokens,both,TrainerItemDB,REWARD_ITEM_CANDIDATE,single-player AddItem path; persistence unverified
item_3376826399,3376826399,Items.3376826399,Items.3376826399,IconDistract.Distract_Outcome01.09,mission_tokens,both,TrainerItemDB,REWARD_ITEM_CANDIDATE,single-player AddItem path; persistence unverified
item_2843853306,2843853306,Items.2843853306,Items.2843853306,IconDistract.Distract_Outcome01.10,mission_tokens,both,TrainerItemDB,REWARD_ITEM_CANDIDATE,single-player AddItem path; persistence unverified
item_1150281620,1150281620,Items.1150281620,Items.1150281620,IconDistract.Distract_Outcome02,mission_tokens,both,TrainerItemDB,REWARD_ITEM_CANDIDATE,single-player AddItem path; persistence unverified
item_3576197059,3576197059,Items.3576197059,Items.3576197059,IconDistract.Distract_Outcome02.01,mission_tokens,both,TrainerItemDB,REWARD_ITEM_CANDIDATE,single-player AddItem path; persistence unverified
item_1277247097,1277247097,Items.1277247097,Items.1277247097,IconDistract.Distract_Outcome02.02,mission_tokens,both,TrainerItemDB,REWARD_ITEM_CANDIDATE,single-player AddItem path; persistence unverified
item_992349935,992349935,Items.992349935,Items.992349935,IconDistract.Distract_Outcome02.03,mission_tokens,both,TrainerItemDB,REWARD_ITEM_CANDIDATE,single-player AddItem path; persistence unverified
item_2772605772,2772605772,Items.2772605772,Items.2772605772,IconDistract.Distract_Outcome02.04,mission_tokens,both,TrainerItemDB,REWARD_ITEM_CANDIDATE,single-player AddItem path; persistence unverified
item_3527781338,3527781338,Items.3527781338,Items.3527781338,IconDistract.Distract_Outcome02.05,mission_tokens,both,TrainerItemDB,REWARD_ITEM_CANDIDATE,single-player AddItem path; persistence unverified
item_1263336032,1263336032,Items.1263336032,Items.1263336032,IconDistract.Distract_Outcome02.06,mission_tokens,both,TrainerItemDB,REWARD_ITEM_CANDIDATE,single-player AddItem path; persistence unverified
item_1011600118,1011600118,Items.1011600118,Items.1011600118,IconDistract.Distract_Outcome02.07,mission_tokens,both,TrainerItemDB,REWARD_ITEM_CANDIDATE,single-player AddItem path; persistence unverified
item_2901727079,2901727079,Items.2901727079,Items.2901727079,IconDistract.Distract_Outcome02.08,mission_tokens,both,TrainerItemDB,REWARD_ITEM_CANDIDATE,single-player AddItem path; persistence unverified
item_3690194929,3690194929,Items.3690194929,Items.3690194929,IconDistract.Distract_Outcome02.09,mission_tokens,both,TrainerItemDB,REWARD_ITEM_CANDIDATE,single-player AddItem path; persistence unverified
item_3140775444,3140775444,Items.3140775444,Items.3140775444,IconDistract.Distract_Outcome02.10,mission_tokens,both,TrainerItemDB,REWARD_ITEM_CANDIDATE,single-player AddItem path; persistence unverified
item_3425918594,3425918594,Items.3425918594,Items.3425918594,IconDistract.Distract_Outcome02.11,mission_tokens,both,TrainerItemDB,REWARD_ITEM_CANDIDATE,single-player AddItem path; persistence unverified
item_1429868344,1429868344,Items.1429868344,Items.1429868344,IconDistract.Distract_Outcome02.12,mission_tokens,both,TrainerItemDB,REWARD_ITEM_CANDIDATE,single-player AddItem path; persistence unverified
item_574439342,574439342,Items.574439342,Items.574439342,IconDistract.Distract_Outcome02.13,mission_tokens,both,TrainerItemDB,REWARD_ITEM_CANDIDATE,single-player AddItem path; persistence unverified
item_3159992845,3159992845,Items.3159992845,Items.3159992845,IconDistract.Distract_Outcome02.14,mission_tokens,both,TrainerItemDB,REWARD_ITEM_CANDIDATE,single-player AddItem path; persistence unverified
item_3411974811,3411974811,Items.3411974811,Items.3411974811,IconDistract.Distract_Outcome02.15,mission_tokens,both,TrainerItemDB,REWARD_ITEM_CANDIDATE,single-player AddItem path; persistence unverified
item_1381485345,1381485345,Items.1381485345,Items.1381485345,IconDistract.Distract_Outcome02.16,mission_tokens,both,TrainerItemDB,REWARD_ITEM_CANDIDATE,single-player AddItem path; persistence unverified
item_626064311,626064311,Items.626064311,Items.626064311,IconDistract.Distract_Outcome02.17,mission_tokens,both,TrainerItemDB,REWARD_ITEM_CANDIDATE,single-player AddItem path; persistence unverified
item_3052398118,3052398118,Items.3052398118,Items.3052398118,IconDistract.Distract_Outcome02.18,mission_tokens,both,TrainerItemDB,REWARD_ITEM_CANDIDATE,single-player AddItem path; persistence unverified
item_3270039216,3270039216,Items.3270039216,Items.3270039216,IconDistract.Distract_Outcome02.19,mission_tokens,both,TrainerItemDB,REWARD_ITEM_CANDIDATE,single-player AddItem path; persistence unverified
item_2417573335,2417573335,Items.2417573335,Items.2417573335,IconDistract.Distract_Outcome02.20,mission_tokens,both,TrainerItemDB,REWARD_ITEM_CANDIDATE,single-player AddItem path; persistence unverified
item_3877506369,3877506369,Items.3877506369,Items.3877506369,IconDistract.Distract_Outcome02.21,mission_tokens,both,TrainerItemDB,REWARD_ITEM_CANDIDATE,single-player AddItem path; persistence unverified
item_2115460347,2115460347,Items.2115460347,Items.2115460347,IconDistract.Distract_Outcome02.22,mission_tokens,both,TrainerItemDB,REWARD_ITEM_CANDIDATE,single-player AddItem path; persistence unverified
item_152071277,152071277,Items.152071277,Items.152071277,IconDistract.Distract_Outcome02.23,mission_tokens,both,TrainerItemDB,REWARD_ITEM_CANDIDATE,single-player AddItem path; persistence unverified
item_295245269,295245269,Items.295245269,Items.295245269,IconDistract.Distract_Outcome02.24,mission_tokens,both,TrainerItemDB,REWARD_ITEM_CANDIDATE,single-player AddItem path; persistence unverified
item_3765684568,3765684568,Items.3765684568,Items.3765684568,IconDistract.Distract_Outcome02.25,mission_tokens,both,TrainerItemDB,REWARD_ITEM_CANDIDATE,single-player AddItem path; persistence unverified
item_2038077666,2038077666,Items.2038077666,Items.2038077666,IconDistract.Distract_Outcome02.26,mission_tokens,both,TrainerItemDB,REWARD_ITEM_CANDIDATE,single-player AddItem path; persistence unverified
item_243116148,243116148,Items.243116148,Items.243116148,IconDistract.Distract_Outcome02.27,mission_tokens,both,TrainerItemDB,REWARD_ITEM_CANDIDATE,single-player AddItem path; persistence unverified
item_2663560677,2663560677,Items.2663560677,Items.2663560677,IconDistract.Distract_Outcome02.28,mission_tokens,both,TrainerItemDB,REWARD_ITEM_CANDIDATE,single-player AddItem path; persistence unverified
item_3922036083,3922036083,Items.3922036083,Items.3922036083,IconDistract.Distract_Outcome02.29,mission_tokens,both,TrainerItemDB,REWARD_ITEM_CANDIDATE,single-player AddItem path; persistence unverified
item_2298612886,2298612886,Items.2298612886,Items.2298612886,IconDistract.Distract_Outcome02.30,mission_tokens,both,TrainerItemDB,REWARD_ITEM_CANDIDATE,single-player AddItem path; persistence unverified
item_4261755904,4261755904,Items.4261755904,Items.4261755904,IconDistract.Distract_Outcome02.31,mission_tokens,both,TrainerItemDB,REWARD_ITEM_CANDIDATE,single-player AddItem path; persistence unverified
item_1728867770,1728867770,Items.1728867770,Items.1728867770,IconDistract.Distract_Outcome02.32,mission_tokens,both,TrainerItemDB,REWARD_ITEM_CANDIDATE,single-player AddItem path; persistence unverified
item_269180204,269180204,Items.269180204,Items.269180204,IconDistract.Distract_Outcome02.33,mission_tokens,both,TrainerItemDB,REWARD_ITEM_CANDIDATE,single-player AddItem path; persistence unverified
item_2389690511,2389690511,Items.2389690511,Items.2389690511,IconDistract.Distract_Outcome02.34,mission_tokens,both,TrainerItemDB,REWARD_ITEM_CANDIDATE,single-player AddItem path; persistence unverified
item_4184406041,4184406041,Items.4184406041,Items.4184406041,IconDistract.Distract_Outcome02.35,mission_tokens,both,TrainerItemDB,REWARD_ITEM_CANDIDATE,single-player AddItem path; persistence unverified
item_1617013155,1617013155,Items.1617013155,Items.1617013155,IconDistract.Distract_Outcome02.36,mission_tokens,both,TrainerItemDB,REWARD_ITEM_CANDIDATE,single-player AddItem path; persistence unverified
item_392599861,392599861,Items.392599861,Items.392599861,IconDistract.Distract_Outcome02.37,mission_tokens,both,TrainerItemDB,REWARD_ITEM_CANDIDATE,single-player AddItem path; persistence unverified
item_2279179428,2279179428,Items.2279179428,Items.2279179428,IconDistract.Distract_Outcome02.38,mission_tokens,both,TrainerItemDB,REWARD_ITEM_CANDIDATE,single-player AddItem path; persistence unverified
item_4041126962,4041126962,Items.4041126962,Items.4041126962,IconDistract.Distract_Outcome02.39,mission_tokens,both,TrainerItemDB,REWARD_ITEM_CANDIDATE,single-player AddItem path; persistence unverified
item_3326319185,3326319185,Items.3326319185,Items.3326319185,IconDistract.Distract_Outcome02.40,mission_tokens,both,TrainerItemDB,REWARD_ITEM_CANDIDATE,single-player AddItem path; persistence unverified
item_2974067399,2974067399,Items.2974067399,Items.2974067399,IconDistract.Distract_Outcome02.41,mission_tokens,both,TrainerItemDB,REWARD_ITEM_CANDIDATE,single-player AddItem path; persistence unverified
item_676199293,676199293,Items.676199293,Items.676199293,IconDistract.Distract_Outcome02.42,mission_tokens,both,TrainerItemDB,REWARD_ITEM_CANDIDATE,single-player AddItem path; persistence unverified
item_1598737387,1598737387,Items.1598737387,Items.1598737387,IconDistract.Distract_Outcome02.43,mission_tokens,both,TrainerItemDB,REWARD_ITEM_CANDIDATE,single-player AddItem path; persistence unverified
item_3241041480,3241041480,Items.3241041480,Items.3241041480,IconDistract.Distract_Outcome02.44,mission_tokens,both,TrainerItemDB,REWARD_ITEM_CANDIDATE,single-player AddItem path; persistence unverified
item_3056168670,3056168670,Items.3056168670,Items.3056168670,IconDistract.Distract_Outcome02.45,mission_tokens,both,TrainerItemDB,REWARD_ITEM_CANDIDATE,single-player AddItem path; persistence unverified
item_790642532,790642532,Items.790642532,Items.790642532,IconDistract.Distract_Outcome02.46,mission_tokens,both,TrainerItemDB,REWARD_ITEM_CANDIDATE,single-player AddItem path; persistence unverified
item_1478954994,1478954994,Items.1478954994,Items.1478954994,IconDistract.Distract_Outcome02.47,mission_tokens,both,TrainerItemDB,REWARD_ITEM_CANDIDATE,single-player AddItem path; persistence unverified
item_3365409379,3365409379,Items.3365409379,Items.3365409379,IconDistract.Distract_Outcome02.48,mission_tokens,both,TrainerItemDB,REWARD_ITEM_CANDIDATE,single-player AddItem path; persistence unverified
item_3214877429,3214877429,Items.3214877429,Items.3214877429,IconDistract.Distract_Outcome02.49,mission_tokens,both,TrainerItemDB,REWARD_ITEM_CANDIDATE,single-player AddItem path; persistence unverified
item_3747130128,3747130128,Items.3747130128,Items.3747130128,IconDistract.Distract_Outcome02.50,mission_tokens,both,TrainerItemDB,REWARD_ITEM_CANDIDATE,single-player AddItem path; persistence unverified
item_2824838022,2824838022,Items.2824838022,Items.2824838022,IconDistract.Distract_Outcome02.51,mission_tokens,both,TrainerItemDB,REWARD_ITEM_CANDIDATE,single-player AddItem path; persistence unverified
item_827771452,827771452,Items.827771452,Items.827771452,IconDistract.Distract_Outcome02.52,mission_tokens,both,TrainerItemDB,REWARD_ITEM_CANDIDATE,single-player AddItem path; persistence unverified
item_2318311562,2318311562,Items.2318311562,Items.2318311562,IconDistract.Example,mission_tokens,both,TrainerItemDB,REWARD_ITEM_CANDIDATE,single-player AddItem path; persistence unverified
item_2088936047,2088936047,Items.2088936047,Items.2088936047,IconExplosive,mission_tokens,both,TrainerItemDB,REWARD_ITEM_CANDIDATE,single-player AddItem path; persistence unverified
item_54925885,54925885,Items.54925885,Items.54925885,IconExplosive.Example,mission_tokens,both,TrainerItemDB,REWARD_ITEM_CANDIDATE,single-player AddItem path; persistence unverified
item_867363106,867363106,Items.867363106,Items.867363106,InterceptedText_IoP20_female,mission_tokens,both,TrainerItemDB,REWARD_ITEM_CANDIDATE,single-player AddItem path; persistence unverified
item_4057917260,4057917260,Items.4057917260,Items.4057917260,InterceptedText_IoP20_male,mission_tokens,both,TrainerItemDB,REWARD_ITEM_CANDIDATE,single-player AddItem path; persistence unverified
item_1758967542,1758967542,Items.1758967542,Items.1758967542,InterceptedText_IoP23,mission_tokens,both,TrainerItemDB,REWARD_ITEM_CANDIDATE,single-player AddItem path; persistence unverified
item_2561614466,2561614466,Items.2561614466,Items.2561614466,InterceptedText_IoP35,mission_tokens,both,TrainerItemDB,REWARD_ITEM_CANDIDATE,single-player AddItem path; persistence unverified
item_388528704,388528704,Items.388528704,Items.388528704,InvasionOfPrivacy_AccessIDs,mission_tokens,both,TrainerItemDB,REWARD_ITEM_CANDIDATE,single-player AddItem path; persistence unverified
item_2220544950,2220544950,Items.2220544950,Items.2220544950,InvasionOfPrivacy_AccessIDs.InvasionOfPrivacy01_AccessID.InvasionOfPrivacy01_AccessID_BLOCKED,mission_tokens,both,TrainerItemDB,REWARD_ITEM_CANDIDATE,single-player AddItem path; persistence unverified
item_3166639564,3166639564,Items.3166639564,Items.3166639564,InvasionOfPrivacy_AccessIDs.InvasionOfPrivacy02_AccessID,mission_tokens,both,TrainerItemDB,REWARD_ITEM_CANDIDATE,single-player AddItem path; persistence unverified
item_3579253627,3579253627,Items.3579253627,Items.3579253627,InvasionOfPrivacy_AccessIDs.InvasionOfPrivacy02_AccessID.InvasionOfPrivacy02_AccessID_BLOCKED,mission_tokens,both,TrainerItemDB,REWARD_ITEM_CANDIDATE,single-player AddItem path; persistence unverified
item_1400733426,1400733426,Items.1400733426,Items.1400733426,InvasionOfPrivacy_AccessIDs.InvasionOfPrivacy03_AccessID,mission_tokens,both,TrainerItemDB,REWARD_ITEM_CANDIDATE,single-player AddItem path; persistence unverified
item_1400680191,1400680191,Items.1400680191,Items.1400680191,InvasionOfPrivacy_AccessIDs.InvasionOfPrivacy03_AccessID.InvasionOfPrivacy03_AccessID_BLOCKED,mission_tokens,both,TrainerItemDB,REWARD_ITEM_CANDIDATE,single-player AddItem path; persistence unverified
item_2001507041,2001507041,Items.2001507041,Items.2001507041,InvasionOfPrivacy_AccessIDs.InvasionOfPrivacy04_AccessID.InvasionOfPrivacy04_AccessID_BLOCKED,mission_tokens,both,TrainerItemDB,REWARD_ITEM_CANDIDATE,single-player AddItem path; persistence unverified
item_4050071397,4050071397,Items.4050071397,Items.4050071397,InvasionOfPrivacy_AccessIDs.InvasionOfPrivacy05_AccessID.InvasionOfPrivacy05_AccessID_BLOCKED,mission_tokens,both,TrainerItemDB,REWARD_ITEM_CANDIDATE,single-player AddItem path; persistence unverified
item_2691362728,2691362728,Items.2691362728,Items.2691362728,InvasionOfPrivacy_AccessIDs.InvasionOfPrivacy06_AccessID.InvasionOfPrivacy06_AccessID_BLOCKED,mission_tokens,both,TrainerItemDB,REWARD_ITEM_CANDIDATE,single-player AddItem path; persistence unverified
item_1519836808,1519836808,Items.1519836808,Items.1519836808,InvasionOfPrivacy_AccessIDs.InvasionOfPrivacy07_AccessID,mission_tokens,both,TrainerItemDB,REWARD_ITEM_CANDIDATE,single-player AddItem path; persistence unverified
item_641815084,641815084,Items.641815084,Items.641815084,InvasionOfPrivacy_AccessIDs.InvasionOfPrivacy07_AccessID.InvasionOfPrivacy07_AccessID_BLOCKED,mission_tokens,both,TrainerItemDB,REWARD_ITEM_CANDIDATE,single-player AddItem path; persistence unverified
item_3893008276,3893008276,Items.3893008276,Items.3893008276,InvasionOfPrivacy_AccessIDs.InvasionOfPrivacy08_AccessID.InvasionOfPrivacy08_AccessID_BLOCKED,mission_tokens,both,TrainerItemDB,REWARD_ITEM_CANDIDATE,single-player AddItem path; persistence unverified
item_1147137595,1147137595,Items.1147137595,Items.1147137595,InvasionOfPrivacy_AccessIDs.InvasionOfPrivacy09_AccessID,mission_tokens,both,TrainerItemDB,REWARD_ITEM_CANDIDATE,single-player AddItem path; persistence unverified
item_1847667216,1847667216,Items.1847667216,Items.1847667216,InvasionOfPrivacy_AccessIDs.InvasionOfPrivacy09_AccessID.InvasionOfPrivacy09_AccessID_BLOCKED,mission_tokens,both,TrainerItemDB,REWARD_ITEM_CANDIDATE,single-player AddItem path; persistence unverified
item_3894543030,3894543030,Items.3894543030,Items.3894543030,InvasionOfPrivacy_AccessIDs.InvasionOfPrivacy10_AccessID.InvasionOfPrivacy10_AccessID_BLOCKED,mission_tokens,both,TrainerItemDB,REWARD_ITEM_CANDIDATE,single-player AddItem path; persistence unverified
item_1682744168,1682744168,Items.1682744168,Items.1682744168,IoP01vr,mission_tokens,both,TrainerItemDB,REWARD_ITEM_CANDIDATE,single-player AddItem path; persistence unverified
item_2428963982,2428963982,Items.2428963982,Items.2428963982,IoP01vr.BLOCKED,mission_tokens,both,TrainerItemDB,REWARD_ITEM_CANDIDATE,single-player AddItem path; persistence unverified
item_1711938865,1711938865,Items.1711938865,Items.1711938865,IoP02vr,mission_tokens,both,TrainerItemDB,REWARD_ITEM_CANDIDATE,single-player AddItem path; persistence unverified
item_153447055,153447055,Items.153447055,Items.153447055,IoP02vr.BLOCKED,mission_tokens,both,TrainerItemDB,REWARD_ITEM_CANDIDATE,single-player AddItem path; persistence unverified
item_1741190918,1741190918,Items.1741190918,Items.1741190918,IoP03vr,mission_tokens,both,TrainerItemDB,REWARD_ITEM_CANDIDATE,single-player AddItem path; persistence unverified
item_3366696271,3366696271,Items.3366696271,Items.3366696271,IoP03vr.BLOCKED,mission_tokens,both,TrainerItemDB,REWARD_ITEM_CANDIDATE,single-player AddItem path; persistence unverified
item_1653039491,1653039491,Items.1653039491,Items.1653039491,IoP04vr,mission_tokens,both,TrainerItemDB,REWARD_ITEM_CANDIDATE,single-player AddItem path; persistence unverified
item_3784351948,3784351948,Items.3784351948,Items.3784351948,IoP04vr.BLOCKED,mission_tokens,both,TrainerItemDB,REWARD_ITEM_CANDIDATE,single-player AddItem path; persistence unverified
item_1665469364,1665469364,Items.1665469364,Items.1665469364,IoP05vr,mission_tokens,both,TrainerItemDB,REWARD_ITEM_CANDIDATE,single-player AddItem path; persistence unverified
item_538869516,538869516,Items.538869516,Items.538869516,IoP05vr.BLOCKED,mission_tokens,both,TrainerItemDB,REWARD_ITEM_CANDIDATE,single-player AddItem path; persistence unverified
item_1627633133,1627633133,Items.1627633133,Items.1627633133,IoP06vr,mission_tokens,both,TrainerItemDB,REWARD_ITEM_CANDIDATE,single-player AddItem path; persistence unverified
item_3120306445,3120306445,Items.3120306445,Items.3120306445,IoP06vr.BLOCKED,mission_tokens,both,TrainerItemDB,REWARD_ITEM_CANDIDATE,single-player AddItem path; persistence unverified
item_1623318490,1623318490,Items.1623318490,Items.1623318490,IoP07vr,mission_tokens,both,TrainerItemDB,REWARD_ITEM_CANDIDATE,single-player AddItem path; persistence unverified
item_2020787917,2020787917,Items.2020787917,Items.2020787917,IoP07vr.BLOCKED,mission_tokens,both,TrainerItemDB,REWARD_ITEM_CANDIDATE,single-player AddItem path; persistence unverified
item_1805490407,1805490407,Items.1805490407,Items.1805490407,IoP08vr,mission_tokens,both,TrainerItemDB,REWARD_ITEM_CANDIDATE,single-player AddItem path; persistence unverified
item_3951702539,3951702539,Items.3951702539,Items.3951702539,IoP08vr.BLOCKED,mission_tokens,both,TrainerItemDB,REWARD_ITEM_CANDIDATE,single-player AddItem path; persistence unverified
item_1784672976,1784672976,Items.1784672976,Items.1784672976,IoP09vr,mission_tokens,both,TrainerItemDB,REWARD_ITEM_CANDIDATE,single-player AddItem path; persistence unverified
item_704966091,704966091,Items.704966091,Items.704966091,IoP09vr.BLOCKED,mission_tokens,both,TrainerItemDB,REWARD_ITEM_CANDIDATE,single-player AddItem path; persistence unverified
item_3711086138,3711086138,Items.3711086138,Items.3711086138,IoP10vr,mission_tokens,both,TrainerItemDB,REWARD_ITEM_CANDIDATE,single-player AddItem path; persistence unverified
item_3404504865,3404504865,Items.3404504865,Items.3404504865,IoP10vr.BLOCKED,mission_tokens,both,TrainerItemDB,REWARD_ITEM_CANDIDATE,single-player AddItem path; persistence unverified
item_3706766349,3706766349,Items.3706766349,Items.3706766349,IoP11vr,mission_tokens,both,TrainerItemDB,REWARD_ITEM_CANDIDATE,single-player AddItem path; persistence unverified
item_190988513,190988513,Items.190988513,Items.190988513,IoP11vr.BLOCKED,mission_tokens,both,TrainerItemDB,REWARD_ITEM_CANDIDATE,single-player AddItem path; persistence unverified
item_3736500820,3736500820,Items.3736500820,Items.3736500820,IoP12vr,mission_tokens,both,TrainerItemDB,REWARD_ITEM_CANDIDATE,single-player AddItem path; persistence unverified
item_2457872096,2457872096,Items.2457872096,Items.2457872096,IoP12vr.BLOCKED,mission_tokens,both,TrainerItemDB,REWARD_ITEM_CANDIDATE,single-player AddItem path; persistence unverified
item_3748925539,3748925539,Items.3748925539,Items.3748925539,IoP13vr,mission_tokens,both,TrainerItemDB,REWARD_ITEM_CANDIDATE,single-player AddItem path; persistence unverified
item_1393490208,1393490208,Items.1393490208,Items.1393490208,IoP13vr.BLOCKED,mission_tokens,both,TrainerItemDB,REWARD_ITEM_CANDIDATE,single-player AddItem path; persistence unverified
item_3661301478,3661301478,Items.3661301478,Items.3661301478,IoP14vr,mission_tokens,both,TrainerItemDB,REWARD_ITEM_CANDIDATE,single-player AddItem path; persistence unverified
item_2050354339,2050354339,Items.2050354339,Items.2050354339,IoP14vr.BLOCKED,mission_tokens,both,TrainerItemDB,REWARD_ITEM_CANDIDATE,single-player AddItem path; persistence unverified
item_3690556625,3690556625,Items.3690556625,Items.3690556625,IoP15vr,mission_tokens,both,TrainerItemDB,REWARD_ITEM_CANDIDATE,single-player AddItem path; persistence unverified
item_3149607779,3149607779,Items.3149607779,Items.3149607779,IoP15vr.BLOCKED,mission_tokens,both,TrainerItemDB,REWARD_ITEM_CANDIDATE,single-player AddItem path; persistence unverified
item_3653227144,3653227144,Items.3653227144,Items.3653227144,IoP16vr,mission_tokens,both,TrainerItemDB,REWARD_ITEM_CANDIDATE,single-player AddItem path; persistence unverified
item_576279906,576279906,Items.576279906,Items.576279906,IoP16vr.BLOCKED,mission_tokens,both,TrainerItemDB,REWARD_ITEM_CANDIDATE,single-player AddItem path; persistence unverified
item_3632117951,3632117951,Items.3632117951,Items.3632117951,IoP17vr,mission_tokens,both,TrainerItemDB,REWARD_ITEM_CANDIDATE,single-player AddItem path; persistence unverified
item_3822553762,3822553762,Items.3822553762,Items.3822553762,IoP17vr.BLOCKED,mission_tokens,both,TrainerItemDB,REWARD_ITEM_CANDIDATE,single-player AddItem path; persistence unverified
item_3542220674,3542220674,Items.3542220674,Items.3542220674,IoP18vr,mission_tokens,both,TrainerItemDB,REWARD_ITEM_CANDIDATE,single-player AddItem path; persistence unverified
item_1882160740,1882160740,Items.1882160740,Items.1882160740,IoP18vr.BLOCKED,mission_tokens,both,TrainerItemDB,REWARD_ITEM_CANDIDATE,single-player AddItem path; persistence unverified
item_3538130357,3538130357,Items.3538130357,Items.3538130357,IoP19vr,mission_tokens,both,TrainerItemDB,REWARD_ITEM_CANDIDATE,single-player AddItem path; persistence unverified
item_2980159908,2980159908,Items.2980159908,Items.2980159908,IoP19vr.BLOCKED,mission_tokens,both,TrainerItemDB,REWARD_ITEM_CANDIDATE,single-player AddItem path; persistence unverified
item_3481731540,3481731540,Items.3481731540,Items.3481731540,IoP20vr,mission_tokens,both,TrainerItemDB,REWARD_ITEM_CANDIDATE,single-player AddItem path; persistence unverified
item_3178384849,3178384849,Items.3178384849,Items.3178384849,IoP20vr.BLOCKED,mission_tokens,both,TrainerItemDB,REWARD_ITEM_CANDIDATE,single-player AddItem path; persistence unverified
item_3460656099,3460656099,Items.3460656099,Items.3460656099,IoP21vr,mission_tokens,both,TrainerItemDB,REWARD_ITEM_CANDIDATE,single-player AddItem path; persistence unverified
item_2096927249,2096927249,Items.2096927249,Items.2096927249,IoP21vr.BLOCKED,mission_tokens,both,TrainerItemDB,REWARD_ITEM_CANDIDATE,single-player AddItem path; persistence unverified
item_3422803386,3422803386,Items.3422803386,Items.3422803386,IoP22vr,mission_tokens,both,TrainerItemDB,REWARD_ITEM_CANDIDATE,single-player AddItem path; persistence unverified
item_3844011024,3844011024,Items.3844011024,Items.3844011024,IoP22vr.BLOCKED,mission_tokens,both,TrainerItemDB,REWARD_ITEM_CANDIDATE,single-player AddItem path; persistence unverified
item_3452026765,3452026765,Items.3452026765,Items.3452026765,IoP23vr,mission_tokens,both,TrainerItemDB,REWARD_ITEM_CANDIDATE,single-player AddItem path; persistence unverified
item_613428176,613428176,Items.613428176,Items.613428176,IoP23vr.BLOCKED,mission_tokens,both,TrainerItemDB,REWARD_ITEM_CANDIDATE,single-player AddItem path; persistence unverified
item_3364792584,3364792584,Items.3364792584,Items.3364792584,IoP24vr,mission_tokens,both,TrainerItemDB,REWARD_ITEM_CANDIDATE,single-player AddItem path; persistence unverified
item_229326419,229326419,Items.229326419,Items.229326419,IoP24vr.BLOCKED,mission_tokens,both,TrainerItemDB,REWARD_ITEM_CANDIDATE,single-player AddItem path; persistence unverified
item_3377251135,3377251135,Items.3377251135,Items.3377251135,IoP25vr,mission_tokens,both,TrainerItemDB,REWARD_ITEM_CANDIDATE,single-player AddItem path; persistence unverified
item_3425034643,3425034643,Items.3425034643,Items.3425034643,IoP25vr.BLOCKED,mission_tokens,both,TrainerItemDB,REWARD_ITEM_CANDIDATE,single-player AddItem path; persistence unverified
item_3406462310,3406462310,Items.3406462310,Items.3406462310,IoP26vr,mission_tokens,both,TrainerItemDB,REWARD_ITEM_CANDIDATE,single-player AddItem path; persistence unverified
item_1439139730,1439139730,Items.1439139730,Items.1439139730,IoP26vr.BLOCKED,mission_tokens,both,TrainerItemDB,REWARD_ITEM_CANDIDATE,single-player AddItem path; persistence unverified
item_3402110801,3402110801,Items.3402110801,Items.3402110801,IoP27vr,mission_tokens,both,TrainerItemDB,REWARD_ITEM_CANDIDATE,single-player AddItem path; persistence unverified
item_2487834706,2487834706,Items.2487834706,Items.2487834706,IoP27vr.BLOCKED,mission_tokens,both,TrainerItemDB,REWARD_ITEM_CANDIDATE,single-player AddItem path; persistence unverified
item_3247722604,3247722604,Items.3247722604,Items.3247722604,IoP28vr,mission_tokens,both,TrainerItemDB,REWARD_ITEM_CANDIDATE,single-player AddItem path; persistence unverified
item_129084564,129084564,Items.129084564,Items.129084564,IoP28vr.BLOCKED,mission_tokens,both,TrainerItemDB,REWARD_ITEM_CANDIDATE,single-player AddItem path; persistence unverified
item_3226876507,3226876507,Items.3226876507,Items.3226876507,IoP29vr,mission_tokens,both,TrainerItemDB,REWARD_ITEM_CANDIDATE,single-player AddItem path; persistence unverified
item_3326047060,3326047060,Items.3326047060,Items.3326047060,IoP29vr.BLOCKED,mission_tokens,both,TrainerItemDB,REWARD_ITEM_CANDIDATE,single-player AddItem path; persistence unverified
item_2000381617,2000381617,Items.2000381617,Items.2000381617,IoP30vr,mission_tokens,both,TrainerItemDB,REWARD_ITEM_CANDIDATE,single-player AddItem path; persistence unverified
item_651624894,651624894,Items.651624894,Items.651624894,IoP30vr.BLOCKED,mission_tokens,both,TrainerItemDB,REWARD_ITEM_CANDIDATE,single-player AddItem path; persistence unverified
item_1996033158,1996033158,Items.1996033158,Items.1996033158,IoP31vr,mission_tokens,both,TrainerItemDB,REWARD_ITEM_CANDIDATE,single-player AddItem path; persistence unverified
item_3881426558,3881426558,Items.3881426558,Items.3881426558,IoP31vr.BLOCKED,mission_tokens,both,TrainerItemDB,REWARD_ITEM_CANDIDATE,single-player AddItem path; persistence unverified
item_1958720223,1958720223,Items.1958720223,Items.1958720223,IoP32vr,mission_tokens,both,TrainerItemDB,REWARD_ITEM_CANDIDATE,single-player AddItem path; persistence unverified
item_2126231679,2126231679,Items.2126231679,Items.2126231679,IoP32vr.BLOCKED,mission_tokens,both,TrainerItemDB,REWARD_ITEM_CANDIDATE,single-player AddItem path; persistence unverified
item_1971181800,1971181800,Items.1971181800,Items.1971181800,IoP33vr,mission_tokens,both,TrainerItemDB,REWARD_ITEM_CANDIDATE,single-player AddItem path; persistence unverified
item_3207948223,3207948223,Items.3207948223,Items.3207948223,IoP33vr.BLOCKED,mission_tokens,both,TrainerItemDB,REWARD_ITEM_CANDIDATE,single-player AddItem path; persistence unverified
item_1882377837,1882377837,Items.1882377837,Items.1882377837,IoP34vr,mission_tokens,both,TrainerItemDB,REWARD_ITEM_CANDIDATE,single-player AddItem path; persistence unverified
item_2517529148,2517529148,Items.2517529148,Items.2517529148,IoP34vr.BLOCKED,mission_tokens,both,TrainerItemDB,REWARD_ITEM_CANDIDATE,single-player AddItem path; persistence unverified
item_2456976335,2456976335,Items.2456976335,Items.2456976335,IoP35vr,mission_tokens,both,TrainerItemDB,REWARD_ITEM_CANDIDATE,single-player AddItem path; persistence unverified
item_1365732377,1365732377,Items.1365732377,Items.1365732377,IoP35vr.BLOCKED,mission_tokens,both,TrainerItemDB,REWARD_ITEM_CANDIDATE,single-player AddItem path; persistence unverified
item_1941314051,1941314051,Items.1941314051,Items.1941314051,IoP36vr,mission_tokens,both,TrainerItemDB,REWARD_ITEM_CANDIDATE,single-player AddItem path; persistence unverified
item_3462581245,3462581245,Items.3462581245,Items.3462581245,IoP36vr.BLOCKED,mission_tokens,both,TrainerItemDB,REWARD_ITEM_CANDIDATE,single-player AddItem path; persistence unverified
item_1920233524,1920233524,Items.1920233524,Items.1920233524,IoP37vr,mission_tokens,both,TrainerItemDB,REWARD_ITEM_CANDIDATE,single-player AddItem path; persistence unverified
item_267129917,267129917,Items.267129917,Items.267129917,IoP37vr.BLOCKED,mission_tokens,both,TrainerItemDB,REWARD_ITEM_CANDIDATE,single-player AddItem path; persistence unverified
item_2032678665,2032678665,Items.2032678665,Items.2032678665,IoP38vr,mission_tokens,both,TrainerItemDB,REWARD_ITEM_CANDIDATE,single-player AddItem path; persistence unverified
item_2618614011,2618614011,Items.2618614011,Items.2618614011,IoP38vr.BLOCKED,mission_tokens,both,TrainerItemDB,REWARD_ITEM_CANDIDATE,single-player AddItem path; persistence unverified
item_2028625214,2028625214,Items.2028625214,Items.2028625214,IoP39vr,mission_tokens,both,TrainerItemDB,REWARD_ITEM_CANDIDATE,single-player AddItem path; persistence unverified
item_1570389819,1570389819,Items.1570389819,Items.1570389819,IoP39vr.BLOCKED,mission_tokens,both,TrainerItemDB,REWARD_ITEM_CANDIDATE,single-player AddItem path; persistence unverified
item_3941359112,3941359112,Items.3941359112,Items.3941359112,IoP40vr,mission_tokens,both,TrainerItemDB,REWARD_ITEM_CANDIDATE,single-player AddItem path; persistence unverified
item_1380968497,1380968497,Items.1380968497,Items.1380968497,IoP40vr.BLOCKED,mission_tokens,both,TrainerItemDB,REWARD_ITEM_CANDIDATE,single-player AddItem path; persistence unverified
item_3945673791,3945673791,Items.3945673791,Items.3945673791,IoP41vr,mission_tokens,both,TrainerItemDB,REWARD_ITEM_CANDIDATE,single-player AddItem path; persistence unverified
item_2478913521,2478913521,Items.2478913521,Items.2478913521,IoP41vr.BLOCKED,mission_tokens,both,TrainerItemDB,REWARD_ITEM_CANDIDATE,single-player AddItem path; persistence unverified
item_4160027385,4160027385,Items.4160027385,Items.4160027385,Iop01,mission_tokens,both,TrainerItemDB,REWARD_ITEM_CANDIDATE,single-player AddItem path; persistence unverified
item_2778716253,2778716253,Items.2778716253,Items.2778716253,Iop01.BLOCKED,mission_tokens,both,TrainerItemDB,REWARD_ITEM_CANDIDATE,single-player AddItem path; persistence unverified
item_1862118211,1862118211,Items.1862118211,Items.1862118211,Iop02,mission_tokens,both,TrainerItemDB,REWARD_ITEM_CANDIDATE,single-player AddItem path; persistence unverified
item_2618483864,2618483864,Items.2618483864,Items.2618483864,Iop02.BLOCKED,mission_tokens,both,TrainerItemDB,REWARD_ITEM_CANDIDATE,single-player AddItem path; persistence unverified
item_435854293,435854293,Items.435854293,Items.435854293,Iop03,mission_tokens,both,TrainerItemDB,REWARD_ITEM_CANDIDATE,single-player AddItem path; persistence unverified
item_2338975963,2338975963,Items.2338975963,Items.2338975963,Iop03.BLOCKED,mission_tokens,both,TrainerItemDB,REWARD_ITEM_CANDIDATE,single-player AddItem path; persistence unverified
item_2275282550,2275282550,Items.2275282550,Items.2275282550,Iop04,mission_tokens,both,TrainerItemDB,REWARD_ITEM_CANDIDATE,single-player AddItem path; persistence unverified
item_4010319122,4010319122,Items.4010319122,Items.4010319122,Iop04.BLOCKED,mission_tokens,both,TrainerItemDB,REWARD_ITEM_CANDIDATE,single-player AddItem path; persistence unverified
item_4036574944,4036574944,Items.4036574944,Items.4036574944,Iop05,mission_tokens,both,TrainerItemDB,REWARD_ITEM_CANDIDATE,single-player AddItem path; persistence unverified
item_4168321361,4168321361,Items.4168321361,Items.4168321361,Iop05.BLOCKED,mission_tokens,both,TrainerItemDB,REWARD_ITEM_CANDIDATE,single-player AddItem path; persistence unverified
item_1771073370,1771073370,Items.1771073370,Items.1771073370,Iop06,mission_tokens,both,TrainerItemDB,REWARD_ITEM_CANDIDATE,single-player AddItem path; persistence unverified
item_3254695316,3254695316,Items.3254695316,Items.3254695316,Iop06.BLOCKED,mission_tokens,both,TrainerItemDB,REWARD_ITEM_CANDIDATE,single-player AddItem path; persistence unverified
item_513236940,513236940,Items.513236940,Items.513236940,Iop07,mission_tokens,both,TrainerItemDB,REWARD_ITEM_CANDIDATE,single-player AddItem path; persistence unverified
item_3599081943,3599081943,Items.3599081943,Items.3599081943,Iop07.BLOCKED,mission_tokens,both,TrainerItemDB,REWARD_ITEM_CANDIDATE,single-player AddItem path; persistence unverified
item_2385003101,2385003101,Items.2385003101,Items.2385003101,Iop08,mission_tokens,both,TrainerItemDB,REWARD_ITEM_CANDIDATE,single-player AddItem path; persistence unverified
item_154955270,154955270,Items.154955270,Items.154955270,Iop08.BLOCKED,mission_tokens,both,TrainerItemDB,REWARD_ITEM_CANDIDATE,single-player AddItem path; persistence unverified
item_4180636363,4180636363,Items.4180636363,Items.4180636363,Iop09,mission_tokens,both,TrainerItemDB,REWARD_ITEM_CANDIDATE,single-player AddItem path; persistence unverified
item_508000837,508000837,Items.508000837,Items.508000837,Iop09.BLOCKED,mission_tokens,both,TrainerItemDB,REWARD_ITEM_CANDIDATE,single-player AddItem path; persistence unverified
item_810377571,810377571,Items.810377571,Items.810377571,Iop10,mission_tokens,both,TrainerItemDB,REWARD_ITEM_CANDIDATE,single-player AddItem path; persistence unverified
item_2430608596,2430608596,Items.2430608596,Items.2430608596,Iop10.BLOCKED,mission_tokens,both,TrainerItemDB,REWARD_ITEM_CANDIDATE,single-player AddItem path; persistence unverified
item_1196052981,1196052981,Items.1196052981,Items.1196052981,Iop11,mission_tokens,both,TrainerItemDB,REWARD_ITEM_CANDIDATE,single-player AddItem path; persistence unverified
item_2275094679,2275094679,Items.2275094679,Items.2275094679,Iop11.BLOCKED,mission_tokens,both,TrainerItemDB,REWARD_ITEM_CANDIDATE,single-player AddItem path; persistence unverified
item_3728932943,3728932943,Items.3728932943,Items.3728932943,Iop12,mission_tokens,both,TrainerItemDB,REWARD_ITEM_CANDIDATE,single-player AddItem path; persistence unverified
item_3189115986,3189115986,Items.3189115986,Items.3189115986,Iop12.BLOCKED,mission_tokens,both,TrainerItemDB,REWARD_ITEM_CANDIDATE,single-player AddItem path; persistence unverified
item_2839818457,2839818457,Items.2839818457,Items.2839818457,Iop13,mission_tokens,both,TrainerItemDB,REWARD_ITEM_CANDIDATE,single-player AddItem path; persistence unverified
item_2842499089,2842499089,Items.2842499089,Items.2842499089,Iop13.BLOCKED,mission_tokens,both,TrainerItemDB,REWARD_ITEM_CANDIDATE,single-player AddItem path; persistence unverified
item_924886394,924886394,Items.924886394,Items.924886394,Iop14,mission_tokens,both,TrainerItemDB,REWARD_ITEM_CANDIDATE,single-player AddItem path; persistence unverified
item_3440145880,3440145880,Items.3440145880,Items.3440145880,Iop14.BLOCKED,mission_tokens,both,TrainerItemDB,REWARD_ITEM_CANDIDATE,single-player AddItem path; persistence unverified
item_1076336108,1076336108,Items.1076336108,Items.1076336108,Iop15,mission_tokens,both,TrainerItemDB,REWARD_ITEM_CANDIDATE,single-player AddItem path; persistence unverified
item_3665256859,3665256859,Items.3665256859,Items.3665256859,Iop15.BLOCKED,mission_tokens,both,TrainerItemDB,REWARD_ITEM_CANDIDATE,single-player AddItem path; persistence unverified
item_3643720790,3643720790,Items.3643720790,Items.3643720790,Iop16,mission_tokens,both,TrainerItemDB,REWARD_ITEM_CANDIDATE,single-player AddItem path; persistence unverified
item_3824835934,3824835934,Items.3824835934,Items.3824835934,Iop16.BLOCKED,mission_tokens,both,TrainerItemDB,REWARD_ITEM_CANDIDATE,single-player AddItem path; persistence unverified
item_2921985216,2921985216,Items.2921985216,Items.2921985216,Iop17,mission_tokens,both,TrainerItemDB,REWARD_ITEM_CANDIDATE,single-player AddItem path; persistence unverified
item_4102113565,4102113565,Items.4102113565,Items.4102113565,Iop17.BLOCKED,mission_tokens,both,TrainerItemDB,REWARD_ITEM_CANDIDATE,single-player AddItem path; persistence unverified
item_1050077521,1050077521,Items.1050077521,Items.1050077521,Iop18,mission_tokens,both,TrainerItemDB,REWARD_ITEM_CANDIDATE,single-player AddItem path; persistence unverified
item_725124812,725124812,Items.725124812,Items.725124812,Iop18.BLOCKED,mission_tokens,both,TrainerItemDB,REWARD_ITEM_CANDIDATE,single-player AddItem path; persistence unverified
item_1234295239,1234295239,Items.1234295239,Items.1234295239,Iop19,mission_tokens,both,TrainerItemDB,REWARD_ITEM_CANDIDATE,single-player AddItem path; persistence unverified
item_1011061391,1011061391,Items.1011061391,Items.1011061391,Iop19.BLOCKED,mission_tokens,both,TrainerItemDB,REWARD_ITEM_CANDIDATE,single-player AddItem path; persistence unverified
item_459289248,459289248,Items.459289248,Items.459289248,Iop20,mission_tokens,both,TrainerItemDB,REWARD_ITEM_CANDIDATE,single-player AddItem path; persistence unverified
item_2077728727,2077728727,Items.2077728727,Items.2077728727,Iop20.BLOCKED,mission_tokens,both,TrainerItemDB,REWARD_ITEM_CANDIDATE,single-player AddItem path; persistence unverified
item_1818690102,1818690102,Items.1818690102,Items.1818690102,Iop21,mission_tokens,both,TrainerItemDB,REWARD_ITEM_CANDIDATE,single-player AddItem path; persistence unverified
item_1823247252,1823247252,Items.1823247252,Items.1823247252,Iop21.BLOCKED,mission_tokens,both,TrainerItemDB,REWARD_ITEM_CANDIDATE,single-player AddItem path; persistence unverified
item_4117648268,4117648268,Items.4117648268,Items.4117648268,Iop22,mission_tokens,both,TrainerItemDB,REWARD_ITEM_CANDIDATE,single-player AddItem path; persistence unverified
item_1428272977,1428272977,Items.1428272977,Items.1428272977,Iop22.BLOCKED,mission_tokens,both,TrainerItemDB,REWARD_ITEM_CANDIDATE,single-player AddItem path; persistence unverified
item_2187944730,2187944730,Items.2187944730,Items.2187944730,Iop23,mission_tokens,both,TrainerItemDB,REWARD_ITEM_CANDIDATE,single-player AddItem path; persistence unverified
item_1113236242,1113236242,Items.1113236242,Items.1113236242,Iop23.BLOCKED,mission_tokens,both,TrainerItemDB,REWARD_ITEM_CANDIDATE,single-player AddItem path; persistence unverified
item_470677177,470677177,Items.470677177,Items.470677177,Iop24,mission_tokens,both,TrainerItemDB,REWARD_ITEM_CANDIDATE,single-player AddItem path; persistence unverified
item_641453787,641453787,Items.641453787,Items.641453787,Iop24.BLOCKED,mission_tokens,both,TrainerItemDB,REWARD_ITEM_CANDIDATE,single-player AddItem path; persistence unverified
item_1795868207,1795868207,Items.1795868207,Items.1795868207,Iop25,mission_tokens,both,TrainerItemDB,REWARD_ITEM_CANDIDATE,single-player AddItem path; persistence unverified
item_826333848,826333848,Items.826333848,Items.826333848,Iop25.BLOCKED,mission_tokens,both,TrainerItemDB,REWARD_ITEM_CANDIDATE,single-player AddItem path; persistence unverified
item_4060321685,4060321685,Items.4060321685,Items.4060321685,Iop26,mission_tokens,both,TrainerItemDB,REWARD_ITEM_CANDIDATE,single-player AddItem path; persistence unverified
item_147711581,147711581,Items.147711581,Items.147711581,Iop26.BLOCKED,mission_tokens,both,TrainerItemDB,REWARD_ITEM_CANDIDATE,single-player AddItem path; persistence unverified
item_2231674627,2231674627,Items.2231674627,Items.2231674627,Iop27,mission_tokens,both,TrainerItemDB,REWARD_ITEM_CANDIDATE,single-player AddItem path; persistence unverified
item_532083230,532083230,Items.532083230,Items.532083230,Iop27.BLOCKED,mission_tokens,both,TrainerItemDB,REWARD_ITEM_CANDIDATE,single-player AddItem path; persistence unverified
item_364624530,364624530,Items.364624530,Items.364624530,Iop28,mission_tokens,both,TrainerItemDB,REWARD_ITEM_CANDIDATE,single-player AddItem path; persistence unverified
item_3222224335,3222224335,Items.3222224335,Items.3222224335,Iop28.BLOCKED,mission_tokens,both,TrainerItemDB,REWARD_ITEM_CANDIDATE,single-player AddItem path; persistence unverified
item_1656523268,1656523268,Items.1656523268,Items.1656523268,Iop29,mission_tokens,both,TrainerItemDB,REWARD_ITEM_CANDIDATE,single-player AddItem path; persistence unverified
item_3614714252,3614714252,Items.3614714252,Items.3614714252,Iop29.BLOCKED,mission_tokens,both,TrainerItemDB,REWARD_ITEM_CANDIDATE,single-player AddItem path; persistence unverified
item_41616353,41616353,Items.41616353,Items.41616353,Iop30,mission_tokens,both,TrainerItemDB,REWARD_ITEM_CANDIDATE,single-player AddItem path; persistence unverified
item_2484466921,2484466921,Items.2484466921,Items.2484466921,Iop30.BLOCKED,mission_tokens,both,TrainerItemDB,REWARD_ITEM_CANDIDATE,single-player AddItem path; persistence unverified
item_1971073911,1971073911,Items.1971073911,Items.1971073911,Iop31,mission_tokens,both,TrainerItemDB,REWARD_ITEM_CANDIDATE,single-player AddItem path; persistence unverified
item_2205081770,2205081770,Items.2205081770,Items.2205081770,Iop31.BLOCKED,mission_tokens,both,TrainerItemDB,REWARD_ITEM_CANDIDATE,single-player AddItem path; persistence unverified
item_3967115981,3967115981,Items.3967115981,Items.3967115981,Iop32,mission_tokens,both,TrainerItemDB,REWARD_ITEM_CANDIDATE,single-player AddItem path; persistence unverified
item_3135495279,3135495279,Items.3135495279,Items.3135495279,Iop32.BLOCKED,mission_tokens,both,TrainerItemDB,REWARD_ITEM_CANDIDATE,single-player AddItem path; persistence unverified
item_2607960667,2607960667,Items.2607960667,Items.2607960667,Iop33,mission_tokens,both,TrainerItemDB,REWARD_ITEM_CANDIDATE,single-player AddItem path; persistence unverified
item_2912471084,2912471084,Items.2912471084,Items.2912471084,Iop33.BLOCKED,mission_tokens,both,TrainerItemDB,REWARD_ITEM_CANDIDATE,single-player AddItem path; persistence unverified
item_85379064,85379064,Items.85379064,Items.85379064,Iop34,mission_tokens,both,TrainerItemDB,REWARD_ITEM_CANDIDATE,single-player AddItem path; persistence unverified
item_3388581349,3388581349,Items.3388581349,Items.3388581349,Iop34.BLOCKED,mission_tokens,both,TrainerItemDB,REWARD_ITEM_CANDIDATE,single-player AddItem path; persistence unverified
item_1913780078,1913780078,Items.1913780078,Items.1913780078,Iop35,mission_tokens,both,TrainerItemDB,REWARD_ITEM_CANDIDATE,single-player AddItem path; persistence unverified
item_3733107110,3733107110,Items.3733107110,Items.3733107110,Iop35.BLOCKED,mission_tokens,both,TrainerItemDB,REWARD_ITEM_CANDIDATE,single-player AddItem path; persistence unverified
item_3944261332,3944261332,Items.3944261332,Items.3944261332,Iop36,mission_tokens,both,TrainerItemDB,REWARD_ITEM_CANDIDATE,single-player AddItem path; persistence unverified
item_3876556131,3876556131,Items.3876556131,Items.3876556131,Iop36.BLOCKED,mission_tokens,both,TrainerItemDB,REWARD_ITEM_CANDIDATE,single-player AddItem path; persistence unverified
item_2619315778,2619315778,Items.2619315778,Items.2619315778,Iop37,mission_tokens,both,TrainerItemDB,REWARD_ITEM_CANDIDATE,single-player AddItem path; persistence unverified
item_4034173216,4034173216,Items.4034173216,Items.4034173216,Iop37.BLOCKED,mission_tokens,both,TrainerItemDB,REWARD_ITEM_CANDIDATE,single-player AddItem path; persistence unverified
item_211848147,211848147,Items.211848147,Items.211848147,Iop38,mission_tokens,both,TrainerItemDB,REWARD_ITEM_CANDIDATE,single-player AddItem path; persistence unverified
item_801986289,801986289,Items.801986289,Items.801986289,Iop38.BLOCKED,mission_tokens,both,TrainerItemDB,REWARD_ITEM_CANDIDATE,single-player AddItem path; persistence unverified
item_2074590021,2074590021,Items.2074590021,Items.2074590021,Iop39,mission_tokens,both,TrainerItemDB,REWARD_ITEM_CANDIDATE,single-player AddItem path; persistence unverified
item_951468722,951468722,Items.951468722,Items.951468722,Iop39.BLOCKED,mission_tokens,both,TrainerItemDB,REWARD_ITEM_CANDIDATE,single-player AddItem path; persistence unverified
item_1295684902,1295684902,Items.1295684902,Items.1295684902,Iop40,mission_tokens,both,TrainerItemDB,REWARD_ITEM_CANDIDATE,single-player AddItem path; persistence unverified
item_1992945552,1992945552,Items.1992945552,Items.1992945552,Iop40.BLOCKED,mission_tokens,both,TrainerItemDB,REWARD_ITEM_CANDIDATE,single-player AddItem path; persistence unverified
item_977118640,977118640,Items.977118640,Items.977118640,Iop41,mission_tokens,both,TrainerItemDB,REWARD_ITEM_CANDIDATE,single-player AddItem path; persistence unverified
item_1639119827,1639119827,Items.1639119827,Items.1639119827,Iop41.BLOCKED,mission_tokens,both,TrainerItemDB,REWARD_ITEM_CANDIDATE,single-player AddItem path; persistence unverified
item_4241275623,4241275623,Items.4241275623,Items.4241275623,MainHubs,mission_tokens,both,TrainerItemDB,REWARD_ITEM_CANDIDATE,single-player AddItem path; persistence unverified
item_588926560,588926560,Items.588926560,Items.588926560,MainHubs.MainHub_B_Loop,mission_tokens,both,TrainerItemDB,REWARD_ITEM_CANDIDATE,single-player AddItem path; persistence unverified
item_1038686949,1038686949,Items.1038686949,Items.1038686949,MainHubs.MainHub_C_BRD,mission_tokens,both,TrainerItemDB,REWARD_ITEM_CANDIDATE,single-player AddItem path; persistence unverified
item_4176525297,4176525297,Items.4176525297,Items.4176525297,MainHubs.MainHub_D_Wards,mission_tokens,both,TrainerItemDB,REWARD_ITEM_CANDIDATE,single-player AddItem path; persistence unverified
item_437640787,437640787,Items.437640787,Items.437640787,MainHubs.MainHub_E_MadMile,mission_tokens,both,TrainerItemDB,REWARD_ITEM_CANDIDATE,single-player AddItem path; persistence unverified
item_2227505690,2227505690,Items.2227505690,Items.2227505690,MainHubs.MainHub_F_Pontiac,mission_tokens,both,TrainerItemDB,REWARD_ITEM_CANDIDATE,single-player AddItem path; persistence unverified
item_2980737819,2980737819,Items.2980737819,Items.2980737819,MainHubs.RossiFremont_FogOfWar,mission_tokens,both,TrainerItemDB,REWARD_ITEM_CANDIDATE,single-player AddItem path; persistence unverified
item_3958517565,3958517565,Items.3958517565,Items.3958517565,MauricePhoneCall01,mission_tokens,both,TrainerItemDB,REWARD_ITEM_CANDIDATE,single-player AddItem path; persistence unverified
item_879452014,879452014,Items.879452014,Items.879452014,MauricePhoneCallFull,mission_tokens,both,TrainerItemDB,REWARD_ITEM_CANDIDATE,single-player AddItem path; persistence unverified
item_3988510554,3988510554,Items.3988510554,Items.3988510554,MauricePhoneCallNone,mission_tokens,both,TrainerItemDB,REWARD_ITEM_CANDIDATE,single-player AddItem path; persistence unverified
item_2808536190,2808536190,Items.2808536190,Items.2808536190,Motel_MapIcon,mission_tokens,both,TrainerItemDB,REWARD_ITEM_CANDIDATE,single-player AddItem path; persistence unverified
item_951132347,951132347,Items.951132347,Items.951132347,Motel_MapIcon.BLOCKED,mission_tokens,both,TrainerItemDB,REWARD_ITEM_CANDIDATE,single-player AddItem path; persistence unverified
item_1502625626,1502625626,Items.1502625626,Items.1502625626,OnlineActivityRequestHacking,mission_tokens,both,TrainerItemDB,REWARD_ITEM_CANDIDATE,single-player AddItem path; persistence unverified
item_362810561,362810561,Items.362810561,Items.362810561,OnlineActivityRequestRace,mission_tokens,both,TrainerItemDB,REWARD_ITEM_CANDIDATE,single-player AddItem path; persistence unverified
item_4292191855,4292191855,Items.4292191855,Items.4292191855,OnlineActivityRequestTailing,mission_tokens,both,TrainerItemDB,REWARD_ITEM_CANDIDATE,single-player AddItem path; persistence unverified
item_3440431237,3440431237,Items.3440431237,Items.3440431237,PlatinumULC_MainScreen,mission_tokens,both,TrainerItemDB,REWARD_ITEM_CANDIDATE,single-player AddItem path; persistence unverified
item_4079723464,4079723464,Items.4079723464,Items.4079723464,PlatinumULC_WKZPC,mission_tokens,both,TrainerItemDB,REWARD_ITEM_CANDIDATE,single-player AddItem path; persistence unverified
item_2833486493,2833486493,Items.2833486493,Items.2833486493,Portals,mission_tokens,both,TrainerItemDB,REWARD_ITEM_CANDIDATE,single-player AddItem path; persistence unverified
item_2079510694,2079510694,Items.2079510694,Items.2079510694,Portals.InvasionsPropositionsUnlock,mission_tokens,both,TrainerItemDB,REWARD_ITEM_CANDIDATE,single-player AddItem path; persistence unverified
item_3627239581,3627239581,Items.3627239581,Items.3627239581,Portals.MultiplayerUnlock,mission_tokens,both,TrainerItemDB,REWARD_ITEM_CANDIDATE,single-player AddItem path; persistence unverified
item_3338009418,3338009418,Items.3338009418,Items.3338009418,Portals.RacesPropositionsUnlock,mission_tokens,both,TrainerItemDB,REWARD_ITEM_CANDIDATE,single-player AddItem path; persistence unverified
item_805029215,805029215,Items.805029215,Items.805029215,Progression_A01_M01_Stadium_ShadowMesh,mission_tokens,both,TrainerItemDB,REWARD_ITEM_CANDIDATE,single-player AddItem path; persistence unverified
item_3025729676,3025729676,Items.3025729676,Items.3025729676,Progression_A02_M03_a_MotelWindowsIntact_OFF,mission_tokens,both,TrainerItemDB,REWARD_ITEM_CANDIDATE,single-player AddItem path; persistence unverified
item_2836413338,2836413338,Items.2836413338,Items.2836413338,Progression_A02_M03_b_MotelWindowsBoardedUp_ON,mission_tokens,both,TrainerItemDB,REWARD_ITEM_CANDIDATE,single-player AddItem path; persistence unverified
item_3953320467,3953320467,Items.3953320467,Items.3953320467,Progression_A05_M01_Lighthouse_BeaconBroken_ON,mission_tokens,both,TrainerItemDB,REWARD_ITEM_CANDIDATE,single-player AddItem path; persistence unverified
item_1923855273,1923855273,Items.1923855273,Items.1923855273,Progression_A05_M01_Lighthouse_BeaconStatic_OFF,mission_tokens,both,TrainerItemDB,REWARD_ITEM_CANDIDATE,single-player AddItem path; persistence unverified
item_913540988,913540988,Items.913540988,Items.913540988,RareCarCollectibles,mission_tokens,both,TrainerItemDB,REWARD_ITEM_CANDIDATE,single-player AddItem path; persistence unverified
item_4134924909,4134924909,Items.4134924909,Items.4134924909,RareCarCollectibles.RareCar_01_GarageDoor,mission_tokens,both,TrainerItemDB,REWARD_ITEM_CANDIDATE,single-player AddItem path; persistence unverified
item_1942844957,1942844957,Items.1942844957,Items.1942844957,RareCarCollectibles.RareCar_01_GarageDoor_Opened,mission_tokens,both,TrainerItemDB,REWARD_ITEM_CANDIDATE,single-player AddItem path; persistence unverified
item_2325754743,2325754743,Items.2325754743,Items.2325754743,RareCarCollectibles.RareCar_01_GarageDoor_Opened.BLOCKED,mission_tokens,both,TrainerItemDB,REWARD_ITEM_CANDIDATE,single-player AddItem path; persistence unverified
item_2179670173,2179670173,Items.2179670173,Items.2179670173,RareCarCollectibles.RareCar_02_GarageDoor,mission_tokens,both,TrainerItemDB,REWARD_ITEM_CANDIDATE,single-player AddItem path; persistence unverified
item_3499880628,3499880628,Items.3499880628,Items.3499880628,RareCarCollectibles.RareCar_02_GarageDoor_Opened,mission_tokens,both,TrainerItemDB,REWARD_ITEM_CANDIDATE,single-player AddItem path; persistence unverified
item_959717044,959717044,Items.959717044,Items.959717044,RareCarCollectibles.RareCar_02_GarageDoor_Opened.BLOCKED,mission_tokens,both,TrainerItemDB,REWARD_ITEM_CANDIDATE,single-player AddItem path; persistence unverified
item_441347314,441347314,Items.441347314,Items.441347314,RareCarCollectibles.RareCar_03_GarageDoor,mission_tokens,both,TrainerItemDB,REWARD_ITEM_CANDIDATE,single-player AddItem path; persistence unverified
item_125399276,125399276,Items.125399276,Items.125399276,RareCarCollectibles.RareCar_03_GarageDoor_Opened,mission_tokens,both,TrainerItemDB,REWARD_ITEM_CANDIDATE,single-player AddItem path; persistence unverified
item_1471677941,1471677941,Items.1471677941,Items.1471677941,RareCarCollectibles.RareCar_03_GarageDoor_Opened.BLOCKED,mission_tokens,both,TrainerItemDB,REWARD_ITEM_CANDIDATE,single-player AddItem path; persistence unverified
item_1859552637,1859552637,Items.1859552637,Items.1859552637,RareCarCollectibles.RareCar_04_GarageDoor,mission_tokens,both,TrainerItemDB,REWARD_ITEM_CANDIDATE,single-player AddItem path; persistence unverified
item_1296563111,1296563111,Items.1296563111,Items.1296563111,RareCarCollectibles.RareCar_04_GarageDoor_Opened,mission_tokens,both,TrainerItemDB,REWARD_ITEM_CANDIDATE,single-player AddItem path; persistence unverified
item_2238530419,2238530419,Items.2238530419,Items.2238530419,RareCarCollectibles.RareCar_04_GarageDoor_Opened.BLOCKED,mission_tokens,both,TrainerItemDB,REWARD_ITEM_CANDIDATE,single-player AddItem path; persistence unverified
item_4118006034,4118006034,Items.4118006034,Items.4118006034,RareCarCollectibles.RareCar_05_GarageDoor,mission_tokens,both,TrainerItemDB,REWARD_ITEM_CANDIDATE,single-player AddItem path; persistence unverified
item_2594536447,2594536447,Items.2594536447,Items.2594536447,RareCarCollectibles.RareCar_05_GarageDoor_Opened,mission_tokens,both,TrainerItemDB,REWARD_ITEM_CANDIDATE,single-player AddItem path; persistence unverified
item_3957413938,3957413938,Items.3957413938,Items.3957413938,RareCarCollectibles.RareCar_05_GarageDoor_Opened.BLOCKED,mission_tokens,both,TrainerItemDB,REWARD_ITEM_CANDIDATE,single-player AddItem path; persistence unverified
item_2196577250,2196577250,Items.2196577250,Items.2196577250,RareCarCollectibles.RareCar_06_GarageDoor,mission_tokens,both,TrainerItemDB,REWARD_ITEM_CANDIDATE,single-player AddItem path; persistence unverified
item_972291414,972291414,Items.972291414,Items.972291414,RareCarCollectibles.RareCar_06_GarageDoor_Opened,mission_tokens,both,TrainerItemDB,REWARD_ITEM_CANDIDATE,single-player AddItem path; persistence unverified
item_1484092913,1484092913,Items.1484092913,Items.1484092913,RareCarCollectibles.RareCar_06_GarageDoor_Opened.BLOCKED,mission_tokens,both,TrainerItemDB,REWARD_ITEM_CANDIDATE,single-player AddItem path; persistence unverified
item_424171405,424171405,Items.424171405,Items.424171405,RareCarCollectibles.RareCar_07_GarageDoor,mission_tokens,both,TrainerItemDB,REWARD_ITEM_CANDIDATE,single-player AddItem path; persistence unverified
item_3994123534,3994123534,Items.3994123534,Items.3994123534,RareCarCollectibles.RareCar_07_GarageDoor_Opened,mission_tokens,both,TrainerItemDB,REWARD_ITEM_CANDIDATE,single-player AddItem path; persistence unverified
item_922316464,922316464,Items.922316464,Items.922316464,RareCarCollectibles.RareCar_07_GarageDoor_Opened.BLOCKED,mission_tokens,both,TrainerItemDB,REWARD_ITEM_CANDIDATE,single-player AddItem path; persistence unverified
item_1809631484,1809631484,Items.1809631484,Items.1809631484,RareCarCollectibles.RareCar_08_GarageDoor,mission_tokens,both,TrainerItemDB,REWARD_ITEM_CANDIDATE,single-player AddItem path; persistence unverified
item_2911824832,2911824832,Items.2911824832,Items.2911824832,RareCarCollectibles.RareCar_08_GarageDoor_Opened,mission_tokens,both,TrainerItemDB,REWARD_ITEM_CANDIDATE,single-player AddItem path; persistence unverified
item_649002684,649002684,Items.649002684,Items.649002684,RareCarCollectibles.RareCar_08_GarageDoor_Opened.BLOCKED,mission_tokens,both,TrainerItemDB,REWARD_ITEM_CANDIDATE,single-player AddItem path; persistence unverified
item_4034495635,4034495635,Items.4034495635,Items.4034495635,RareCarCollectibles.RareCar_09_GarageDoor,mission_tokens,both,TrainerItemDB,REWARD_ITEM_CANDIDATE,single-player AddItem path; persistence unverified
item_2053925784,2053925784,Items.2053925784,Items.2053925784,RareCarCollectibles.RareCar_09_GarageDoor_Opened,mission_tokens,both,TrainerItemDB,REWARD_ITEM_CANDIDATE,single-player AddItem path; persistence unverified
item_1210246653,1210246653,Items.1210246653,Items.1210246653,RareCarCollectibles.RareCar_09_GarageDoor_Opened.BLOCKED,mission_tokens,both,TrainerItemDB,REWARD_ITEM_CANDIDATE,single-player AddItem path; persistence unverified
item_2957404039,2957404039,Items.2957404039,Items.2957404039,RareCarCollectibles.RareCar_10_GarageDoor,mission_tokens,both,TrainerItemDB,REWARD_ITEM_CANDIDATE,single-player AddItem path; persistence unverified
item_3242773763,3242773763,Items.3242773763,Items.3242773763,RareCarCollectibles.RareCar_10_GarageDoor_Opened,mission_tokens,both,TrainerItemDB,REWARD_ITEM_CANDIDATE,single-player AddItem path; persistence unverified
item_3852064043,3852064043,Items.3852064043,Items.3852064043,RareCarCollectibles.RareCar_10_GarageDoor_Opened.BLOCKED,mission_tokens,both,TrainerItemDB,REWARD_ITEM_CANDIDATE,single-player AddItem path; persistence unverified
item_4051248516,4051248516,Items.4051248516,Items.4051248516,SK_M01_PsychoCPUEmail,mission_tokens,both,TrainerItemDB,REWARD_ITEM_CANDIDATE,single-player AddItem path; persistence unverified
item_4024062504,4024062504,Items.4024062504,Items.4024062504,SerialKillerPhoneCallFull,mission_tokens,both,TrainerItemDB,REWARD_ITEM_CANDIDATE,single-player AddItem path; persistence unverified
item_178912160,178912160,Items.178912160,Items.178912160,SerialKillerPhoneCallNone,mission_tokens,both,TrainerItemDB,REWARD_ITEM_CANDIDATE,single-player AddItem path; persistence unverified
item_2560855742,2560855742,Items.2560855742,Items.2560855742,SideInvestigationMissions,mission_tokens,both,TrainerItemDB,REWARD_ITEM_CANDIDATE,single-player AddItem path; persistence unverified
item_1004532504,1004532504,Items.1004532504,Items.1004532504,SideInvestigationMissions.CyberCrime,mission_tokens,both,TrainerItemDB,REWARD_ITEM_CANDIDATE,single-player AddItem path; persistence unverified
item_2780577993,2780577993,Items.2780577993,Items.2780577993,SideInvestigationMissions.HumanTrafficking,mission_tokens,both,TrainerItemDB,REWARD_ITEM_CANDIDATE,single-player AddItem path; persistence unverified
item_3456853844,3456853844,Items.3456853844,Items.3456853844,SideInvestigationMissions.Maurice,mission_tokens,both,TrainerItemDB,REWARD_ITEM_CANDIDATE,single-player AddItem path; persistence unverified
item_2000691475,2000691475,Items.2000691475,Items.2000691475,SideInvestigationMissions.SerialKiller,mission_tokens,both,TrainerItemDB,REWARD_ITEM_CANDIDATE,single-player AddItem path; persistence unverified
item_2517325237,2517325237,Items.2517325237,Items.2517325237,SideInvestigationMissions.WeaponTrafficking,mission_tokens,both,TrainerItemDB,REWARD_ITEM_CANDIDATE,single-player AddItem path; persistence unverified
item_3149054722,3149054722,Items.3149054722,Items.3149054722,SideInvestigationMissions.dlc01_DLC_Thread_01_Briefcase,mission_tokens,dlc_solo,TrainerItemDB,REWARD_ITEM_CANDIDATE,single-player AddItem path; persistence unverified
item_2648828357,2648828357,Items.2648828357,Items.2648828357,SideInvestigationMissions.dlc01_DLC_Thread_01_Crate,mission_tokens,dlc_solo,TrainerItemDB,REWARD_ITEM_CANDIDATE,single-player AddItem path; persistence unverified
item_2473641336,2473641336,Items.2473641336,Items.2473641336,SideInvestigationMissions.dlc01_DLC_Thread_01_Deadbody,mission_tokens,dlc_solo,TrainerItemDB,REWARD_ITEM_CANDIDATE,single-player AddItem path; persistence unverified
item_2003704092,2003704092,Items.2003704092,Items.2003704092,SideInvestigationMissions.dlc01_DLC_Thread_01_Hacker,mission_tokens,dlc_solo,TrainerItemDB,REWARD_ITEM_CANDIDATE,single-player AddItem path; persistence unverified
item_2294627197,2294627197,Items.2294627197,Items.2294627197,SideInvestigationMissions.dlc01_DLC_Thread_01_QRCode,mission_tokens,dlc_solo,TrainerItemDB,REWARD_ITEM_CANDIDATE,single-player AddItem path; persistence unverified
item_2886333272,2886333272,Items.2886333272,Items.2886333272,SideInvestigationMissions.dlc01_DLC_Thread_02_Crate,mission_tokens,dlc_solo,TrainerItemDB,REWARD_ITEM_CANDIDATE,single-player AddItem path; persistence unverified
item_3062672398,3062672398,Items.3062672398,Items.3062672398,SideInvestigationMissions.dlc01_DLC_Thread_02_Deadbody1,mission_tokens,dlc_solo,TrainerItemDB,REWARD_ITEM_CANDIDATE,single-player AddItem path; persistence unverified
item_797310388,797310388,Items.797310388,Items.797310388,SideInvestigationMissions.dlc01_DLC_Thread_02_Deadbody2,mission_tokens,dlc_solo,TrainerItemDB,REWARD_ITEM_CANDIDATE,single-player AddItem path; persistence unverified
item_4192280319,4192280319,Items.4192280319,Items.4192280319,SideInvestigationMissions.dlc01_DLC_Thread_02_Hacker,mission_tokens,dlc_solo,TrainerItemDB,REWARD_ITEM_CANDIDATE,single-player AddItem path; persistence unverified
item_105528478,105528478,Items.105528478,Items.105528478,SideInvestigationMissions.dlc01_DLC_Thread_02_QRCode01,mission_tokens,dlc_solo,TrainerItemDB,REWARD_ITEM_CANDIDATE,single-player AddItem path; persistence unverified
item_2531633365,2531633365,Items.2531633365,Items.2531633365,SideInvestigationMissions.dlc01_DLC_Thread_02_QRCode02,mission_tokens,dlc_solo,TrainerItemDB,REWARD_ITEM_CANDIDATE,single-player AddItem path; persistence unverified
item_2867149805,2867149805,Items.2867149805,Items.2867149805,SilverULC_Email01,mission_tokens,both,TrainerItemDB,REWARD_ITEM_CANDIDATE,single-player AddItem path; persistence unverified
item_871131735,871131735,Items.871131735,Items.871131735,SilverULC_Email02,mission_tokens,both,TrainerItemDB,REWARD_ITEM_CANDIDATE,single-player AddItem path; persistence unverified
item_1693933380,1693933380,Items.1693933380,Items.1693933380,SubHubs,mission_tokens,both,TrainerItemDB,REWARD_ITEM_CANDIDATE,single-player AddItem path; persistence unverified
item_3954940366,3954940366,Items.3954940366,Items.3954940366,SubHubs.SubHub_01_PSQ,mission_tokens,both,TrainerItemDB,REWARD_ITEM_CANDIDATE,single-player AddItem path; persistence unverified
item_2887508766,2887508766,Items.2887508766,Items.2887508766,SubHubs.SubHub_02_PSQ_a,mission_tokens,both,TrainerItemDB,REWARD_ITEM_CANDIDATE,single-player AddItem path; persistence unverified
item_839152406,839152406,Items.839152406,Items.839152406,SubHubs.SubHub_02_PSQ_b,mission_tokens,both,TrainerItemDB,REWARD_ITEM_CANDIDATE,single-player AddItem path; persistence unverified
item_1157841792,1157841792,Items.1157841792,Items.1157841792,SubHubs.SubHub_02_PSQ_c,mission_tokens,both,TrainerItemDB,REWARD_ITEM_CANDIDATE,single-player AddItem path; persistence unverified
item_3313730618,3313730618,Items.3313730618,Items.3313730618,SubHubs.SubHub_03_Loop,mission_tokens,both,TrainerItemDB,REWARD_ITEM_CANDIDATE,single-player AddItem path; persistence unverified
item_3632706690,3632706690,Items.3632706690,Items.3632706690,SubHubs.SubHub_04_Loop_a,mission_tokens,both,TrainerItemDB,REWARD_ITEM_CANDIDATE,single-player AddItem path; persistence unverified
item_452921034,452921034,Items.452921034,Items.452921034,SubHubs.SubHub_04_Loop_b,mission_tokens,both,TrainerItemDB,REWARD_ITEM_CANDIDATE,single-player AddItem path; persistence unverified
item_2504922505,2504922505,Items.2504922505,Items.2504922505,SubHubs.SubHub_06_Loop,mission_tokens,both,TrainerItemDB,REWARD_ITEM_CANDIDATE,single-player AddItem path; persistence unverified
item_262131418,262131418,Items.262131418,Items.262131418,SubHubs.SubHub_07_BRD,mission_tokens,both,TrainerItemDB,REWARD_ITEM_CANDIDATE,single-player AddItem path; persistence unverified
item_2379176203,2379176203,Items.2379176203,Items.2379176203,SubHubs.SubHub_08_BRD,mission_tokens,both,TrainerItemDB,REWARD_ITEM_CANDIDATE,single-player AddItem path; persistence unverified
item_2964287675,2964287675,Items.2964287675,Items.2964287675,SubHubs.SubHub_09_BRD_a,mission_tokens,both,TrainerItemDB,REWARD_ITEM_CANDIDATE,single-player AddItem path; persistence unverified
item_2289231344,2289231344,Items.2289231344,Items.2289231344,SubHubs.SubHub_09_BRD_b,mission_tokens,both,TrainerItemDB,REWARD_ITEM_CANDIDATE,single-player AddItem path; persistence unverified
item_1994637679,1994637679,Items.1994637679,Items.1994637679,SubHubs.SubHub_10_BRD_a,mission_tokens,both,TrainerItemDB,REWARD_ITEM_CANDIDATE,single-player AddItem path; persistence unverified
item_3510673597,3510673597,Items.3510673597,Items.3510673597,SubHubs.SubHub_10_BRD_b,mission_tokens,both,TrainerItemDB,REWARD_ITEM_CANDIDATE,single-player AddItem path; persistence unverified
item_1263383132,1263383132,Items.1263383132,Items.1263383132,SubHubs.SubHub_11_Wards_a,mission_tokens,both,TrainerItemDB,REWARD_ITEM_CANDIDATE,single-player AddItem path; persistence unverified
item_3962034341,3962034341,Items.3962034341,Items.3962034341,SubHubs.SubHub_11_Wards_b,mission_tokens,both,TrainerItemDB,REWARD_ITEM_CANDIDATE,single-player AddItem path; persistence unverified
item_2057676993,2057676993,Items.2057676993,Items.2057676993,SubHubs.SubHub_12_Wards_a,mission_tokens,both,TrainerItemDB,REWARD_ITEM_CANDIDATE,single-player AddItem path; persistence unverified
item_3584746592,3584746592,Items.3584746592,Items.3584746592,SubHubs.SubHub_12_Wards_b,mission_tokens,both,TrainerItemDB,REWARD_ITEM_CANDIDATE,single-player AddItem path; persistence unverified
item_3704791925,3704791925,Items.3704791925,Items.3704791925,SubHubs.SubHub_13_MadMile,mission_tokens,both,TrainerItemDB,REWARD_ITEM_CANDIDATE,single-player AddItem path; persistence unverified
item_742001353,742001353,Items.742001353,Items.742001353,SubHubs.SubHub_14_MadMile_a,mission_tokens,both,TrainerItemDB,REWARD_ITEM_CANDIDATE,single-player AddItem path; persistence unverified
item_632027699,632027699,Items.632027699,Items.632027699,SubHubs.SubHub_14_MadMile_b,mission_tokens,both,TrainerItemDB,REWARD_ITEM_CANDIDATE,single-player AddItem path; persistence unverified
item_994123402,994123402,Items.994123402,Items.994123402,SubHubs.SubHub_15_MadMile,mission_tokens,both,TrainerItemDB,REWARD_ITEM_CANDIDATE,single-player AddItem path; persistence unverified
item_2777795267,2777795267,Items.2777795267,Items.2777795267,SubHubs.SubHub_16_Pontiac_a,mission_tokens,both,TrainerItemDB,REWARD_ITEM_CANDIDATE,single-player AddItem path; persistence unverified
item_1142970786,1142970786,Items.1142970786,Items.1142970786,SubHubs.SubHub_16_Pontiac_b,mission_tokens,both,TrainerItemDB,REWARD_ITEM_CANDIDATE,single-player AddItem path; persistence unverified
item_1312871398,1312871398,Items.1312871398,Items.1312871398,TBoneSculptures,mission_tokens,both,TrainerItemDB,REWARD_ITEM_CANDIDATE,single-player AddItem path; persistence unverified
item_3473115949,3473115949,Items.3473115949,Items.3473115949,TEst,mission_tokens,both,TrainerItemDB,REWARD_ITEM_CANDIDATE,single-player AddItem path; persistence unverified
item_3936147048,3936147048,Items.3936147048,Items.3936147048,Transporter,mission_tokens,both,TrainerItemDB,REWARD_ITEM_CANDIDATE,single-player AddItem path; persistence unverified
item_722838453,722838453,Items.722838453,Items.722838453,Transporter.01,mission_tokens,both,TrainerItemDB,REWARD_ITEM_CANDIDATE,single-player AddItem path; persistence unverified
item_2988241423,2988241423,Items.2988241423,Items.2988241423,Transporter.02,mission_tokens,both,TrainerItemDB,REWARD_ITEM_CANDIDATE,single-player AddItem path; persistence unverified
item_3306930841,3306930841,Items.3306930841,Items.3306930841,Transporter.03,mission_tokens,both,TrainerItemDB,REWARD_ITEM_CANDIDATE,single-player AddItem path; persistence unverified
item_1535072058,1535072058,Items.1535072058,Items.1535072058,Transporter.04,mission_tokens,both,TrainerItemDB,REWARD_ITEM_CANDIDATE,single-player AddItem path; persistence unverified
item_746088364,746088364,Items.746088364,Items.746088364,Transporter.05,mission_tokens,both,TrainerItemDB,REWARD_ITEM_CANDIDATE,single-player AddItem path; persistence unverified
item_3044095510,3044095510,Items.3044095510,Items.3044095510,Transporter.06,mission_tokens,both,TrainerItemDB,REWARD_ITEM_CANDIDATE,single-player AddItem path; persistence unverified
item_3262514816,3262514816,Items.3262514816,Items.3262514816,Transporter.07,mission_tokens,both,TrainerItemDB,REWARD_ITEM_CANDIDATE,single-player AddItem path; persistence unverified
item_1388911377,1388911377,Items.1388911377,Items.1388911377,Transporter.08,mission_tokens,both,TrainerItemDB,REWARD_ITEM_CANDIDATE,single-player AddItem path; persistence unverified
item_634268551,634268551,Items.634268551,Items.634268551,Transporter.09,mission_tokens,both,TrainerItemDB,REWARD_ITEM_CANDIDATE,single-player AddItem path; persistence unverified
item_1158259298,1158259298,Items.1158259298,Items.1158259298,Transporter.10,mission_tokens,both,TrainerItemDB,REWARD_ITEM_CANDIDATE,single-player AddItem path; persistence unverified
item_3621474847,3621474847,Items.3621474847,Items.3621474847,ULCPlatinumPhoneCallFull,mission_tokens,both,TrainerItemDB,REWARD_ITEM_CANDIDATE,single-player AddItem path; persistence unverified
item_1211401840,1211401840,Items.1211401840,Items.1211401840,ULCPlatinumPhoneCallNone,mission_tokens,both,TrainerItemDB,REWARD_ITEM_CANDIDATE,single-player AddItem path; persistence unverified
item_2095507355,2095507355,Items.2095507355,Items.2095507355,ULCTree,mission_tokens,both,TrainerItemDB,REWARD_ITEM_CANDIDATE,single-player AddItem path; persistence unverified
item_1387550143,1387550143,Items.1387550143,Items.1387550143,ULCTree.ATMHackBoost,mission_tokens,both,TrainerItemDB,REWARD_ITEM_CANDIDATE,single-player AddItem path; persistence unverified
item_1859144615,1859144615,Items.1859144615,Items.1859144615,ULCTree.BlumeWeaponBoost,mission_tokens,both,TrainerItemDB,REWARD_ITEM_CANDIDATE,single-player AddItem path; persistence unverified
item_50569213,50569213,Items.50569213,Items.50569213,ULCTree.DedsecBatteryBoost,mission_tokens,both,TrainerItemDB,REWARD_ITEM_CANDIDATE,single-player AddItem path; persistence unverified
item_2023451323,2023451323,Items.2023451323,Items.2023451323,ULCTree.DrivingMaster,mission_tokens,both,TrainerItemDB,REWARD_ITEM_CANDIDATE,single-player AddItem path; persistence unverified
item_2612314573,2612314573,Items.2612314573,Items.2612314573,ULCTree.ExpertGrip,mission_tokens,both,TrainerItemDB,REWARD_ITEM_CANDIDATE,single-player AddItem path; persistence unverified
item_3410660868,3410660868,Items.3410660868,Items.3410660868,ULCTree.HackingExpert,mission_tokens,both,TrainerItemDB,REWARD_ITEM_CANDIDATE,single-player AddItem path; persistence unverified
item_489046389,489046389,Items.489046389,Items.489046389,ULCTree.SurperiorCapacity,mission_tokens,both,TrainerItemDB,REWARD_ITEM_CANDIDATE,single-player AddItem path; persistence unverified
item_89259079,89259079,Items.89259079,Items.89259079,ULCTree.ULCAccessTree,mission_tokens,both,TrainerItemDB,REWARD_ITEM_CANDIDATE,single-player AddItem path; persistence unverified
item_3790460066,3790460066,Items.3790460066,Items.3790460066,ULCTree.VehicleExpert,mission_tokens,both,TrainerItemDB,REWARD_ITEM_CANDIDATE,single-player AddItem path; persistence unverified
item_2471296769,2471296769,Items.2471296769,Items.2471296769,ULC_BatteryPack,mission_tokens,both,TrainerItemDB,REWARD_ITEM_CANDIDATE,single-player AddItem path; persistence unverified
item_927620893,927620893,Items.927620893,Items.927620893,ULC_Gold,mission_tokens,both,TrainerItemDB,REWARD_ITEM_CANDIDATE,single-player AddItem path; persistence unverified
item_4251509570,4251509570,Items.4251509570,Items.4251509570,ULC_Gold_BiometricRifle,mission_tokens,both,TrainerItemDB,REWARD_ITEM_CANDIDATE,single-player AddItem path; persistence unverified
item_2119434247,2119434247,Items.2119434247,Items.2119434247,ULC_Gold_access_code,mission_tokens,both,TrainerItemDB,REWARD_ITEM_CANDIDATE,single-player AddItem path; persistence unverified
item_2728528679,2728528679,Items.2728528679,Items.2728528679,ULC_Platinum_HardDrives,mission_tokens,both,TrainerItemDB,REWARD_ITEM_CANDIDATE,single-player AddItem path; persistence unverified
item_2527392020,2527392020,Items.2527392020,Items.2527392020,ULC_Platinum_HardDrives.HardDrive01,mission_tokens,both,TrainerItemDB,REWARD_ITEM_CANDIDATE,single-player AddItem path; persistence unverified
item_395438621,395438621,Items.395438621,Items.395438621,ULC_Platinum_HardDrives.HardDrive01.BLOCKED,mission_tokens,both,TrainerItemDB,REWARD_ITEM_CANDIDATE,single-player AddItem path; persistence unverified
item_263037102,263037102,Items.263037102,Items.263037102,ULC_Platinum_HardDrives.HardDrive02,mission_tokens,both,TrainerItemDB,REWARD_ITEM_CANDIDATE,single-player AddItem path; persistence unverified
item_773641944,773641944,Items.773641944,Items.773641944,ULC_Platinum_HardDrives.HardDrive02.BLOCKED,mission_tokens,both,TrainerItemDB,REWARD_ITEM_CANDIDATE,single-player AddItem path; persistence unverified
item_2024443960,2024443960,Items.2024443960,Items.2024443960,ULC_Platinum_HardDrives.HardDrive03,mission_tokens,both,TrainerItemDB,REWARD_ITEM_CANDIDATE,single-player AddItem path; persistence unverified
item_963101339,963101339,Items.963101339,Items.963101339,ULC_Platinum_HardDrives.HardDrive03.BLOCKED,mission_tokens,both,TrainerItemDB,REWARD_ITEM_CANDIDATE,single-player AddItem path; persistence unverified
item_3872261531,3872261531,Items.3872261531,Items.3872261531,ULC_Platinum_HardDrives.HardDrive04,mission_tokens,both,TrainerItemDB,REWARD_ITEM_CANDIDATE,single-player AddItem path; persistence unverified
item_1560719186,1560719186,Items.1560719186,Items.1560719186,ULC_Platinum_HardDrives.HardDrive04.BLOCKED,mission_tokens,both,TrainerItemDB,REWARD_ITEM_CANDIDATE,single-player AddItem path; persistence unverified
item_2445882637,2445882637,Items.2445882637,Items.2445882637,ULC_Platinum_HardDrives.HardDrive05,mission_tokens,both,TrainerItemDB,REWARD_ITEM_CANDIDATE,single-player AddItem path; persistence unverified
item_1249753873,1249753873,Items.1249753873,Items.1249753873,ULC_Platinum_HardDrives.HardDrive05.BLOCKED,mission_tokens,both,TrainerItemDB,REWARD_ITEM_CANDIDATE,single-player AddItem path; persistence unverified
item_146826423,146826423,Items.146826423,Items.146826423,ULC_Platinum_HardDrives.HardDrive06,mission_tokens,both,TrainerItemDB,REWARD_ITEM_CANDIDATE,single-player AddItem path; persistence unverified
item_1945143252,1945143252,Items.1945143252,Items.1945143252,ULC_Platinum_HardDrives.HardDrive06.BLOCKED,mission_tokens,both,TrainerItemDB,REWARD_ITEM_CANDIDATE,single-player AddItem path; persistence unverified
item_2143769633,2143769633,Items.2143769633,Items.2143769633,ULC_Platinum_HardDrives.HardDrive07,mission_tokens,both,TrainerItemDB,REWARD_ITEM_CANDIDATE,single-player AddItem path; persistence unverified
item_1686868887,1686868887,Items.1686868887,Items.1686868887,ULC_Platinum_HardDrives.HardDrive07.BLOCKED,mission_tokens,both,TrainerItemDB,REWARD_ITEM_CANDIDATE,single-player AddItem path; persistence unverified
item_4017637808,4017637808,Items.4017637808,Items.4017637808,ULC_Platinum_HardDrives.HardDrive08,mission_tokens,both,TrainerItemDB,REWARD_ITEM_CANDIDATE,single-player AddItem path; persistence unverified
item_3140639814,3140639814,Items.3140639814,Items.3140639814,ULC_Platinum_HardDrives.HardDrive08.BLOCKED,mission_tokens,both,TrainerItemDB,REWARD_ITEM_CANDIDATE,single-player AddItem path; persistence unverified
item_2558490918,2558490918,Items.2558490918,Items.2558490918,ULC_Platinum_HardDrives.HardDrive09,mission_tokens,both,TrainerItemDB,REWARD_ITEM_CANDIDATE,single-player AddItem path; persistence unverified
item_2890483717,2890483717,Items.2890483717,Items.2890483717,ULC_Platinum_HardDrives.HardDrive09.BLOCKED,mission_tokens,both,TrainerItemDB,REWARD_ITEM_CANDIDATE,single-player AddItem path; persistence unverified
item_4172869827,4172869827,Items.4172869827,Items.4172869827,ULC_Platinum_HardDrives.HardDrive10,mission_tokens,both,TrainerItemDB,REWARD_ITEM_CANDIDATE,single-player AddItem path; persistence unverified
item_4012414304,4012414304,Items.4012414304,Items.4012414304,ULC_Platinum_HardDrives.HardDrive10.BLOCKED,mission_tokens,both,TrainerItemDB,REWARD_ITEM_CANDIDATE,single-player AddItem path; persistence unverified
item_238926576,238926576,Items.238926576,Items.238926576,ULC_Weapon_Block,mission_tokens,both,TrainerItemDB,REWARD_ITEM_CANDIDATE,single-player AddItem path; persistence unverified
item_1543821735,1543821735,Items.1543821735,Items.1543821735,ULC_Weapon_Block.ULC_Weapon_1920VintageGun_Block,mission_tokens,both,TrainerItemDB,REWARD_ITEM_CANDIDATE,single-player AddItem path; persistence unverified
item_446557869,446557869,Items.446557869,Items.446557869,ULC_Weapon_Block.ULC_Weapon_CyberpunkGun_Block,mission_tokens,both,TrainerItemDB,REWARD_ITEM_CANDIDATE,single-player AddItem path; persistence unverified
item_2680982654,2680982654,Items.2680982654,Items.2680982654,ULC_Weapon_Block.ULC_Weapon_MPA412_Block,mission_tokens,both,TrainerItemDB,REWARD_ITEM_CANDIDATE,single-player AddItem path; persistence unverified
item_521156959,521156959,Items.521156959,Items.521156959,ULC_Weapon_Block.ULC_Weapon_R33b_Block,mission_tokens,both,TrainerItemDB,REWARD_ITEM_CANDIDATE,single-player AddItem path; persistence unverified
item_2433519637,2433519637,Items.2433519637,Items.2433519637,ULC_Weapon_Block.UPlayReward_Weapon_D50_Block,mission_tokens,both,TrainerItemDB,REWARD_ITEM_CANDIDATE,single-player AddItem path; persistence unverified
item_1865794528,1865794528,Items.1865794528,Items.1865794528,VRAccess,mission_tokens,both,TrainerItemDB,REWARD_ITEM_CANDIDATE,single-player AddItem path; persistence unverified
item_2254539424,2254539424,Items.2254539424,Items.2254539424,VRAccess.MainHub_BrandonDocks,mission_tokens,both,TrainerItemDB,REWARD_ITEM_CANDIDATE,single-player AddItem path; persistence unverified
item_2324147732,2324147732,Items.2324147732,Items.2324147732,VRAccess.MainHub_BrandonDocks.BLOCKED,mission_tokens,both,TrainerItemDB,REWARD_ITEM_CANDIDATE,single-player AddItem path; persistence unverified
item_2419674293,2419674293,Items.2419674293,Items.2419674293,VRAccess.MainHub_MadMile,mission_tokens,both,TrainerItemDB,REWARD_ITEM_CANDIDATE,single-player AddItem path; persistence unverified
item_510448466,510448466,Items.510448466,Items.510448466,VRAccess.MainHub_MadMile.BLOCKED,mission_tokens,both,TrainerItemDB,REWARD_ITEM_CANDIDATE,single-player AddItem path; persistence unverified
item_929342521,929342521,Items.929342521,Items.929342521,VRAccess.MainHub_Pontiac,mission_tokens,both,TrainerItemDB,REWARD_ITEM_CANDIDATE,single-player AddItem path; persistence unverified
item_1486943000,1486943000,Items.1486943000,Items.1486943000,VRAccess.MainHub_Pontiac.BLOCKED,mission_tokens,both,TrainerItemDB,REWARD_ITEM_CANDIDATE,single-player AddItem path; persistence unverified
item_2194751791,2194751791,Items.2194751791,Items.2194751791,VRAccess.MainHub_TheLoop,mission_tokens,both,TrainerItemDB,REWARD_ITEM_CANDIDATE,single-player AddItem path; persistence unverified
item_567035814,567035814,Items.567035814,Items.567035814,VRAccess.MainHub_TheLoop.BLOCKED,mission_tokens,both,TrainerItemDB,REWARD_ITEM_CANDIDATE,single-player AddItem path; persistence unverified
item_2111968709,2111968709,Items.2111968709,Items.2111968709,VRAccess.MainHub_TheWards,mission_tokens,both,TrainerItemDB,REWARD_ITEM_CANDIDATE,single-player AddItem path; persistence unverified
item_2899050788,2899050788,Items.2899050788,Items.2899050788,VRAccess.MainHub_TheWards.BLOCKED,mission_tokens,both,TrainerItemDB,REWARD_ITEM_CANDIDATE,single-player AddItem path; persistence unverified
item_3192952178,3192952178,Items.3192952178,Items.3192952178,WeaponTradeMissions,mission_tokens,both,TrainerItemDB,REWARD_ITEM_CANDIDATE,single-player AddItem path; persistence unverified
item_1622075198,1622075198,Items.1622075198,Items.1622075198,WeaponTradeMissions.WeaponTrade_01_GarageDoor,mission_tokens,both,TrainerItemDB,REWARD_ITEM_CANDIDATE,single-player AddItem path; persistence unverified
item_1516565514,1516565514,Items.1516565514,Items.1516565514,WeaponTradeMissions.WeaponTrade_01_GarageDoor_Opened,mission_tokens,both,TrainerItemDB,REWARD_ITEM_CANDIDATE,single-player AddItem path; persistence unverified
item_295042509,295042509,Items.295042509,Items.295042509,WeaponTradeMissions.WeaponTrade_01_GarageDoor_Opened.BLOCKED,mission_tokens,both,TrainerItemDB,REWARD_ITEM_CANDIDATE,single-player AddItem path; persistence unverified
item_389035470,389035470,Items.389035470,Items.389035470,WeaponTradeMissions.WeaponTrade_02_GarageDoor,mission_tokens,both,TrainerItemDB,REWARD_ITEM_CANDIDATE,single-player AddItem path; persistence unverified
item_3924875721,3924875721,Items.3924875721,Items.3924875721,WeaponTradeMissions.WeaponTrade_02_GarageDoor_Opened,mission_tokens,both,TrainerItemDB,REWARD_ITEM_CANDIDATE,single-player AddItem path; persistence unverified
item_2588328916,2588328916,Items.2588328916,Items.2588328916,WeaponTradeMissions.WeaponTrade_02_GarageDoor_Opened.BLOCKED,mission_tokens,both,TrainerItemDB,REWARD_ITEM_CANDIDATE,single-player AddItem path; persistence unverified
item_2358606241,2358606241,Items.2358606241,Items.2358606241,WeaponTradeMissions.WeaponTrade_03_GarageDoor,mission_tokens,both,TrainerItemDB,REWARD_ITEM_CANDIDATE,single-player AddItem path; persistence unverified
item_2273100424,2273100424,Items.2273100424,Items.2273100424,WeaponTradeMissions.WeaponTrade_03_GarageDoor_Opened,mission_tokens,both,TrainerItemDB,REWARD_ITEM_CANDIDATE,single-player AddItem path; persistence unverified
item_1440273436,1440273436,Items.1440273436,Items.1440273436,WeaponTradeMissions.WeaponTrade_03_GarageDoor_Opened.BLOCKED,mission_tokens,both,TrainerItemDB,REWARD_ITEM_CANDIDATE,single-player AddItem path; persistence unverified
item_4161638446,4161638446,Items.4161638446,Items.4161638446,WeaponTradeMissions.WeaponTrade_04_GarageDoor,mission_tokens,both,TrainerItemDB,REWARD_ITEM_CANDIDATE,single-player AddItem path; persistence unverified
item_1437172750,1437172750,Items.1437172750,Items.1437172750,WeaponTradeMissions.WeaponTrade_04_GarageDoor_Opened,mission_tokens,both,TrainerItemDB,REWARD_ITEM_CANDIDATE,single-player AddItem path; persistence unverified
item_1452390823,1452390823,Items.1452390823,Items.1452390823,WeaponTradeMissions.WeaponTrade_04_GarageDoor_Opened.BLOCKED,mission_tokens,both,TrainerItemDB,REWARD_ITEM_CANDIDATE,single-player AddItem path; persistence unverified
item_1672010817,1672010817,Items.1672010817,Items.1672010817,WeaponTradeMissions.WeaponTrade_05_GarageDoor,mission_tokens,both,TrainerItemDB,REWARD_ITEM_CANDIDATE,single-player AddItem path; persistence unverified
item_992321359,992321359,Items.992321359,Items.992321359,WeaponTradeMissions.WeaponTrade_05_GarageDoor_Opened,mission_tokens,both,TrainerItemDB,REWARD_ITEM_CANDIDATE,single-player AddItem path; persistence unverified
item_2567941743,2567941743,Items.2567941743,Items.2567941743,WeaponTradeMissions.WeaponTrade_05_GarageDoor_Opened.BLOCKED,mission_tokens,both,TrainerItemDB,REWARD_ITEM_CANDIDATE,single-player AddItem path; persistence unverified
item_339087025,339087025,Items.339087025,Items.339087025,WeaponTradeMissions.WeaponTrade_06_GarageDoor,mission_tokens,both,TrainerItemDB,REWARD_ITEM_CANDIDATE,single-player AddItem path; persistence unverified
item_2293346956,2293346956,Items.2293346956,Items.2293346956,WeaponTradeMissions.WeaponTrade_06_GarageDoor_Opened,mission_tokens,both,TrainerItemDB,REWARD_ITEM_CANDIDATE,single-player AddItem path; persistence unverified
item_316444790,316444790,Items.316444790,Items.316444790,WeaponTradeMissions.WeaponTrade_06_GarageDoor_Opened.BLOCKED,mission_tokens,both,TrainerItemDB,REWARD_ITEM_CANDIDATE,single-player AddItem path; persistence unverified
item_2408792798,2408792798,Items.2408792798,Items.2408792798,WeaponTradeMissions.WeaponTrade_07_GarageDoor,mission_tokens,both,TrainerItemDB,REWARD_ITEM_CANDIDATE,single-player AddItem path; persistence unverified
item_3862800845,3862800845,Items.3862800845,Items.3862800845,WeaponTradeMissions.WeaponTrade_07_GarageDoor_Opened,mission_tokens,both,TrainerItemDB,REWARD_ITEM_CANDIDATE,single-player AddItem path; persistence unverified
item_3712124862,3712124862,Items.3712124862,Items.3712124862,WeaponTradeMissions.WeaponTrade_07_GarageDoor_Opened.BLOCKED,mission_tokens,both,TrainerItemDB,REWARD_ITEM_CANDIDATE,single-player AddItem path; persistence unverified
item_4245151151,4245151151,Items.4245151151,Items.4245151151,WeaponTradeMissions.WeaponTrade_08_GarageDoor,mission_tokens,both,TrainerItemDB,REWARD_ITEM_CANDIDATE,single-player AddItem path; persistence unverified
item_4134156737,4134156737,Items.4134156737,Items.4134156737,WeaponTradeMissions.WeaponTrade_08_GarageDoor_Opened,mission_tokens,both,TrainerItemDB,REWARD_ITEM_CANDIDATE,single-player AddItem path; persistence unverified
item_340675328,340675328,Items.340675328,Items.340675328,WeaponTradeMissions.WeaponTrade_08_GarageDoor_Opened.BLOCKED,mission_tokens,both,TrainerItemDB,REWARD_ITEM_CANDIDATE,single-player AddItem path; persistence unverified
item_1721930176,1721930176,Items.1721930176,Items.1721930176,WeaponTradeMissions.WeaponTrade_09_GarageDoor,mission_tokens,both,TrainerItemDB,REWARD_ITEM_CANDIDATE,single-player AddItem path; persistence unverified
item_2565218944,2565218944,Items.2565218944,Items.2565218944,WeaponTradeMissions.WeaponTrade_09_GarageDoor_Opened,mission_tokens,both,TrainerItemDB,REWARD_ITEM_CANDIDATE,single-player AddItem path; persistence unverified
item_3687865544,3687865544,Items.3687865544,Items.3687865544,WeaponTradeMissions.WeaponTrade_09_GarageDoor_Opened.BLOCKED,mission_tokens,both,TrainerItemDB,REWARD_ITEM_CANDIDATE,single-player AddItem path; persistence unverified
item_647852756,647852756,Items.647852756,Items.647852756,WeaponTradeMissions.WeaponTrade_10_GarageDoor,mission_tokens,both,TrainerItemDB,REWARD_ITEM_CANDIDATE,single-player AddItem path; persistence unverified
item_895291990,895291990,Items.895291990,Items.895291990,WeaponTradeMissions.WeaponTrade_10_GarageDoor_Opened,mission_tokens,both,TrainerItemDB,REWARD_ITEM_CANDIDATE,single-player AddItem path; persistence unverified
item_1266368144,1266368144,Items.1266368144,Items.1266368144,WeaponTradeMissions.WeaponTrade_10_GarageDoor_Opened.BLOCKED,mission_tokens,both,TrainerItemDB,REWARD_ITEM_CANDIDATE,single-player AddItem path; persistence unverified
item_4102123269,4102123269,Items.4102123269,Items.4102123269,WeaponTraffickingPhoneCallFull,mission_tokens,both,TrainerItemDB,REWARD_ITEM_CANDIDATE,single-player AddItem path; persistence unverified
item_4020566660,4020566660,Items.4020566660,Items.4020566660,WeaponTraffickingPhoneCallHalf,mission_tokens,both,TrainerItemDB,REWARD_ITEM_CANDIDATE,single-player AddItem path; persistence unverified
item_1879027685,1879027685,Items.1879027685,Items.1879027685,WeaponTraffickingPhoneCallNone,mission_tokens,both,TrainerItemDB,REWARD_ITEM_CANDIDATE,single-player AddItem path; persistence unverified
item_3794823147,3794823147,Items.3794823147,Items.3794823147,WeaponTraffickingPhoneCallSome,mission_tokens,both,TrainerItemDB,REWARD_ITEM_CANDIDATE,single-player AddItem path; persistence unverified
item_183354759,183354759,Items.183354759,Items.183354759,XA02_M90b_SC001_COM_CrispinPhoneHack,mission_tokens,both,TrainerItemDB,REWARD_ITEM_CANDIDATE,single-player AddItem path; persistence unverified
item_217251486,217251486,Items.217251486,Items.217251486,convoy1,mission_tokens,both,TrainerItemDB,REWARD_ITEM_CANDIDATE,single-player AddItem path; persistence unverified
item_3814757276,3814757276,Items.3814757276,Items.3814757276,convoy10,mission_tokens,both,TrainerItemDB,REWARD_ITEM_CANDIDATE,single-player AddItem path; persistence unverified
item_2489819914,2489819914,Items.2489819914,Items.2489819914,convoy11,mission_tokens,both,TrainerItemDB,REWARD_ITEM_CANDIDATE,single-player AddItem path; persistence unverified
item_225374896,225374896,Items.225374896,Items.225374896,convoy12,mission_tokens,both,TrainerItemDB,REWARD_ITEM_CANDIDATE,single-player AddItem path; persistence unverified
item_2053751334,2053751334,Items.2053751334,Items.2053751334,convoy13,mission_tokens,both,TrainerItemDB,REWARD_ITEM_CANDIDATE,single-player AddItem path; persistence unverified
item_3826079621,3826079621,Items.3826079621,Items.3826079621,convoy14,mission_tokens,both,TrainerItemDB,REWARD_ITEM_CANDIDATE,single-player AddItem path; persistence unverified
item_2466932499,2466932499,Items.2466932499,Items.2466932499,convoy15,mission_tokens,both,TrainerItemDB,REWARD_ITEM_CANDIDATE,single-player AddItem path; persistence unverified
item_167982761,167982761,Items.167982761,Items.167982761,convoy16,mission_tokens,both,TrainerItemDB,REWARD_ITEM_CANDIDATE,single-player AddItem path; persistence unverified
item_2097415743,2097415743,Items.2097415743,Items.2097415743,convoy17,mission_tokens,both,TrainerItemDB,REWARD_ITEM_CANDIDATE,single-player AddItem path; persistence unverified
item_3988462510,3988462510,Items.3988462510,Items.3988462510,convoy18,mission_tokens,both,TrainerItemDB,REWARD_ITEM_CANDIDATE,single-player AddItem path; persistence unverified
item_2596023096,2596023096,Items.2596023096,Items.2596023096,convoy19,mission_tokens,both,TrainerItemDB,REWARD_ITEM_CANDIDATE,single-player AddItem path; persistence unverified
item_2516299556,2516299556,Items.2516299556,Items.2516299556,convoy2,mission_tokens,both,TrainerItemDB,REWARD_ITEM_CANDIDATE,single-player AddItem path; persistence unverified
item_3360538719,3360538719,Items.3360538719,Items.3360538719,convoy20,mission_tokens,both,TrainerItemDB,REWARD_ITEM_CANDIDATE,single-player AddItem path; persistence unverified
item_3808206770,3808206770,Items.3808206770,Items.3808206770,convoy3,mission_tokens,both,TrainerItemDB,REWARD_ITEM_CANDIDATE,single-player AddItem path; persistence unverified
item_2090338833,2090338833,Items.2090338833,Items.2090338833,convoy4,mission_tokens,both,TrainerItemDB,REWARD_ITEM_CANDIDATE,single-player AddItem path; persistence unverified
item_194984583,194984583,Items.194984583,Items.194984583,convoy5,mission_tokens,both,TrainerItemDB,REWARD_ITEM_CANDIDATE,single-player AddItem path; persistence unverified
item_2459331389,2459331389,Items.2459331389,Items.2459331389,convoy6,mission_tokens,both,TrainerItemDB,REWARD_ITEM_CANDIDATE,single-player AddItem path; persistence unverified
item_3851508651,3851508651,Items.3851508651,Items.3851508651,convoy7,mission_tokens,both,TrainerItemDB,REWARD_ITEM_CANDIDATE,single-player AddItem path; persistence unverified
item_1965966906,1965966906,Items.1965966906,Items.1965966906,convoy8,mission_tokens,both,TrainerItemDB,REWARD_ITEM_CANDIDATE,single-player AddItem path; persistence unverified
item_36271788,36271788,Items.36271788,Items.36271788,convoy9,mission_tokens,both,TrainerItemDB,REWARD_ITEM_CANDIDATE,single-player AddItem path; persistence unverified
item_3479371287,3479371287,Items.3479371287,Items.3479371287,ctOS_Breach,mission_tokens,both,TrainerItemDB,REWARD_ITEM_CANDIDATE,single-player AddItem path; persistence unverified
item_1607757102,1607757102,Items.1607757102,Items.1607757102,ctOS_Breach.ctOs_Breach_001,mission_tokens,both,TrainerItemDB,REWARD_ITEM_CANDIDATE,single-player AddItem path; persistence unverified
item_1969284803,1969284803,Items.1969284803,Items.1969284803,ctOS_Breach.ctOs_Breach_001.ctOS_Breach_001_BLOCKED,mission_tokens,both,TrainerItemDB,REWARD_ITEM_CANDIDATE,single-player AddItem path; persistence unverified
item_3336387732,3336387732,Items.3336387732,Items.3336387732,ctOS_Breach.ctOs_Breach_002,mission_tokens,both,TrainerItemDB,REWARD_ITEM_CANDIDATE,single-player AddItem path; persistence unverified
item_2030070869,2030070869,Items.2030070869,Items.2030070869,ctOS_Breach.ctOs_Breach_002.ctOS_Breach_002_BLOCKED,mission_tokens,both,TrainerItemDB,REWARD_ITEM_CANDIDATE,single-player AddItem path; persistence unverified
item_2983857154,2983857154,Items.2983857154,Items.2983857154,ctOS_Breach.ctOs_Breach_003,mission_tokens,both,TrainerItemDB,REWARD_ITEM_CANDIDATE,single-player AddItem path; persistence unverified
item_3421562904,3421562904,Items.3421562904,Items.3421562904,ctOS_Breach.ctOs_Breach_003.ctOS_Breach_003_BLOCKED,mission_tokens,both,TrainerItemDB,REWARD_ITEM_CANDIDATE,single-player AddItem path; persistence unverified
item_801020321,801020321,Items.801020321,Items.801020321,ctOS_Breach.ctOs_Breach_004,mission_tokens,both,TrainerItemDB,REWARD_ITEM_CANDIDATE,single-player AddItem path; persistence unverified
item_1640069497,1640069497,Items.1640069497,Items.1640069497,ctOS_Breach.ctOs_Breach_004.ctOS_Breach_004_BLOCKED,mission_tokens,both,TrainerItemDB,REWARD_ITEM_CANDIDATE,single-player AddItem path; persistence unverified
item_1488562487,1488562487,Items.1488562487,Items.1488562487,ctOS_Breach.ctOs_Breach_005,mission_tokens,both,TrainerItemDB,REWARD_ITEM_CANDIDATE,single-player AddItem path; persistence unverified
item_3543268660,3543268660,Items.3543268660,Items.3543268660,ctOS_Breach.ctOs_Breach_005.ctOS_Breach_005_BLOCKED,mission_tokens,both,TrainerItemDB,REWARD_ITEM_CANDIDATE,single-player AddItem path; persistence unverified
item_3249600653,3249600653,Items.3249600653,Items.3249600653,ctOS_Breach.ctOs_Breach_006,mission_tokens,both,TrainerItemDB,REWARD_ITEM_CANDIDATE,single-player AddItem path; persistence unverified
item_3746658210,3746658210,Items.3746658210,Items.3746658210,ctOS_Breach.ctOs_Breach_006.ctOS_Breach_006_BLOCKED,mission_tokens,both,TrainerItemDB,REWARD_ITEM_CANDIDATE,single-player AddItem path; persistence unverified
item_3065497627,3065497627,Items.3065497627,Items.3065497627,ctOS_Breach.ctOs_Breach_007,mission_tokens,both,TrainerItemDB,REWARD_ITEM_CANDIDATE,single-player AddItem path; persistence unverified
item_1839330287,1839330287,Items.1839330287,Items.1839330287,ctOS_Breach.ctOs_Breach_007.ctOS_Breach_007_BLOCKED,mission_tokens,both,TrainerItemDB,REWARD_ITEM_CANDIDATE,single-player AddItem path; persistence unverified
item_638113162,638113162,Items.638113162,Items.638113162,ctOS_Breach.ctOs_Breach_008,mission_tokens,both,TrainerItemDB,REWARD_ITEM_CANDIDATE,single-player AddItem path; persistence unverified
item_1346589473,1346589473,Items.1346589473,Items.1346589473,ctOS_Breach.ctOs_Breach_008.ctOS_Breach_008_BLOCKED,mission_tokens,both,TrainerItemDB,REWARD_ITEM_CANDIDATE,single-player AddItem path; persistence unverified
item_1359996188,1359996188,Items.1359996188,Items.1359996188,ctOS_Breach.ctOs_Breach_009,mission_tokens,both,TrainerItemDB,REWARD_ITEM_CANDIDATE,single-player AddItem path; persistence unverified
item_3803436908,3803436908,Items.3803436908,Items.3803436908,ctOS_Breach.ctOs_Breach_009.ctOS_Breach_009_BLOCKED,mission_tokens,both,TrainerItemDB,REWARD_ITEM_CANDIDATE,single-player AddItem path; persistence unverified
item_835218681,835218681,Items.835218681,Items.835218681,ctOS_Breach.ctOs_Breach_010,mission_tokens,both,TrainerItemDB,REWARD_ITEM_CANDIDATE,single-player AddItem path; persistence unverified
item_3478105895,3478105895,Items.3478105895,Items.3478105895,ctOS_Breach.ctOs_Breach_010.ctOS_Breach_010_BLOCKED,mission_tokens,both,TrainerItemDB,REWARD_ITEM_CANDIDATE,single-player AddItem path; persistence unverified
item_1187994735,1187994735,Items.1187994735,Items.1187994735,ctOS_Breach.ctOs_Breach_011,mission_tokens,both,TrainerItemDB,REWARD_ITEM_CANDIDATE,single-player AddItem path; persistence unverified
item_2109680490,2109680490,Items.2109680490,Items.2109680490,ctOS_Breach.ctOs_Breach_011.ctOS_Breach_011_BLOCKED,mission_tokens,both,TrainerItemDB,REWARD_ITEM_CANDIDATE,single-player AddItem path; persistence unverified
item_3754298837,3754298837,Items.3754298837,Items.3754298837,ctOS_Breach.ctOs_Breach_012,mission_tokens,both,TrainerItemDB,REWARD_ITEM_CANDIDATE,single-player AddItem path; persistence unverified
item_1910481404,1910481404,Items.1910481404,Items.1910481404,ctOS_Breach.ctOs_Breach_012.ctOS_Breach_012_BLOCKED,mission_tokens,both,TrainerItemDB,REWARD_ITEM_CANDIDATE,single-player AddItem path; persistence unverified
item_2831236419,2831236419,Items.2831236419,Items.2831236419,ctOS_Breach.ctOs_Breach_013,mission_tokens,both,TrainerItemDB,REWARD_ITEM_CANDIDATE,single-player AddItem path; persistence unverified
item_3274646961,3274646961,Items.3274646961,Items.3274646961,ctOS_Breach.ctOs_Breach_013.ctOS_Breach_013_BLOCKED,mission_tokens,both,TrainerItemDB,REWARD_ITEM_CANDIDATE,single-player AddItem path; persistence unverified
item_916826336,916826336,Items.916826336,Items.916826336,ctOS_Breach.ctOs_Breach_014,mission_tokens,both,TrainerItemDB,REWARD_ITEM_CANDIDATE,single-player AddItem path; persistence unverified
item_1763620048,1763620048,Items.1763620048,Items.1763620048,ctOS_Breach.ctOs_Breach_014.ctOS_Breach_014_BLOCKED,mission_tokens,both,TrainerItemDB,REWARD_ITEM_CANDIDATE,single-player AddItem path; persistence unverified
item_1101174902,1101174902,Items.1101174902,Items.1101174902,ctOS_Breach.ctOs_Breach_015,mission_tokens,both,TrainerItemDB,REWARD_ITEM_CANDIDATE,single-player AddItem path; persistence unverified
item_3689820317,3689820317,Items.3689820317,Items.3689820317,ctOS_Breach.ctOs_Breach_015.ctOS_Breach_015_BLOCKED,mission_tokens,both,TrainerItemDB,REWARD_ITEM_CANDIDATE,single-player AddItem path; persistence unverified
item_2947348826,2947348826,Items.2947348826,Items.2947348826,ctOS_Breach.ctOs_Breach_017,mission_tokens,both,TrainerItemDB,REWARD_ITEM_CANDIDATE,single-player AddItem path; persistence unverified
item_1702772294,1702772294,Items.1702772294,Items.1702772294,ctOS_Breach.ctOs_Breach_017.ctOS_Breach_017_BLOCKED,mission_tokens,both,TrainerItemDB,REWARD_ITEM_CANDIDATE,single-player AddItem path; persistence unverified
item_2640026921,2640026921,Items.2640026921,Items.2640026921,dlc01_DLC_End_Of_Campaign,mission_tokens,dlc_solo,TrainerItemDB,REWARD_ITEM_CANDIDATE,single-player AddItem path; persistence unverified
item_1218264274,1218264274,Items.1218264274,Items.1218264274,dlc01_DLC_End_Of_DLC_M03,mission_tokens,dlc_solo,TrainerItemDB,REWARD_ITEM_CANDIDATE,single-player AddItem path; persistence unverified
item_2083156374,2083156374,Items.2083156374,Items.2083156374,dlc01_DLC_FastTravel_Activate,mission_tokens,dlc_solo,TrainerItemDB,REWARD_ITEM_CANDIDATE,single-player AddItem path; persistence unverified
item_1316117913,1316117913,Items.1316117913,Items.1316117913,dlc01_DLC_M00_IfNecessary01,mission_tokens,dlc_solo,TrainerItemDB,REWARD_ITEM_CANDIDATE,single-player AddItem path; persistence unverified
item_3615165475,3615165475,Items.3615165475,Items.3615165475,dlc01_DLC_M00_IfNecessary02,mission_tokens,dlc_solo,TrainerItemDB,REWARD_ITEM_CANDIDATE,single-player AddItem path; persistence unverified
item_120123564,120123564,Items.120123564,Items.120123564,dlc01_DLC_M01_Bed,mission_tokens,dlc_solo,TrainerItemDB,REWARD_ITEM_CANDIDATE,single-player AddItem path; persistence unverified
item_4165247771,4165247771,Items.4165247771,Items.4165247771,dlc01_DLC_M01_Safe_Empty,mission_tokens,dlc_solo,TrainerItemDB,REWARD_ITEM_CANDIDATE,single-player AddItem path; persistence unverified
item_3148508032,3148508032,Items.3148508032,Items.3148508032,dlc01_DLC_M01_Safe_Opened,mission_tokens,dlc_solo,TrainerItemDB,REWARD_ITEM_CANDIDATE,single-player AddItem path; persistence unverified
item_3838980329,3838980329,Items.3838980329,Items.3838980329,dlc01_DLC_M01_Trap01,mission_tokens,dlc_solo,TrainerItemDB,REWARD_ITEM_CANDIDATE,single-player AddItem path; persistence unverified
item_2111529299,2111529299,Items.2111529299,Items.2111529299,dlc01_DLC_M01_Trap02,mission_tokens,dlc_solo,TrainerItemDB,REWARD_ITEM_CANDIDATE,single-player AddItem path; persistence unverified
item_1541617129,1541617129,Items.1541617129,Items.1541617129,dlc01_DLC_M02_PhoneCall,mission_tokens,dlc_solo,TrainerItemDB,REWARD_ITEM_CANDIDATE,single-player AddItem path; persistence unverified
item_463595943,463595943,Items.463595943,Items.463595943,dlc01_DLC_M03_ToyCarPerkUnlock,mission_tokens,dlc_solo,TrainerItemDB,REWARD_ITEM_CANDIDATE,single-player AddItem path; persistence unverified
item_1840116515,1840116515,Items.1840116515,Items.1840116515,dlc01_DLC_M09_Lift,mission_tokens,dlc_solo,TrainerItemDB,REWARD_ITEM_CANDIDATE,single-player AddItem path; persistence unverified
item_2838350002,2838350002,Items.2838350002,Items.2838350002,dlc01_DLC_SI01_Activated,mission_tokens,dlc_solo,TrainerItemDB,REWARD_ITEM_CANDIDATE,single-player AddItem path; persistence unverified
item_2748933953,2748933953,Items.2748933953,Items.2748933953,dlc01_DLC_SI01_Completed,mission_tokens,dlc_solo,TrainerItemDB,REWARD_ITEM_CANDIDATE,single-player AddItem path; persistence unverified
item_818917043,818917043,Items.818917043,Items.818917043,dlc01_DLC_SI02_Activated,mission_tokens,dlc_solo,TrainerItemDB,REWARD_ITEM_CANDIDATE,single-player AddItem path; persistence unverified
item_976945472,976945472,Items.976945472,Items.976945472,dlc01_DLC_SI02_Completed,mission_tokens,dlc_solo,TrainerItemDB,REWARD_ITEM_CANDIDATE,single-player AddItem path; persistence unverified
item_3528386771,3528386771,Items.3528386771,Items.3528386771,dlc01_DLC_SI_01_Launch,mission_tokens,dlc_solo,TrainerItemDB,REWARD_ITEM_CANDIDATE,single-player AddItem path; persistence unverified
item_3239907273,3239907273,Items.3239907273,Items.3239907273,dlc01_DLC_SI_01_Unlock,mission_tokens,dlc_solo,TrainerItemDB,REWARD_ITEM_CANDIDATE,single-player AddItem path; persistence unverified
item_1624959602,1624959602,Items.1624959602,Items.1624959602,dlc01_DLC_SI_02_DamQRCode,mission_tokens,dlc_solo,TrainerItemDB,REWARD_ITEM_CANDIDATE,single-player AddItem path; persistence unverified
item_2369986443,2369986443,Items.2369986443,Items.2369986443,dlc01_DLC_SI_02_DeadBodies,mission_tokens,dlc_solo,TrainerItemDB,REWARD_ITEM_CANDIDATE,single-player AddItem path; persistence unverified
item_1556213552,1556213552,Items.1556213552,Items.1556213552,dlc01_DLC_SI_02_Launch,mission_tokens,dlc_solo,TrainerItemDB,REWARD_ITEM_CANDIDATE,single-player AddItem path; persistence unverified
item_422467000,422467000,Items.422467000,Items.422467000,dlc01_IC_ClubThugConvo,mission_tokens,dlc_solo,TrainerItemDB,REWARD_ITEM_CANDIDATE,single-player AddItem path; persistence unverified
item_3271183519,3271183519,Items.3271183519,Items.3271183519,dlc01_REWARD_DefaltDecoy,mission_tokens,dlc_solo,TrainerItemDB,REWARD_ITEM_CANDIDATE,single-player AddItem path; persistence unverified
item_2215705141,2215705141,Items.2215705141,Items.2215705141,dlc01_SI01_All,mission_tokens,dlc_solo,TrainerItemDB,REWARD_ITEM_CANDIDATE,single-player AddItem path; persistence unverified
item_3961167741,3961167741,Items.3961167741,Items.3961167741,dlc01_SI01_HackerHacked,mission_tokens,dlc_solo,TrainerItemDB,REWARD_ITEM_CANDIDATE,single-player AddItem path; persistence unverified
item_3523109390,3523109390,Items.3523109390,Items.3523109390,dlc01_SI01_None,mission_tokens,dlc_solo,TrainerItemDB,REWARD_ITEM_CANDIDATE,single-player AddItem path; persistence unverified
item_3283124453,3283124453,Items.3283124453,Items.3283124453,dlc01_SI02_All,mission_tokens,dlc_solo,TrainerItemDB,REWARD_ITEM_CANDIDATE,single-player AddItem path; persistence unverified
item_977881465,977881465,Items.977881465,Items.977881465,dlc01_SI02_DeadBody_SMS01,mission_tokens,dlc_solo,TrainerItemDB,REWARD_ITEM_CANDIDATE,single-player AddItem path; persistence unverified
item_2424027814,2424027814,Items.2424027814,Items.2424027814,dlc01_SI02_HackerHacked,mission_tokens,dlc_solo,TrainerItemDB,REWARD_ITEM_CANDIDATE,single-player AddItem path; persistence unverified
item_2030608826,2030608826,Items.2030608826,Items.2030608826,dlc01_SI02_Hacker_SMS01,mission_tokens,dlc_solo,TrainerItemDB,REWARD_ITEM_CANDIDATE,single-player AddItem path; persistence unverified
item_1466568864,1466568864,Items.1466568864,Items.1466568864,dlc01_SI02_None,mission_tokens,dlc_solo,TrainerItemDB,REWARD_ITEM_CANDIDATE,single-player AddItem path; persistence unverified
item_2654559308,2654559308,Items.2654559308,Items.2654559308,event_manager,mission_tokens,both,TrainerItemDB,REWARD_ITEM_CANDIDATE,single-player AddItem path; persistence unverified
item_4180198374,4180198374,Items.4180198374,Items.4180198374,event_manager.Last_ConvoyUnlock,mission_tokens,both,TrainerItemDB,REWARD_ITEM_CANDIDATE,single-player AddItem path; persistence unverified
item_1607992295,1607992295,Items.1607992295,Items.1607992295,event_manager.act1,mission_tokens,both,TrainerItemDB,REWARD_ITEM_CANDIDATE,single-player AddItem path; persistence unverified
item_3335606877,3335606877,Items.3335606877,Items.3335606877,event_manager.act2,mission_tokens,both,TrainerItemDB,REWARD_ITEM_CANDIDATE,single-player AddItem path; persistence unverified
item_2983617227,2983617227,Items.2983617227,Items.2983617227,event_manager.act3,mission_tokens,both,TrainerItemDB,REWARD_ITEM_CANDIDATE,single-player AddItem path; persistence unverified
item_800257896,800257896,Items.800257896,Items.800257896,event_manager.act4,mission_tokens,both,TrainerItemDB,REWARD_ITEM_CANDIDATE,single-player AddItem path; persistence unverified
item_1488308222,1488308222,Items.1488308222,Items.1488308222,event_manager.act5,mission_tokens,both,TrainerItemDB,REWARD_ITEM_CANDIDATE,single-player AddItem path; persistence unverified
item_1564937287,1564937287,Items.1564937287,Items.1564937287,event_manager.driving_hard,mission_tokens,both,TrainerItemDB,REWARD_ITEM_CANDIDATE,single-player AddItem path; persistence unverified
item_1325131364,1325131364,Items.1325131364,Items.1325131364,event_manager.driving_medium,mission_tokens,both,TrainerItemDB,REWARD_ITEM_CANDIDATE,single-player AddItem path; persistence unverified
item_140389083,140389083,Items.140389083,Items.140389083,event_manager.first_combat_lair,mission_tokens,both,TrainerItemDB,REWARD_ITEM_CANDIDATE,single-player AddItem path; persistence unverified
item_3355589508,3355589508,Items.3355589508,Items.3355589508,event_manager.first_convoys,mission_tokens,both,TrainerItemDB,REWARD_ITEM_CANDIDATE,single-player AddItem path; persistence unverified
item_681055341,681055341,Items.681055341,Items.681055341,event_manager.first_driving_contracts,mission_tokens,both,TrainerItemDB,REWARD_ITEM_CANDIDATE,single-player AddItem path; persistence unverified
item_892996387,892996387,Items.892996387,Items.892996387,event_manager.first_mob_traps,mission_tokens,both,TrainerItemDB,REWARD_ITEM_CANDIDATE,single-player AddItem path; persistence unverified
item_200472457,200472457,Items.200472457,Items.200472457,event_manager.vigilante_bags,mission_tokens,both,TrainerItemDB,REWARD_ITEM_CANDIDATE,single-player AddItem path; persistence unverified
item_629557886,629557886,Items.629557886,Items.629557886,ic_xa01_m09_sc010_com_helenatuccicall,mission_tokens,both,TrainerItemDB,REWARD_ITEM_CANDIDATE,single-player AddItem path; persistence unverified
item_10082844,10082844,Items.10082844,Items.10082844,interceptor,mission_tokens,both,TrainerItemDB,REWARD_ITEM_CANDIDATE,single-player AddItem path; persistence unverified
item_2558432537,2558432537,Items.2558432537,Items.2558432537,interceptor.01,mission_tokens,both,TrainerItemDB,REWARD_ITEM_CANDIDATE,single-player AddItem path; persistence unverified
item_24626339,24626339,Items.24626339,Items.24626339,interceptor.02,mission_tokens,both,TrainerItemDB,REWARD_ITEM_CANDIDATE,single-player AddItem path; persistence unverified
item_1987114037,1987114037,Items.1987114037,Items.1987114037,interceptor.03,mission_tokens,both,TrainerItemDB,REWARD_ITEM_CANDIDATE,single-player AddItem path; persistence unverified
item_3893649814,3893649814,Items.3893649814,Items.3893649814,interceptor.04,mission_tokens,both,TrainerItemDB,REWARD_ITEM_CANDIDATE,single-player AddItem path; persistence unverified
item_2668843264,2668843264,Items.2668843264,Items.2668843264,interceptor.05,mission_tokens,both,TrainerItemDB,REWARD_ITEM_CANDIDATE,single-player AddItem path; persistence unverified
item_102367418,102367418,Items.102367418,Items.102367418,interceptor.06,mission_tokens,both,TrainerItemDB,REWARD_ITEM_CANDIDATE,single-player AddItem path; persistence unverified
item_1897738284,1897738284,Items.1897738284,Items.1897738284,interceptor.07,mission_tokens,both,TrainerItemDB,REWARD_ITEM_CANDIDATE,single-player AddItem path; persistence unverified
item_3785502141,3785502141,Items.3785502141,Items.3785502141,interceptor.08,mission_tokens,both,TrainerItemDB,REWARD_ITEM_CANDIDATE,single-player AddItem path; persistence unverified
item_2527403307,2527403307,Items.2527403307,Items.2527403307,interceptor.09,mission_tokens,both,TrainerItemDB,REWARD_ITEM_CANDIDATE,single-player AddItem path; persistence unverified
item_409794018,409794018,Items.409794018,Items.409794018,interceptor.12,mission_tokens,both,TrainerItemDB,REWARD_ITEM_CANDIDATE,single-player AddItem path; persistence unverified
item_1869333876,1869333876,Items.1869333876,Items.1869333876,interceptor.13,mission_tokens,both,TrainerItemDB,REWARD_ITEM_CANDIDATE,single-player AddItem path; persistence unverified
item_4044312791,4044312791,Items.4044312791,Items.4044312791,interceptor.14,mission_tokens,both,TrainerItemDB,REWARD_ITEM_CANDIDATE,single-player AddItem path; persistence unverified
item_2248695873,2248695873,Items.2248695873,Items.2248695873,interceptor.15,mission_tokens,both,TrainerItemDB,REWARD_ITEM_CANDIDATE,single-player AddItem path; persistence unverified
item_520172027,520172027,Items.520172027,Items.520172027,interceptor.16,mission_tokens,both,TrainerItemDB,REWARD_ITEM_CANDIDATE,single-player AddItem path; persistence unverified
item_1745224045,1745224045,Items.1745224045,Items.1745224045,interceptor.17,mission_tokens,both,TrainerItemDB,REWARD_ITEM_CANDIDATE,single-player AddItem path; persistence unverified
item_4172881148,4172881148,Items.4172881148,Items.4172881148,interceptor.18,mission_tokens,both,TrainerItemDB,REWARD_ITEM_CANDIDATE,single-player AddItem path; persistence unverified
item_2411605098,2411605098,Items.2411605098,Items.2411605098,interceptor.19,mission_tokens,both,TrainerItemDB,REWARD_ITEM_CANDIDATE,single-player AddItem path; persistence unverified
item_186098922,186098922,Items.186098922,Items.186098922,lair1,mission_tokens,both,TrainerItemDB,REWARD_ITEM_CANDIDATE,single-player AddItem path; persistence unverified
item_3020932067,3020932067,Items.3020932067,Items.3020932067,lair10,mission_tokens,both,TrainerItemDB,REWARD_ITEM_CANDIDATE,single-player AddItem path; persistence unverified
item_3272143733,3272143733,Items.3272143733,Items.3272143733,lair11,mission_tokens,both,TrainerItemDB,REWARD_ITEM_CANDIDATE,single-player AddItem path; persistence unverified
item_1510056655,1510056655,Items.1510056655,Items.1510056655,lair12,mission_tokens,both,TrainerItemDB,REWARD_ITEM_CANDIDATE,single-player AddItem path; persistence unverified
item_3009546234,3009546234,Items.3009546234,Items.3009546234,lair14,mission_tokens,both,TrainerItemDB,REWARD_ITEM_CANDIDATE,single-player AddItem path; persistence unverified
item_3294967660,3294967660,Items.3294967660,Items.3294967660,lair15,mission_tokens,both,TrainerItemDB,REWARD_ITEM_CANDIDATE,single-player AddItem path; persistence unverified
item_1567385302,1567385302,Items.1567385302,Items.1567385302,lair16,mission_tokens,both,TrainerItemDB,REWARD_ITEM_CANDIDATE,single-player AddItem path; persistence unverified
item_711677504,711677504,Items.711677504,Items.711677504,lair17,mission_tokens,both,TrainerItemDB,REWARD_ITEM_CANDIDATE,single-player AddItem path; persistence unverified
item_2451502416,2451502416,Items.2451502416,Items.2451502416,lair2,mission_tokens,both,TrainerItemDB,REWARD_ITEM_CANDIDATE,single-player AddItem path; persistence unverified
item_3843671494,3843671494,Items.3843671494,Items.3843671494,lair3,mission_tokens,both,TrainerItemDB,REWARD_ITEM_CANDIDATE,single-player AddItem path; persistence unverified
item_2071810149,2071810149,Items.2071810149,Items.2071810149,lair4,mission_tokens,both,TrainerItemDB,REWARD_ITEM_CANDIDATE,single-player AddItem path; persistence unverified
item_209346803,209346803,Items.209346803,Items.209346803,lair5,mission_tokens,both,TrainerItemDB,REWARD_ITEM_CANDIDATE,single-player AddItem path; persistence unverified
item_2507354441,2507354441,Items.2507354441,Items.2507354441,lair6,mission_tokens,both,TrainerItemDB,REWARD_ITEM_CANDIDATE,single-player AddItem path; persistence unverified
item_3799253471,3799253471,Items.3799253471,Items.3799253471,lair7,mission_tokens,both,TrainerItemDB,REWARD_ITEM_CANDIDATE,single-player AddItem path; persistence unverified
item_1925913678,1925913678,Items.1925913678,Items.1925913678,lair8,mission_tokens,both,TrainerItemDB,REWARD_ITEM_CANDIDATE,single-player AddItem path; persistence unverified
item_97266904,97266904,Items.97266904,Items.97266904,lair9,mission_tokens,both,TrainerItemDB,REWARD_ITEM_CANDIDATE,single-player AddItem path; persistence unverified
item_2293765000,2293765000,Items.2293765000,Items.2293765000,phone_buyer,mission_tokens,both,TrainerItemDB,REWARD_ITEM_CANDIDATE,single-player AddItem path; persistence unverified
item_1739565446,1739565446,Items.1739565446,Items.1739565446,phone_buyer.1,mission_tokens,both,TrainerItemDB,REWARD_ITEM_CANDIDATE,single-player AddItem path; persistence unverified
item_3250789001,3250789001,Items.3250789001,Items.3250789001,phone_buyer.10,mission_tokens,both,TrainerItemDB,REWARD_ITEM_CANDIDATE,single-player AddItem path; persistence unverified
item_878969746,878969746,Items.878969746,Items.878969746,phone_buyer.2,mission_tokens,both,TrainerItemDB,REWARD_ITEM_CANDIDATE,single-player AddItem path; persistence unverified
item_3708266151,3708266151,Items.3708266151,Items.3708266151,phone_buyer.4,mission_tokens,both,TrainerItemDB,REWARD_ITEM_CANDIDATE,single-player AddItem path; persistence unverified
item_856278923,856278923,Items.856278923,Items.856278923,phone_buyer.6,mission_tokens,both,TrainerItemDB,REWARD_ITEM_CANDIDATE,single-player AddItem path; persistence unverified
item_1141831453,1141831453,Items.1141831453,Items.1141831453,phone_buyer.7,mission_tokens,both,TrainerItemDB,REWARD_ITEM_CANDIDATE,single-player AddItem path; persistence unverified
item_3433468966,3433468966,Items.3433468966,Items.3433468966,test,mission_tokens,both,TrainerItemDB,REWARD_ITEM_CANDIDATE,single-player AddItem path; persistence unverified
item_906262537,906262537,Items.906262537,Items.906262537,text_buyer,mission_tokens,both,TrainerItemDB,REWARD_ITEM_CANDIDATE,single-player AddItem path; persistence unverified
item_2048003718,2048003718,Items.2048003718,Items.2048003718,text_buyer.3,mission_tokens,both,TrainerItemDB,REWARD_ITEM_CANDIDATE,single-player AddItem path; persistence unverified
item_2473700275,2473700275,Items.2473700275,Items.2473700275,text_buyer.5,mission_tokens,both,TrainerItemDB,REWARD_ITEM_CANDIDATE,single-player AddItem path; persistence unverified
item_3988838158,3988838158,Items.3988838158,Items.3988838158,text_buyer.8,mission_tokens,both,TrainerItemDB,REWARD_ITEM_CANDIDATE,single-player AddItem path; persistence unverified
item_2596792216,2596792216,Items.2596792216,Items.2596792216,text_buyer.9,mission_tokens,both,TrainerItemDB,REWARD_ITEM_CANDIDATE,single-player AddItem path; persistence unverified
